instrument,model,horizon,kind,row_index,timestamp,pre_label,post_label,class
gc,LightGBM,5,only_pre,53258,2025-08-12T14:35:08.964227893,1,,boundary
gc,LightGBM,5,only_pre,79944,2025-08-14T20:34:58.526145625,1,,boundary
gc,LightGBM,5,only_pre,124310,2025-08-22T13:38:02.000000000,1,,boundary
gc,LightGBM,5,only_pre,145621,2025-08-25T13:31:46.088506459,0,,interior
gc,LightGBM,5,only_pre,147457,2025-08-26T19:15:24.000000000,0,,boundary
gc,LightGBM,5,only_pre,176941,2025-08-29T15:19:56.122937113,1,,boundary
gc,LightGBM,5,only_pre,192845,2025-09-01T13:00:00.256114953,1,,boundary
gc,LightGBM,5,only_pre,192850,2025-09-02T20:31:59.393128243,0,,boundary
gc,LightGBM,5,only_pre,217349,2025-09-05T16:37:37.047058913,0,,boundary
gc,LightGBM,5,only_pre,249273,2025-09-10T14:37:20.279630421,0,,boundary
gc,LightGBM,5,only_pre,278283,2025-09-12T20:54:21.820982659,1,,boundary
gc,LightGBM,5,only_pre,306410,2025-09-17T17:14:08.000000000,0,,boundary
gc,LightGBM,5,only_pre,333001,2025-09-18T15:05:07.793936649,0,,interior
gc,LightGBM,5,only_pre,333580,2025-09-22T13:34:15.286173371,0,,boundary
gc,LightGBM,5,only_pre,365329,2025-09-24T18:17:48.945301191,0,,boundary
gc,LightGBM,5,only_pre,428269,2025-10-02T18:46:46.332223451,1,,boundary
gc,LightGBM,5,only_pre,487938,2025-10-10T13:54:39.000000000,1,,boundary
gc,LightGBM,5,only_pre,514571,2025-10-13T13:38:09.205204823,0,,interior
gc,LightGBM,5,only_pre,515325,2025-10-14T19:38:21.479286837,0,,boundary
gc,LightGBM,5,only_pre,547916,2025-10-17T17:48:34.266647301,1,,boundary
gc,LightGBM,5,only_pre,580244,2025-10-22T13:41:20.583366001,1,,boundary
gc,LightGBM,5,only_pre,640733,2025-10-29T14:43:13.242935715,1,,boundary
gc,LightGBM,5,only_pre,667639,2025-10-30T13:31:54.677553129,1,,interior
gc,LightGBM,5,only_pre,668505,2025-10-31T20:10:25.805899605,1,,boundary
gc,LightGBM,5,only_pre,670855,2025-11-04T17:33:07.000000000,0,,boundary
gc,LightGBM,5,only_pre,703074,2025-11-06T21:14:08.820196825,0,,boundary
gc,LightGBM,5,only_pre,736844,2025-11-11T17:07:42.577462269,1,,boundary
gc,LightGBM,5,only_pre,767719,2025-11-13T20:24:01.992227093,1,,boundary
gc,LightGBM,5,only_pre,801671,2025-11-18T16:20:44.000000000,0,,boundary
gc,LightGBM,5,only_pre,831428,2025-11-20T20:49:43.941427147,0,,boundary
gc,LightGBM,5,only_pre,867467,2025-11-25T18:09:36.971476095,0,,boundary
gc,LightGBM,5,only_pre,885276,2025-11-28T18:33:11.239501017,0,,boundary
gc,LightGBM,5,only_pre,887550,2025-12-02T17:37:26.335659179,0,,boundary
gc,LightGBM,5,only_pre,919591,2025-12-04T20:22:41.368322585,0,,boundary
gc,LightGBM,5,only_pre,952681,2025-12-09T16:17:09.972990023,1,,boundary
gc,LightGBM,5,only_pre,986828,2025-12-11T20:26:59.743400297,0,,boundary
gc,LightGBM,5,only_pre,1019577,2025-12-16T15:17:39.092966079,1,,boundary
gc,LightGBM,5,only_pre,1049208,2025-12-18T18:33:27.069700673,1,,boundary
gc,LightGBM,5,only_pre,1083245,2025-12-23T13:58:49.545552863,0,,boundary
gc,LightGBM,5,only_pre,1115871,2025-12-26T21:33:55.768526025,1,,boundary
gc,LightGBM,5,only_pre,1149775,2025-12-31T16:48:40.827704005,0,,boundary
gc,LightGBM,5,only_post,1655,2025-08-01T13:29:15.407995871,,1,boundary
gc,LightGBM,5,only_post,26021,2025-08-05T17:58:22.654299487,,1,boundary
gc,LightGBM,5,only_post,53260,2025-08-08T17:34:46.509911973,,1,boundary
gc,LightGBM,5,only_post,79946,2025-08-13T15:10:14.000000000,,1,boundary
gc,LightGBM,5,only_post,124312,2025-08-20T16:06:55.000000000,,0,boundary
gc,LightGBM,5,only_post,145623,2025-08-25T13:31:41.088506459,,0,interior
gc,LightGBM,5,only_post,147459,2025-08-25T14:02:03.088506459,,1,boundary
gc,LightGBM,5,only_post,176943,2025-08-27T18:31:44.000000000,,0,boundary
gc,LightGBM,5,only_post,192851,2025-09-01T13:00:03.580780791,,0,boundary
gc,LightGBM,5,only_post,217350,2025-09-03T19:05:24.247841963,,0,boundary
gc,LightGBM,5,only_post,249274,2025-09-08T17:23:31.267878461,,1,boundary
gc,LightGBM,5,only_post,278284,2025-09-11T14:29:09.800942713,,1,boundary
gc,LightGBM,5,only_post,306411,2025-09-15T20:10:02.720847279,,0,boundary
gc,LightGBM,5,only_post,333002,2025-09-18T15:05:02.793936649,,0,interior
gc,LightGBM,5,only_post,333581,2025-09-18T15:13:57.793936649,,0,boundary
gc,LightGBM,5,only_post,365330,2025-09-23T13:01:38.948514245,,0,boundary
gc,LightGBM,5,only_post,395788,2025-09-25T18:08:35.000000000,,0,boundary
gc,LightGBM,5,only_post,425212,2025-09-30T16:54:32.391442679,,0,boundary
gc,LightGBM,5,only_post,428272,2025-10-01T13:49:06.416874999,,0,boundary
gc,LightGBM,5,only_post,456862,2025-10-03T19:34:16.861275435,,1,boundary
gc,LightGBM,5,only_post,487942,2025-10-08T16:43:43.415525257,,0,boundary
gc,LightGBM,5,only_post,514575,2025-10-13T13:38:04.205204823,,1,interior
gc,LightGBM,5,only_post,515329,2025-10-13T13:51:21.205204823,,0,boundary
gc,LightGBM,5,only_post,547920,2025-10-15T19:54:47.890003513,,0,boundary
gc,LightGBM,5,only_post,580248,2025-10-20T18:25:21.045288267,,0,boundary
gc,LightGBM,5,only_post,610120,2025-10-22T20:41:07.222177379,,1,boundary
gc,LightGBM,5,only_post,640738,2025-10-27T18:05:29.146237249,,0,boundary
gc,LightGBM,5,only_post,667644,2025-10-30T13:31:49.677553129,,1,interior
gc,LightGBM,5,only_post,703077,2025-11-05T17:10:33.379776509,,1,boundary
gc,LightGBM,5,only_post,736847,2025-11-10T13:51:44.348728625,,0,boundary
gc,LightGBM,5,only_post,767722,2025-11-12T16:34:59.646957411,,1,boundary
gc,LightGBM,5,only_post,831430,2025-11-19T15:51:46.000000000,,0,boundary
gc,LightGBM,5,only_post,867468,2025-11-24T13:35:29.753373615,,1,boundary
gc,LightGBM,5,only_post,919591,2025-12-03T16:52:13.196461565,,0,boundary
gc,LightGBM,5,only_post,986827,2025-12-10T17:02:41.815472009,,0,boundary
gc,LightGBM,5,only_post,1019576,2025-12-12T20:39:33.014646257,,1,boundary
gc,LightGBM,5,only_post,1049207,2025-12-17T14:25:11.690198079,,0,boundary
gc,LightGBM,5,only_post,1083244,2025-12-19T19:14:07.227975955,,1,boundary
gc,LightGBM,5,only_post,1149773,2025-12-29T21:09:49.596165539,,1,boundary
gc,LightGBM,10,only_pre,0,2025-08-01T13:00:00.407995871,0,,boundary
gc,LightGBM,10,only_pre,1683,2025-08-04T18:53:41.643047429,1,,boundary
gc,LightGBM,10,only_pre,53193,2025-08-12T14:35:08.964227893,1,,boundary
gc,LightGBM,10,only_pre,125287,2025-08-22T13:38:02.000000000,1,,boundary
gc,LightGBM,10,only_pre,149206,2025-08-25T13:31:46.088506459,0,,interior
gc,LightGBM,10,only_pre,151016,2025-08-26T19:15:24.000000000,0,,boundary
gc,LightGBM,10,only_pre,174337,2025-08-29T15:19:56.122937113,1,,boundary
gc,LightGBM,10,only_pre,191854,2025-09-01T13:00:00.256114953,0,,boundary
gc,LightGBM,10,only_pre,191859,2025-09-02T20:31:59.393128243,0,,boundary
gc,LightGBM,10,only_pre,214473,2025-09-05T16:37:37.047058913,0,,boundary
gc,LightGBM,10,only_pre,270224,2025-09-12T20:54:21.820982659,1,,boundary
gc,LightGBM,10,only_pre,317920,2025-09-18T15:05:07.793936649,1,,interior
gc,LightGBM,10,only_pre,318440,2025-09-22T13:34:15.286173371,0,,boundary
gc,LightGBM,10,only_pre,342948,2025-09-24T18:17:48.945301191,0,,boundary
gc,LightGBM,10,only_pre,369705,2025-09-29T16:12:06.067410145,1,,boundary
gc,LightGBM,10,only_pre,398215,2025-10-01T13:00:00.416874999,1,,boundary
gc,LightGBM,10,only_pre,401156,2025-10-02T18:46:46.332223451,1,,boundary
gc,LightGBM,10,only_pre,429778,2025-10-07T16:19:15.032384765,1,,boundary
gc,LightGBM,10,only_pre,458326,2025-10-10T13:54:39.000000000,1,,boundary
gc,LightGBM,10,only_pre,485467,2025-10-13T13:38:09.205204823,0,,interior
gc,LightGBM,10,only_pre,486248,2025-10-14T19:38:21.479286837,1,,boundary
gc,LightGBM,10,only_pre,515843,2025-10-17T17:48:34.266647301,1,,boundary
gc,LightGBM,10,only_pre,546609,2025-10-22T13:41:20.583366001,1,,boundary
gc,LightGBM,10,only_pre,573242,2025-10-24T18:35:46.000000000,1,,boundary
gc,LightGBM,10,only_pre,601382,2025-10-29T14:43:13.242935715,1,,boundary
gc,LightGBM,10,only_pre,626385,2025-10-30T13:31:54.677553129,1,,interior
gc,LightGBM,10,only_pre,627269,2025-10-31T20:10:25.805899605,1,,boundary
gc,LightGBM,10,only_pre,629897,2025-11-04T17:33:07.000000000,0,,boundary
gc,LightGBM,10,only_pre,660520,2025-11-06T21:14:08.820196825,0,,boundary
gc,LightGBM,10,only_pre,696099,2025-11-11T17:07:42.577462269,0,,boundary
gc,LightGBM,10,only_pre,725110,2025-11-13T20:24:01.992227093,0,,boundary
gc,LightGBM,10,only_pre,759180,2025-11-18T16:20:44.000000000,0,,boundary
gc,LightGBM,10,only_pre,825351,2025-11-25T18:09:36.971476095,0,,boundary
gc,LightGBM,10,only_pre,847327,2025-11-28T18:33:11.239501017,0,,boundary
gc,LightGBM,10,only_pre,850363,2025-12-02T17:37:26.335659179,0,,boundary
gc,LightGBM,10,only_pre,879937,2025-12-04T20:22:41.368322585,1,,boundary
gc,LightGBM,10,only_pre,914310,2025-12-09T16:17:09.972990023,0,,boundary
gc,LightGBM,10,only_pre,947370,2025-12-11T20:26:59.743400297,1,,boundary
gc,LightGBM,10,only_pre,978985,2025-12-16T15:17:39.092966079,1,,boundary
gc,LightGBM,10,only_pre,1007266,2025-12-18T18:33:27.069700673,1,,boundary
gc,LightGBM,10,only_pre,1039806,2025-12-23T13:58:49.545552863,0,,boundary
gc,LightGBM,10,only_pre,1072204,2025-12-26T21:33:55.768526025,1,,boundary
gc,LightGBM,10,only_pre,1104393,2025-12-31T16:48:40.827704005,1,,boundary
gc,LightGBM,10,only_post,1682,2025-08-01T13:29:15.407995871,,1,boundary
gc,LightGBM,10,only_post,24199,2025-08-05T17:58:22.654299487,,1,boundary
gc,LightGBM,10,only_post,53193,2025-08-08T17:34:46.509911973,,1,boundary
gc,LightGBM,10,only_post,80535,2025-08-13T15:10:14.000000000,,1,boundary
gc,LightGBM,10,only_post,104446,2025-08-17T21:19:05.725113995,,1,boundary
gc,LightGBM,10,only_post,125289,2025-08-20T16:06:55.000000000,,0,boundary
gc,LightGBM,10,only_post,149208,2025-08-25T13:31:41.088506459,,0,interior
gc,LightGBM,10,only_post,151018,2025-08-25T14:02:03.088506459,,1,boundary
gc,LightGBM,10,only_post,174339,2025-08-27T18:31:44.000000000,,0,boundary
gc,LightGBM,10,only_post,191860,2025-09-01T13:00:03.580780791,,0,boundary
gc,LightGBM,10,only_post,214474,2025-09-03T19:05:24.247841963,,0,boundary
gc,LightGBM,10,only_post,244696,2025-09-08T17:23:31.267878461,,0,boundary
gc,LightGBM,10,only_post,295982,2025-09-15T20:10:02.720847279,,1,boundary
gc,LightGBM,10,only_post,317922,2025-09-18T15:05:02.793936649,,0,interior
gc,LightGBM,10,only_post,318442,2025-09-18T15:13:57.793936649,,1,boundary
gc,LightGBM,10,only_post,342950,2025-09-23T13:01:38.948514245,,0,boundary
gc,LightGBM,10,only_post,369707,2025-09-25T18:08:35.000000000,,0,boundary
gc,LightGBM,10,only_post,401157,2025-10-01T13:49:06.416874999,,0,boundary
gc,LightGBM,10,only_post,429779,2025-10-03T19:34:16.861275435,,1,boundary
gc,LightGBM,10,only_post,458327,2025-10-08T16:43:43.415525257,,0,boundary
gc,LightGBM,10,only_post,485468,2025-10-13T13:38:04.205204823,,0,interior
gc,LightGBM,10,only_post,486249,2025-10-13T13:51:21.205204823,,1,boundary
gc,LightGBM,10,only_post,515844,2025-10-15T19:54:47.890003513,,0,boundary
gc,LightGBM,10,only_post,546610,2025-10-20T18:25:21.045288267,,0,boundary
gc,LightGBM,10,only_post,573243,2025-10-22T20:41:07.222177379,,1,boundary
gc,LightGBM,10,only_post,601383,2025-10-27T18:05:29.146237249,,1,boundary
gc,LightGBM,10,only_post,626386,2025-10-30T13:31:49.677553129,,1,interior
gc,LightGBM,10,only_post,627270,2025-10-30T13:46:46.677553129,,0,boundary
gc,LightGBM,10,only_post,660520,2025-11-05T17:10:33.379776509,,1,boundary
gc,LightGBM,10,only_post,725109,2025-11-12T16:34:59.646957411,,1,boundary
gc,LightGBM,10,only_post,759179,2025-11-14T21:12:13.351023217,,1,boundary
gc,LightGBM,10,only_post,788587,2025-11-19T15:51:46.000000000,,0,boundary
gc,LightGBM,10,only_post,879934,2025-12-03T16:52:13.196461565,,1,boundary
gc,LightGBM,10,only_post,914307,2025-12-05T21:41:20.033626701,,0,boundary
gc,LightGBM,10,only_post,947367,2025-12-10T17:02:41.815472009,,0,boundary
gc,LightGBM,10,only_post,978982,2025-12-12T20:39:33.014646257,,1,boundary
gc,LightGBM,10,only_post,1007263,2025-12-17T14:25:11.690198079,,0,boundary
gc,LightGBM,10,only_post,1039803,2025-12-19T19:14:07.227975955,,1,boundary
gc,LightGBM,10,only_post,1072201,2025-12-24T13:55:35.176321825,,1,boundary
gc,LightGBM,10,only_post,1104390,2025-12-29T21:09:49.596165539,,1,boundary
gc,LightGBM,30,only_pre,0,2025-08-01T13:00:00.407995871,1,,boundary
gc,LightGBM,30,only_pre,1721,2025-08-04T18:53:41.643047429,1,,boundary
gc,LightGBM,30,only_pre,26908,2025-08-07T16:32:16.921861077,1,,boundary
gc,LightGBM,30,only_pre,57735,2025-08-12T14:35:08.964227893,0,,boundary
gc,LightGBM,30,only_pre,114978,2025-08-19T17:08:51.056211205,1,,boundary
gc,LightGBM,30,only_pre,139071,2025-08-22T13:38:02.000000000,1,,boundary
gc,LightGBM,30,only_pre,165224,2025-08-25T13:31:46.088506459,1,,interior
gc,LightGBM,30,only_pre,167140,2025-08-26T19:15:24.000000000,0,,boundary
gc,LightGBM,30,only_pre,193628,2025-08-29T15:19:56.122937113,1,,boundary
gc,LightGBM,30,only_pre,212479,2025-09-01T13:00:00.256114953,0,,boundary
gc,LightGBM,30,only_pre,212484,2025-09-02T20:31:59.393128243,0,,boundary
gc,LightGBM,30,only_pre,236458,2025-09-05T16:37:37.047058913,0,,boundary
gc,LightGBM,30,only_pre,268853,2025-09-10T14:37:20.279630421,1,,boundary
gc,LightGBM,30,only_pre,297287,2025-09-12T20:54:21.820982659,0,,boundary
gc,LightGBM,30,only_pre,324686,2025-09-17T17:14:08.000000000,1,,boundary
gc,LightGBM,30,only_pre,347437,2025-09-18T15:05:07.793936649,1,,interior
gc,LightGBM,30,only_pre,348002,2025-09-22T13:34:15.286173371,0,,boundary
gc,LightGBM,30,only_pre,375487,2025-09-24T18:17:48.945301191,0,,boundary
gc,LightGBM,30,only_pre,404779,2025-09-29T16:12:06.067410145,1,,boundary
gc,LightGBM,30,only_pre,435238,2025-10-01T13:00:00.416874999,1,,boundary
gc,LightGBM,30,only_pre,468767,2025-10-07T16:19:15.032384765,1,,boundary
gc,LightGBM,30,only_pre,499510,2025-10-10T13:54:39.000000000,1,,boundary
gc,LightGBM,30,only_pre,527138,2025-10-13T13:38:09.205204823,0,,interior
gc,LightGBM,30,only_pre,527925,2025-10-14T19:38:21.479286837,1,,boundary
gc,LightGBM,30,only_pre,558872,2025-10-17T17:48:34.266647301,1,,boundary
gc,LightGBM,30,only_pre,590426,2025-10-22T13:41:20.583366001,1,,boundary
gc,LightGBM,30,only_pre,617434,2025-10-24T18:35:46.000000000,1,,boundary
gc,LightGBM,30,only_pre,646373,2025-10-29T14:43:13.242935715,1,,boundary
gc,LightGBM,30,only_pre,671895,2025-10-30T13:31:54.677553129,1,,interior
gc,LightGBM,30,only_pre,672785,2025-10-31T20:10:25.805899605,1,,boundary
gc,LightGBM,30,only_pre,675628,2025-11-04T17:33:07.000000000,0,,boundary
gc,LightGBM,30,only_pre,707373,2025-11-06T21:14:08.820196825,1,,boundary
gc,LightGBM,30,only_pre,744356,2025-11-11T17:07:42.577462269,1,,boundary
gc,LightGBM,30,only_pre,774776,2025-11-13T20:24:01.992227093,1,,boundary
gc,LightGBM,30,only_pre,809697,2025-11-18T16:20:44.000000000,1,,boundary
gc,LightGBM,30,only_pre,878253,2025-11-25T18:09:36.971476095,0,,boundary
gc,LightGBM,30,only_pre,906199,2025-11-28T18:33:11.239501017,0,,boundary
gc,LightGBM,30,only_pre,909992,2025-12-02T17:37:26.335659179,0,,boundary
gc,LightGBM,30,only_pre,941002,2025-12-04T20:22:41.368322585,1,,boundary
gc,LightGBM,30,only_pre,976970,2025-12-09T16:17:09.972990023,0,,boundary
gc,LightGBM,30,only_pre,1011981,2025-12-11T20:26:59.743400297,1,,boundary
gc,LightGBM,30,only_pre,1044656,2025-12-16T15:17:39.092966079,0,,boundary
gc,LightGBM,30,only_pre,1074509,2025-12-18T18:33:27.069700673,0,,boundary
gc,LightGBM,30,only_pre,1108745,2025-12-23T13:58:49.545552863,0,,boundary
gc,LightGBM,30,only_pre,1142419,2025-12-26T21:33:55.768526025,1,,boundary
gc,LightGBM,30,only_pre,1174804,2025-12-31T16:48:40.827704005,1,,boundary
gc,LightGBM,30,only_post,1720,2025-08-01T13:29:15.407995871,,0,boundary
gc,LightGBM,30,only_post,26907,2025-08-05T17:58:22.654299487,,1,boundary
gc,LightGBM,30,only_post,57734,2025-08-08T17:34:46.509911973,,1,boundary
gc,LightGBM,30,only_post,87696,2025-08-13T15:10:14.000000000,,1,boundary
gc,LightGBM,30,only_post,114978,2025-08-17T21:19:05.725113995,,0,boundary
gc,LightGBM,30,only_post,139071,2025-08-20T16:06:55.000000000,,0,boundary
gc,LightGBM,30,only_post,165224,2025-08-25T13:31:41.088506459,,0,interior
gc,LightGBM,30,only_post,167140,2025-08-25T14:02:03.088506459,,1,boundary
gc,LightGBM,30,only_post,193628,2025-08-27T18:31:44.000000000,,0,boundary
gc,LightGBM,30,only_post,212483,2025-09-01T13:00:03.580780791,,0,boundary
gc,LightGBM,30,only_post,236457,2025-09-03T19:05:24.247841963,,1,boundary
gc,LightGBM,30,only_post,268852,2025-09-08T17:23:31.267878461,,1,boundary
gc,LightGBM,30,only_post,324684,2025-09-15T20:10:02.720847279,,1,boundary
gc,LightGBM,30,only_post,347435,2025-09-18T15:05:02.793936649,,1,interior
gc,LightGBM,30,only_post,348000,2025-09-18T15:13:57.793936649,,1,boundary
gc,LightGBM,30,only_post,375485,2025-09-23T13:01:38.948514245,,0,boundary
gc,LightGBM,30,only_post,404777,2025-09-25T18:08:35.000000000,,0,boundary
gc,LightGBM,30,only_post,435236,2025-09-30T16:54:32.391442679,,0,boundary
gc,LightGBM,30,only_post,438257,2025-10-01T13:49:06.416874999,,0,boundary
gc,LightGBM,30,only_post,468766,2025-10-03T19:34:16.861275435,,1,boundary
gc,LightGBM,30,only_post,499509,2025-10-08T16:43:43.415525257,,0,boundary
gc,LightGBM,30,only_post,527137,2025-10-13T13:38:04.205204823,,0,interior
gc,LightGBM,30,only_post,558870,2025-10-15T19:54:47.890003513,,0,boundary
gc,LightGBM,30,only_post,590424,2025-10-20T18:25:21.045288267,,0,boundary
gc,LightGBM,30,only_post,617432,2025-10-22T20:41:07.222177379,,1,boundary
gc,LightGBM,30,only_post,646371,2025-10-27T18:05:29.146237249,,1,boundary
gc,LightGBM,30,only_post,671893,2025-10-30T13:31:49.677553129,,1,interior
gc,LightGBM,30,only_post,672783,2025-10-30T13:46:46.677553129,,0,boundary
gc,LightGBM,30,only_post,707370,2025-11-05T17:10:33.379776509,,0,boundary
gc,LightGBM,30,only_post,744353,2025-11-10T13:51:44.348728625,,1,boundary
gc,LightGBM,30,only_post,774773,2025-11-12T16:34:59.646957411,,0,boundary
gc,LightGBM,30,only_post,809694,2025-11-14T21:12:13.351023217,,1,boundary
gc,LightGBM,30,only_post,840203,2025-11-19T15:51:46.000000000,,1,boundary
gc,LightGBM,30,only_post,878250,2025-11-24T13:35:29.753373615,,1,boundary
gc,LightGBM,30,only_post,906197,2025-11-26T19:30:18.105521797,,0,boundary
gc,LightGBM,30,only_post,940999,2025-12-03T16:52:13.196461565,,0,boundary
gc,LightGBM,30,only_post,976967,2025-12-05T21:41:20.033626701,,0,boundary
gc,LightGBM,30,only_post,1011978,2025-12-10T17:02:41.815472009,,0,boundary
gc,LightGBM,30,only_post,1044653,2025-12-12T20:39:33.014646257,,1,boundary
gc,LightGBM,30,only_post,1074506,2025-12-17T14:25:11.690198079,,0,boundary
gc,LightGBM,30,only_post,1108742,2025-12-19T19:14:07.227975955,,1,boundary
gc,LightGBM,30,only_post,1142416,2025-12-24T13:55:35.176321825,,0,boundary
gc,LightGBM,30,only_post,1174801,2025-12-29T21:09:49.596165539,,1,boundary
gc,LightGBM,60,only_pre,0,2025-08-01T13:00:00.407995871,1,,boundary
gc,LightGBM,60,only_pre,1721,2025-08-04T18:53:41.643047429,1,,boundary
gc,LightGBM,60,only_pre,28510,2025-08-07T16:32:16.921861077,1,,boundary
gc,LightGBM,60,only_pre,60261,2025-08-12T14:35:08.964227893,0,,boundary
gc,LightGBM,60,only_pre,119889,2025-08-19T17:08:51.056211205,1,,boundary
gc,LightGBM,60,only_pre,145557,2025-08-22T13:38:02.000000000,1,,boundary
gc,LightGBM,60,only_pre,172506,2025-08-25T13:31:46.088506459,0,,interior
gc,LightGBM,60,only_pre,174403,2025-08-26T19:15:24.000000000,0,,boundary
gc,LightGBM,60,only_pre,203123,2025-08-29T15:19:56.122937113,1,,boundary
gc,LightGBM,60,only_pre,222485,2025-09-01T13:00:00.256114953,0,,boundary
gc,LightGBM,60,only_pre,222490,2025-09-02T20:31:59.393128243,0,,boundary
gc,LightGBM,60,only_pre,247642,2025-09-05T16:37:37.047058913,1,,boundary
gc,LightGBM,60,only_pre,281338,2025-09-10T14:37:20.279630421,1,,boundary
gc,LightGBM,60,only_pre,311622,2025-09-12T20:54:21.820982659,0,,boundary
gc,LightGBM,60,only_pre,364586,2025-09-18T15:05:07.793936649,1,,interior
gc,LightGBM,60,only_pre,365188,2025-09-22T13:34:15.286173371,0,,boundary
gc,LightGBM,60,only_pre,394736,2025-09-24T18:17:48.945301191,1,,boundary
gc,LightGBM,60,only_pre,425705,2025-09-29T16:12:06.067410145,1,,boundary
gc,LightGBM,60,only_pre,457244,2025-10-01T13:00:00.416874999,0,,boundary
gc,LightGBM,60,only_pre,460338,2025-10-02T18:46:46.332223451,1,,boundary
gc,LightGBM,60,only_pre,491677,2025-10-07T16:19:15.032384765,1,,boundary
gc,LightGBM,60,only_pre,523704,2025-10-10T13:54:39.000000000,1,,boundary
gc,LightGBM,60,only_pre,551591,2025-10-13T13:38:09.205204823,1,,interior
gc,LightGBM,60,only_pre,552376,2025-10-14T19:38:21.479286837,0,,boundary
gc,LightGBM,60,only_pre,584440,2025-10-17T17:48:34.266647301,1,,boundary
gc,LightGBM,60,only_pre,616788,2025-10-22T13:41:20.583366001,1,,boundary
gc,LightGBM,60,only_pre,644780,2025-10-24T18:35:46.000000000,1,,boundary
gc,LightGBM,60,only_pre,674775,2025-10-29T14:43:13.242935715,1,,boundary
gc,LightGBM,60,only_pre,701199,2025-10-30T13:31:54.677553129,1,,interior
gc,LightGBM,60,only_pre,702089,2025-10-31T20:10:25.805899605,1,,boundary
gc,LightGBM,60,only_pre,704948,2025-11-04T17:33:07.000000000,1,,boundary
gc,LightGBM,60,only_pre,737693,2025-11-06T21:14:08.820196825,1,,boundary
gc,LightGBM,60,only_pre,775281,2025-11-11T17:07:42.577462269,0,,boundary
gc,LightGBM,60,only_pre,806782,2025-11-13T20:24:01.992227093,1,,boundary
gc,LightGBM,60,only_pre,842091,2025-11-18T16:20:44.000000000,0,,boundary
gc,LightGBM,60,only_pre,911585,2025-11-25T18:09:36.971476095,0,,boundary
gc,LightGBM,60,only_pre,942587,2025-11-28T18:33:11.239501017,0,,boundary
gc,LightGBM,60,only_pre,946616,2025-12-02T17:37:26.335659179,0,,boundary
gc,LightGBM,60,only_pre,978731,2025-12-04T20:22:41.368322585,0,,boundary
gc,LightGBM,60,only_pre,1015288,2025-12-09T16:17:09.972990023,0,,boundary
gc,LightGBM,60,only_pre,1051431,2025-12-11T20:26:59.743400297,1,,boundary
gc,LightGBM,60,only_pre,1084672,2025-12-16T15:17:39.092966079,0,,boundary
gc,LightGBM,60,only_pre,1115576,2025-12-18T18:33:27.069700673,0,,boundary
gc,LightGBM,60,only_pre,1150644,2025-12-23T13:58:49.545552863,0,,boundary
gc,LightGBM,60,only_pre,1184209,2025-12-26T21:33:55.768526025,1,,boundary
gc,LightGBM,60,only_pre,1217628,2025-12-31T16:48:40.827704005,1,,boundary
gc,LightGBM,60,only_post,1720,2025-08-01T13:29:15.407995871,,0,boundary
gc,LightGBM,60,only_post,28509,2025-08-05T17:58:22.654299487,,0,boundary
gc,LightGBM,60,only_post,60260,2025-08-08T17:34:46.509911973,,1,boundary
gc,LightGBM,60,only_post,91468,2025-08-13T15:10:14.000000000,,0,boundary
gc,LightGBM,60,only_post,119889,2025-08-17T21:19:05.725113995,,0,boundary
gc,LightGBM,60,only_post,145557,2025-08-20T16:06:55.000000000,,1,boundary
gc,LightGBM,60,only_post,172506,2025-08-25T13:31:41.088506459,,0,interior
gc,LightGBM,60,only_post,174403,2025-08-25T14:02:03.088506459,,1,boundary
gc,LightGBM,60,only_post,203123,2025-08-27T18:31:44.000000000,,0,boundary
gc,LightGBM,60,only_post,222489,2025-09-01T13:00:03.580780791,,0,boundary
gc,LightGBM,60,only_post,247641,2025-09-03T19:05:24.247841963,,1,boundary
gc,LightGBM,60,only_post,281337,2025-09-08T17:23:31.267878461,,1,boundary
gc,LightGBM,60,only_post,340462,2025-09-15T20:10:02.720847279,,0,boundary
gc,LightGBM,60,only_post,364585,2025-09-18T15:05:02.793936649,,1,interior
gc,LightGBM,60,only_post,365187,2025-09-18T15:13:57.793936649,,1,boundary
gc,LightGBM,60,only_post,394735,2025-09-23T13:01:38.948514245,,1,boundary
gc,LightGBM,60,only_post,425704,2025-09-25T18:08:35.000000000,,0,boundary
gc,LightGBM,60,only_post,457243,2025-09-30T16:54:32.391442679,,0,boundary
gc,LightGBM,60,only_post,460337,2025-10-01T13:49:06.416874999,,0,boundary
gc,LightGBM,60,only_post,491676,2025-10-03T19:34:16.861275435,,1,boundary
gc,LightGBM,60,only_post,523703,2025-10-08T16:43:43.415525257,,0,boundary
gc,LightGBM,60,only_post,551590,2025-10-13T13:38:04.205204823,,1,interior
gc,LightGBM,60,only_post,552375,2025-10-13T13:51:21.205204823,,1,boundary
gc,LightGBM,60,only_post,584439,2025-10-15T19:54:47.890003513,,0,boundary
gc,LightGBM,60,only_post,616787,2025-10-20T18:25:21.045288267,,0,boundary
gc,LightGBM,60,only_post,644779,2025-10-22T20:41:07.222177379,,1,boundary
gc,LightGBM,60,only_post,674774,2025-10-27T18:05:29.146237249,,0,boundary
gc,LightGBM,60,only_post,701198,2025-10-30T13:31:49.677553129,,1,interior
gc,LightGBM,60,only_post,702088,2025-10-30T13:46:46.677553129,,0,boundary
gc,LightGBM,60,only_post,737691,2025-11-05T17:10:33.379776509,,0,boundary
gc,LightGBM,60,only_post,775279,2025-11-10T13:51:44.348728625,,0,boundary
gc,LightGBM,60,only_post,806780,2025-11-12T16:34:59.646957411,,0,boundary
gc,LightGBM,60,only_post,842089,2025-11-14T21:12:13.351023217,,1,boundary
gc,LightGBM,60,only_post,873203,2025-11-19T15:51:46.000000000,,0,boundary
gc,LightGBM,60,only_post,911583,2025-11-24T13:35:29.753373615,,1,boundary
gc,LightGBM,60,only_post,942586,2025-11-26T19:30:18.105521797,,0,boundary
gc,LightGBM,60,only_post,978729,2025-12-03T16:52:13.196461565,,0,boundary
gc,LightGBM,60,only_post,1015286,2025-12-05T21:41:20.033626701,,1,boundary
gc,LightGBM,60,only_post,1051429,2025-12-10T17:02:41.815472009,,0,boundary
gc,LightGBM,60,only_post,1084670,2025-12-12T20:39:33.014646257,,1,boundary
gc,LightGBM,60,only_post,1115574,2025-12-17T14:25:11.690198079,,1,boundary
gc,LightGBM,60,only_post,1150642,2025-12-19T19:14:07.227975955,,1,boundary
gc,LightGBM,60,only_post,1184207,2025-12-24T13:55:35.176321825,,0,boundary
gc,LightGBM,60,only_post,1217626,2025-12-29T21:09:49.596165539,,1,boundary
gc,XGBoost,5,only_pre,53258,2025-08-12T14:35:08.964227893,1,,boundary
gc,XGBoost,5,only_pre,79944,2025-08-14T20:34:58.526145625,1,,boundary
gc,XGBoost,5,only_pre,124310,2025-08-22T13:38:02.000000000,1,,boundary
gc,XGBoost,5,only_pre,145621,2025-08-25T13:31:46.088506459,0,,interior
gc,XGBoost,5,only_pre,147457,2025-08-26T19:15:24.000000000,0,,boundary
gc,XGBoost,5,only_pre,176941,2025-08-29T15:19:56.122937113,1,,boundary
gc,XGBoost,5,only_pre,192845,2025-09-01T13:00:00.256114953,1,,boundary
gc,XGBoost,5,only_pre,192850,2025-09-02T20:31:59.393128243,0,,boundary
gc,XGBoost,5,only_pre,217349,2025-09-05T16:37:37.047058913,0,,boundary
gc,XGBoost,5,only_pre,249273,2025-09-10T14:37:20.279630421,0,,boundary
gc,XGBoost,5,only_pre,278283,2025-09-12T20:54:21.820982659,1,,boundary
gc,XGBoost,5,only_pre,306410,2025-09-17T17:14:08.000000000,0,,boundary
gc,XGBoost,5,only_pre,333001,2025-09-18T15:05:07.793936649,0,,interior
gc,XGBoost,5,only_pre,333580,2025-09-22T13:34:15.286173371,0,,boundary
gc,XGBoost,5,only_pre,365329,2025-09-24T18:17:48.945301191,0,,boundary
gc,XGBoost,5,only_pre,428269,2025-10-02T18:46:46.332223451,1,,boundary
gc,XGBoost,5,only_pre,487938,2025-10-10T13:54:39.000000000,1,,boundary
gc,XGBoost,5,only_pre,514571,2025-10-13T13:38:09.205204823,0,,interior
gc,XGBoost,5,only_pre,515325,2025-10-14T19:38:21.479286837,0,,boundary
gc,XGBoost,5,only_pre,547916,2025-10-17T17:48:34.266647301,1,,boundary
gc,XGBoost,5,only_pre,580244,2025-10-22T13:41:20.583366001,1,,boundary
gc,XGBoost,5,only_pre,640733,2025-10-29T14:43:13.242935715,1,,boundary
gc,XGBoost,5,only_pre,667639,2025-10-30T13:31:54.677553129,1,,interior
gc,XGBoost,5,only_pre,668505,2025-10-31T20:10:25.805899605,1,,boundary
gc,XGBoost,5,only_pre,670855,2025-11-04T17:33:07.000000000,0,,boundary
gc,XGBoost,5,only_pre,703074,2025-11-06T21:14:08.820196825,0,,boundary
gc,XGBoost,5,only_pre,736844,2025-11-11T17:07:42.577462269,1,,boundary
gc,XGBoost,5,only_pre,767719,2025-11-13T20:24:01.992227093,1,,boundary
gc,XGBoost,5,only_pre,801671,2025-11-18T16:20:44.000000000,0,,boundary
gc,XGBoost,5,only_pre,831428,2025-11-20T20:49:43.941427147,0,,boundary
gc,XGBoost,5,only_pre,867467,2025-11-25T18:09:36.971476095,0,,boundary
gc,XGBoost,5,only_pre,885276,2025-11-28T18:33:11.239501017,0,,boundary
gc,XGBoost,5,only_pre,887550,2025-12-02T17:37:26.335659179,0,,boundary
gc,XGBoost,5,only_pre,919591,2025-12-04T20:22:41.368322585,0,,boundary
gc,XGBoost,5,only_pre,952681,2025-12-09T16:17:09.972990023,1,,boundary
gc,XGBoost,5,only_pre,986828,2025-12-11T20:26:59.743400297,0,,boundary
gc,XGBoost,5,only_pre,1019577,2025-12-16T15:17:39.092966079,1,,boundary
gc,XGBoost,5,only_pre,1049208,2025-12-18T18:33:27.069700673,1,,boundary
gc,XGBoost,5,only_pre,1083245,2025-12-23T13:58:49.545552863,0,,boundary
gc,XGBoost,5,only_pre,1115871,2025-12-26T21:33:55.768526025,1,,boundary
gc,XGBoost,5,only_pre,1149775,2025-12-31T16:48:40.827704005,0,,boundary
gc,XGBoost,5,only_post,1655,2025-08-01T13:29:15.407995871,,1,boundary
gc,XGBoost,5,only_post,26021,2025-08-05T17:58:22.654299487,,1,boundary
gc,XGBoost,5,only_post,53260,2025-08-08T17:34:46.509911973,,1,boundary
gc,XGBoost,5,only_post,79946,2025-08-13T15:10:14.000000000,,1,boundary
gc,XGBoost,5,only_post,124312,2025-08-20T16:06:55.000000000,,0,boundary
gc,XGBoost,5,only_post,145623,2025-08-25T13:31:41.088506459,,0,interior
gc,XGBoost,5,only_post,147459,2025-08-25T14:02:03.088506459,,1,boundary
gc,XGBoost,5,only_post,176943,2025-08-27T18:31:44.000000000,,0,boundary
gc,XGBoost,5,only_post,192851,2025-09-01T13:00:03.580780791,,0,boundary
gc,XGBoost,5,only_post,217350,2025-09-03T19:05:24.247841963,,0,boundary
gc,XGBoost,5,only_post,249274,2025-09-08T17:23:31.267878461,,1,boundary
gc,XGBoost,5,only_post,278284,2025-09-11T14:29:09.800942713,,1,boundary
gc,XGBoost,5,only_post,306411,2025-09-15T20:10:02.720847279,,0,boundary
gc,XGBoost,5,only_post,333002,2025-09-18T15:05:02.793936649,,0,interior
gc,XGBoost,5,only_post,333581,2025-09-18T15:13:57.793936649,,0,boundary
gc,XGBoost,5,only_post,365330,2025-09-23T13:01:38.948514245,,0,boundary
gc,XGBoost,5,only_post,395788,2025-09-25T18:08:35.000000000,,0,boundary
gc,XGBoost,5,only_post,425212,2025-09-30T16:54:32.391442679,,0,boundary
gc,XGBoost,5,only_post,428272,2025-10-01T13:49:06.416874999,,0,boundary
gc,XGBoost,5,only_post,456862,2025-10-03T19:34:16.861275435,,1,boundary
gc,XGBoost,5,only_post,487942,2025-10-08T16:43:43.415525257,,0,boundary
gc,XGBoost,5,only_post,514575,2025-10-13T13:38:04.205204823,,1,interior
gc,XGBoost,5,only_post,515329,2025-10-13T13:51:21.205204823,,0,boundary
gc,XGBoost,5,only_post,547920,2025-10-15T19:54:47.890003513,,0,boundary
gc,XGBoost,5,only_post,580248,2025-10-20T18:25:21.045288267,,0,boundary
gc,XGBoost,5,only_post,610120,2025-10-22T20:41:07.222177379,,1,boundary
gc,XGBoost,5,only_post,640738,2025-10-27T18:05:29.146237249,,0,boundary
gc,XGBoost,5,only_post,667644,2025-10-30T13:31:49.677553129,,1,interior
gc,XGBoost,5,only_post,703077,2025-11-05T17:10:33.379776509,,1,boundary
gc,XGBoost,5,only_post,736847,2025-11-10T13:51:44.348728625,,0,boundary
gc,XGBoost,5,only_post,767722,2025-11-12T16:34:59.646957411,,1,boundary
gc,XGBoost,5,only_post,831430,2025-11-19T15:51:46.000000000,,0,boundary
gc,XGBoost,5,only_post,867468,2025-11-24T13:35:29.753373615,,1,boundary
gc,XGBoost,5,only_post,919591,2025-12-03T16:52:13.196461565,,0,boundary
gc,XGBoost,5,only_post,986827,2025-12-10T17:02:41.815472009,,0,boundary
gc,XGBoost,5,only_post,1019576,2025-12-12T20:39:33.014646257,,1,boundary
gc,XGBoost,5,only_post,1049207,2025-12-17T14:25:11.690198079,,0,boundary
gc,XGBoost,5,only_post,1083244,2025-12-19T19:14:07.227975955,,1,boundary
gc,XGBoost,5,only_post,1149773,2025-12-29T21:09:49.596165539,,1,boundary
gc,XGBoost,10,only_pre,0,2025-08-01T13:00:00.407995871,0,,boundary
gc,XGBoost,10,only_pre,1683,2025-08-04T18:53:41.643047429,1,,boundary
gc,XGBoost,10,only_pre,53193,2025-08-12T14:35:08.964227893,1,,boundary
gc,XGBoost,10,only_pre,125287,2025-08-22T13:38:02.000000000,1,,boundary
gc,XGBoost,10,only_pre,149206,2025-08-25T13:31:46.088506459,0,,interior
gc,XGBoost,10,only_pre,151016,2025-08-26T19:15:24.000000000,0,,boundary
gc,XGBoost,10,only_pre,174337,2025-08-29T15:19:56.122937113,1,,boundary
gc,XGBoost,10,only_pre,191854,2025-09-01T13:00:00.256114953,0,,boundary
gc,XGBoost,10,only_pre,191859,2025-09-02T20:31:59.393128243,0,,boundary
gc,XGBoost,10,only_pre,214473,2025-09-05T16:37:37.047058913,0,,boundary
gc,XGBoost,10,only_pre,270224,2025-09-12T20:54:21.820982659,1,,boundary
gc,XGBoost,10,only_pre,317920,2025-09-18T15:05:07.793936649,1,,interior
gc,XGBoost,10,only_pre,318440,2025-09-22T13:34:15.286173371,0,,boundary
gc,XGBoost,10,only_pre,342948,2025-09-24T18:17:48.945301191,0,,boundary
gc,XGBoost,10,only_pre,369705,2025-09-29T16:12:06.067410145,1,,boundary
gc,XGBoost,10,only_pre,398215,2025-10-01T13:00:00.416874999,1,,boundary
gc,XGBoost,10,only_pre,401156,2025-10-02T18:46:46.332223451,1,,boundary
gc,XGBoost,10,only_pre,429778,2025-10-07T16:19:15.032384765,1,,boundary
gc,XGBoost,10,only_pre,458326,2025-10-10T13:54:39.000000000,1,,boundary
gc,XGBoost,10,only_pre,485467,2025-10-13T13:38:09.205204823,0,,interior
gc,XGBoost,10,only_pre,486248,2025-10-14T19:38:21.479286837,1,,boundary
gc,XGBoost,10,only_pre,515843,2025-10-17T17:48:34.266647301,1,,boundary
gc,XGBoost,10,only_pre,546609,2025-10-22T13:41:20.583366001,1,,boundary
gc,XGBoost,10,only_pre,573242,2025-10-24T18:35:46.000000000,1,,boundary
gc,XGBoost,10,only_pre,601382,2025-10-29T14:43:13.242935715,1,,boundary
gc,XGBoost,10,only_pre,626385,2025-10-30T13:31:54.677553129,1,,interior
gc,XGBoost,10,only_pre,627269,2025-10-31T20:10:25.805899605,1,,boundary
gc,XGBoost,10,only_pre,629897,2025-11-04T17:33:07.000000000,0,,boundary
gc,XGBoost,10,only_pre,660520,2025-11-06T21:14:08.820196825,0,,boundary
gc,XGBoost,10,only_pre,696099,2025-11-11T17:07:42.577462269,0,,boundary
gc,XGBoost,10,only_pre,725110,2025-11-13T20:24:01.992227093,0,,boundary
gc,XGBoost,10,only_pre,759180,2025-11-18T16:20:44.000000000,0,,boundary
gc,XGBoost,10,only_pre,825351,2025-11-25T18:09:36.971476095,0,,boundary
gc,XGBoost,10,only_pre,847327,2025-11-28T18:33:11.239501017,0,,boundary
gc,XGBoost,10,only_pre,850363,2025-12-02T17:37:26.335659179,0,,boundary
gc,XGBoost,10,only_pre,879937,2025-12-04T20:22:41.368322585,1,,boundary
gc,XGBoost,10,only_pre,914310,2025-12-09T16:17:09.972990023,0,,boundary
gc,XGBoost,10,only_pre,947370,2025-12-11T20:26:59.743400297,1,,boundary
gc,XGBoost,10,only_pre,978985,2025-12-16T15:17:39.092966079,1,,boundary
gc,XGBoost,10,only_pre,1007266,2025-12-18T18:33:27.069700673,1,,boundary
gc,XGBoost,10,only_pre,1039806,2025-12-23T13:58:49.545552863,0,,boundary
gc,XGBoost,10,only_pre,1072204,2025-12-26T21:33:55.768526025,1,,boundary
gc,XGBoost,10,only_pre,1104393,2025-12-31T16:48:40.827704005,1,,boundary
gc,XGBoost,10,only_post,1682,2025-08-01T13:29:15.407995871,,1,boundary
gc,XGBoost,10,only_post,24199,2025-08-05T17:58:22.654299487,,1,boundary
gc,XGBoost,10,only_post,53193,2025-08-08T17:34:46.509911973,,1,boundary
gc,XGBoost,10,only_post,80535,2025-08-13T15:10:14.000000000,,1,boundary
gc,XGBoost,10,only_post,104446,2025-08-17T21:19:05.725113995,,1,boundary
gc,XGBoost,10,only_post,125289,2025-08-20T16:06:55.000000000,,0,boundary
gc,XGBoost,10,only_post,149208,2025-08-25T13:31:41.088506459,,0,interior
gc,XGBoost,10,only_post,151018,2025-08-25T14:02:03.088506459,,1,boundary
gc,XGBoost,10,only_post,174339,2025-08-27T18:31:44.000000000,,0,boundary
gc,XGBoost,10,only_post,191860,2025-09-01T13:00:03.580780791,,0,boundary
gc,XGBoost,10,only_post,214474,2025-09-03T19:05:24.247841963,,0,boundary
gc,XGBoost,10,only_post,244696,2025-09-08T17:23:31.267878461,,0,boundary
gc,XGBoost,10,only_post,295982,2025-09-15T20:10:02.720847279,,1,boundary
gc,XGBoost,10,only_post,317922,2025-09-18T15:05:02.793936649,,0,interior
gc,XGBoost,10,only_post,318442,2025-09-18T15:13:57.793936649,,1,boundary
gc,XGBoost,10,only_post,342950,2025-09-23T13:01:38.948514245,,0,boundary
gc,XGBoost,10,only_post,369707,2025-09-25T18:08:35.000000000,,0,boundary
gc,XGBoost,10,only_post,401157,2025-10-01T13:49:06.416874999,,0,boundary
gc,XGBoost,10,only_post,429779,2025-10-03T19:34:16.861275435,,1,boundary
gc,XGBoost,10,only_post,458327,2025-10-08T16:43:43.415525257,,0,boundary
gc,XGBoost,10,only_post,485468,2025-10-13T13:38:04.205204823,,0,interior
gc,XGBoost,10,only_post,486249,2025-10-13T13:51:21.205204823,,1,boundary
gc,XGBoost,10,only_post,515844,2025-10-15T19:54:47.890003513,,0,boundary
gc,XGBoost,10,only_post,546610,2025-10-20T18:25:21.045288267,,0,boundary
gc,XGBoost,10,only_post,573243,2025-10-22T20:41:07.222177379,,1,boundary
gc,XGBoost,10,only_post,601383,2025-10-27T18:05:29.146237249,,1,boundary
gc,XGBoost,10,only_post,626386,2025-10-30T13:31:49.677553129,,1,interior
gc,XGBoost,10,only_post,627270,2025-10-30T13:46:46.677553129,,0,boundary
gc,XGBoost,10,only_post,660520,2025-11-05T17:10:33.379776509,,1,boundary
gc,XGBoost,10,only_post,725109,2025-11-12T16:34:59.646957411,,1,boundary
gc,XGBoost,10,only_post,759179,2025-11-14T21:12:13.351023217,,1,boundary
gc,XGBoost,10,only_post,788587,2025-11-19T15:51:46.000000000,,0,boundary
gc,XGBoost,10,only_post,879934,2025-12-03T16:52:13.196461565,,1,boundary
gc,XGBoost,10,only_post,914307,2025-12-05T21:41:20.033626701,,0,boundary
gc,XGBoost,10,only_post,947367,2025-12-10T17:02:41.815472009,,0,boundary
gc,XGBoost,10,only_post,978982,2025-12-12T20:39:33.014646257,,1,boundary
gc,XGBoost,10,only_post,1007263,2025-12-17T14:25:11.690198079,,0,boundary
gc,XGBoost,10,only_post,1039803,2025-12-19T19:14:07.227975955,,1,boundary
gc,XGBoost,10,only_post,1072201,2025-12-24T13:55:35.176321825,,1,boundary
gc,XGBoost,10,only_post,1104390,2025-12-29T21:09:49.596165539,,1,boundary
gc,XGBoost,30,only_pre,0,2025-08-01T13:00:00.407995871,1,,boundary
gc,XGBoost,30,only_pre,1721,2025-08-04T18:53:41.643047429,1,,boundary
gc,XGBoost,30,only_pre,26908,2025-08-07T16:32:16.921861077,1,,boundary
gc,XGBoost,30,only_pre,57735,2025-08-12T14:35:08.964227893,0,,boundary
gc,XGBoost,30,only_pre,114978,2025-08-19T17:08:51.056211205,1,,boundary
gc,XGBoost,30,only_pre,139071,2025-08-22T13:38:02.000000000,1,,boundary
gc,XGBoost,30,only_pre,165224,2025-08-25T13:31:46.088506459,1,,interior
gc,XGBoost,30,only_pre,167140,2025-08-26T19:15:24.000000000,0,,boundary
gc,XGBoost,30,only_pre,193628,2025-08-29T15:19:56.122937113,1,,boundary
gc,XGBoost,30,only_pre,212479,2025-09-01T13:00:00.256114953,0,,boundary
gc,XGBoost,30,only_pre,212484,2025-09-02T20:31:59.393128243,0,,boundary
gc,XGBoost,30,only_pre,236458,2025-09-05T16:37:37.047058913,0,,boundary
gc,XGBoost,30,only_pre,268853,2025-09-10T14:37:20.279630421,1,,boundary
gc,XGBoost,30,only_pre,297287,2025-09-12T20:54:21.820982659,0,,boundary
gc,XGBoost,30,only_pre,324686,2025-09-17T17:14:08.000000000,1,,boundary
gc,XGBoost,30,only_pre,347437,2025-09-18T15:05:07.793936649,1,,interior
gc,XGBoost,30,only_pre,348002,2025-09-22T13:34:15.286173371,0,,boundary
gc,XGBoost,30,only_pre,375487,2025-09-24T18:17:48.945301191,0,,boundary
gc,XGBoost,30,only_pre,404779,2025-09-29T16:12:06.067410145,1,,boundary
gc,XGBoost,30,only_pre,435238,2025-10-01T13:00:00.416874999,1,,boundary
gc,XGBoost,30,only_pre,468767,2025-10-07T16:19:15.032384765,1,,boundary
gc,XGBoost,30,only_pre,499510,2025-10-10T13:54:39.000000000,1,,boundary
gc,XGBoost,30,only_pre,527138,2025-10-13T13:38:09.205204823,0,,interior
gc,XGBoost,30,only_pre,527925,2025-10-14T19:38:21.479286837,1,,boundary
gc,XGBoost,30,only_pre,558872,2025-10-17T17:48:34.266647301,1,,boundary
gc,XGBoost,30,only_pre,590426,2025-10-22T13:41:20.583366001,1,,boundary
gc,XGBoost,30,only_pre,617434,2025-10-24T18:35:46.000000000,1,,boundary
gc,XGBoost,30,only_pre,646373,2025-10-29T14:43:13.242935715,1,,boundary
gc,XGBoost,30,only_pre,671895,2025-10-30T13:31:54.677553129,1,,interior
gc,XGBoost,30,only_pre,672785,2025-10-31T20:10:25.805899605,1,,boundary
gc,XGBoost,30,only_pre,675628,2025-11-04T17:33:07.000000000,0,,boundary
gc,XGBoost,30,only_pre,707373,2025-11-06T21:14:08.820196825,1,,boundary
gc,XGBoost,30,only_pre,744356,2025-11-11T17:07:42.577462269,1,,boundary
gc,XGBoost,30,only_pre,774776,2025-11-13T20:24:01.992227093,1,,boundary
gc,XGBoost,30,only_pre,809697,2025-11-18T16:20:44.000000000,1,,boundary
gc,XGBoost,30,only_pre,878253,2025-11-25T18:09:36.971476095,0,,boundary
gc,XGBoost,30,only_pre,906199,2025-11-28T18:33:11.239501017,0,,boundary
gc,XGBoost,30,only_pre,909992,2025-12-02T17:37:26.335659179,0,,boundary
gc,XGBoost,30,only_pre,941002,2025-12-04T20:22:41.368322585,1,,boundary
gc,XGBoost,30,only_pre,976970,2025-12-09T16:17:09.972990023,0,,boundary
gc,XGBoost,30,only_pre,1011981,2025-12-11T20:26:59.743400297,1,,boundary
gc,XGBoost,30,only_pre,1044656,2025-12-16T15:17:39.092966079,0,,boundary
gc,XGBoost,30,only_pre,1074509,2025-12-18T18:33:27.069700673,0,,boundary
gc,XGBoost,30,only_pre,1108745,2025-12-23T13:58:49.545552863,0,,boundary
gc,XGBoost,30,only_pre,1142419,2025-12-26T21:33:55.768526025,1,,boundary
gc,XGBoost,30,only_pre,1174804,2025-12-31T16:48:40.827704005,1,,boundary
gc,XGBoost,30,only_post,1720,2025-08-01T13:29:15.407995871,,0,boundary
gc,XGBoost,30,only_post,26907,2025-08-05T17:58:22.654299487,,1,boundary
gc,XGBoost,30,only_post,57734,2025-08-08T17:34:46.509911973,,1,boundary
gc,XGBoost,30,only_post,87696,2025-08-13T15:10:14.000000000,,1,boundary
gc,XGBoost,30,only_post,114978,2025-08-17T21:19:05.725113995,,0,boundary
gc,XGBoost,30,only_post,139071,2025-08-20T16:06:55.000000000,,0,boundary
gc,XGBoost,30,only_post,165224,2025-08-25T13:31:41.088506459,,0,interior
gc,XGBoost,30,only_post,167140,2025-08-25T14:02:03.088506459,,1,boundary
gc,XGBoost,30,only_post,193628,2025-08-27T18:31:44.000000000,,0,boundary
gc,XGBoost,30,only_post,212483,2025-09-01T13:00:03.580780791,,0,boundary
gc,XGBoost,30,only_post,236457,2025-09-03T19:05:24.247841963,,1,boundary
gc,XGBoost,30,only_post,268852,2025-09-08T17:23:31.267878461,,1,boundary
gc,XGBoost,30,only_post,324684,2025-09-15T20:10:02.720847279,,1,boundary
gc,XGBoost,30,only_post,347435,2025-09-18T15:05:02.793936649,,1,interior
gc,XGBoost,30,only_post,348000,2025-09-18T15:13:57.793936649,,1,boundary
gc,XGBoost,30,only_post,375485,2025-09-23T13:01:38.948514245,,0,boundary
gc,XGBoost,30,only_post,404777,2025-09-25T18:08:35.000000000,,0,boundary
gc,XGBoost,30,only_post,435236,2025-09-30T16:54:32.391442679,,0,boundary
gc,XGBoost,30,only_post,438257,2025-10-01T13:49:06.416874999,,0,boundary
gc,XGBoost,30,only_post,468766,2025-10-03T19:34:16.861275435,,1,boundary
gc,XGBoost,30,only_post,499509,2025-10-08T16:43:43.415525257,,0,boundary
gc,XGBoost,30,only_post,527137,2025-10-13T13:38:04.205204823,,0,interior
gc,XGBoost,30,only_post,558870,2025-10-15T19:54:47.890003513,,0,boundary
gc,XGBoost,30,only_post,590424,2025-10-20T18:25:21.045288267,,0,boundary
gc,XGBoost,30,only_post,617432,2025-10-22T20:41:07.222177379,,1,boundary
gc,XGBoost,30,only_post,646371,2025-10-27T18:05:29.146237249,,1,boundary
gc,XGBoost,30,only_post,671893,2025-10-30T13:31:49.677553129,,1,interior
gc,XGBoost,30,only_post,672783,2025-10-30T13:46:46.677553129,,0,boundary
gc,XGBoost,30,only_post,707370,2025-11-05T17:10:33.379776509,,0,boundary
gc,XGBoost,30,only_post,744353,2025-11-10T13:51:44.348728625,,1,boundary
gc,XGBoost,30,only_post,774773,2025-11-12T16:34:59.646957411,,0,boundary
gc,XGBoost,30,only_post,809694,2025-11-14T21:12:13.351023217,,1,boundary
gc,XGBoost,30,only_post,840203,2025-11-19T15:51:46.000000000,,1,boundary
gc,XGBoost,30,only_post,878250,2025-11-24T13:35:29.753373615,,1,boundary
gc,XGBoost,30,only_post,906197,2025-11-26T19:30:18.105521797,,0,boundary
gc,XGBoost,30,only_post,940999,2025-12-03T16:52:13.196461565,,0,boundary
gc,XGBoost,30,only_post,976967,2025-12-05T21:41:20.033626701,,0,boundary
gc,XGBoost,30,only_post,1011978,2025-12-10T17:02:41.815472009,,0,boundary
gc,XGBoost,30,only_post,1044653,2025-12-12T20:39:33.014646257,,1,boundary
gc,XGBoost,30,only_post,1074506,2025-12-17T14:25:11.690198079,,0,boundary
gc,XGBoost,30,only_post,1108742,2025-12-19T19:14:07.227975955,,1,boundary
gc,XGBoost,30,only_post,1142416,2025-12-24T13:55:35.176321825,,0,boundary
gc,XGBoost,30,only_post,1174801,2025-12-29T21:09:49.596165539,,1,boundary
gc,XGBoost,60,only_pre,0,2025-08-01T13:00:00.407995871,1,,boundary
gc,XGBoost,60,only_pre,1721,2025-08-04T18:53:41.643047429,1,,boundary
gc,XGBoost,60,only_pre,28510,2025-08-07T16:32:16.921861077,1,,boundary
gc,XGBoost,60,only_pre,60261,2025-08-12T14:35:08.964227893,0,,boundary
gc,XGBoost,60,only_pre,119889,2025-08-19T17:08:51.056211205,1,,boundary
gc,XGBoost,60,only_pre,145557,2025-08-22T13:38:02.000000000,1,,boundary
gc,XGBoost,60,only_pre,172506,2025-08-25T13:31:46.088506459,0,,interior
gc,XGBoost,60,only_pre,174403,2025-08-26T19:15:24.000000000,0,,boundary
gc,XGBoost,60,only_pre,203123,2025-08-29T15:19:56.122937113,1,,boundary
gc,XGBoost,60,only_pre,222485,2025-09-01T13:00:00.256114953,0,,boundary
gc,XGBoost,60,only_pre,222490,2025-09-02T20:31:59.393128243,0,,boundary
gc,XGBoost,60,only_pre,247642,2025-09-05T16:37:37.047058913,1,,boundary
gc,XGBoost,60,only_pre,281338,2025-09-10T14:37:20.279630421,1,,boundary
gc,XGBoost,60,only_pre,311622,2025-09-12T20:54:21.820982659,0,,boundary
gc,XGBoost,60,only_pre,364586,2025-09-18T15:05:07.793936649,1,,interior
gc,XGBoost,60,only_pre,365188,2025-09-22T13:34:15.286173371,0,,boundary
gc,XGBoost,60,only_pre,394736,2025-09-24T18:17:48.945301191,1,,boundary
gc,XGBoost,60,only_pre,425705,2025-09-29T16:12:06.067410145,1,,boundary
gc,XGBoost,60,only_pre,457244,2025-10-01T13:00:00.416874999,0,,boundary
gc,XGBoost,60,only_pre,460338,2025-10-02T18:46:46.332223451,1,,boundary
gc,XGBoost,60,only_pre,491677,2025-10-07T16:19:15.032384765,1,,boundary
gc,XGBoost,60,only_pre,523704,2025-10-10T13:54:39.000000000,1,,boundary
gc,XGBoost,60,only_pre,551591,2025-10-13T13:38:09.205204823,1,,interior
gc,XGBoost,60,only_pre,552376,2025-10-14T19:38:21.479286837,0,,boundary
gc,XGBoost,60,only_pre,584440,2025-10-17T17:48:34.266647301,1,,boundary
gc,XGBoost,60,only_pre,616788,2025-10-22T13:41:20.583366001,1,,boundary
gc,XGBoost,60,only_pre,644780,2025-10-24T18:35:46.000000000,1,,boundary
gc,XGBoost,60,only_pre,674775,2025-10-29T14:43:13.242935715,1,,boundary
gc,XGBoost,60,only_pre,701199,2025-10-30T13:31:54.677553129,1,,interior
gc,XGBoost,60,only_pre,702089,2025-10-31T20:10:25.805899605,1,,boundary
gc,XGBoost,60,only_pre,704948,2025-11-04T17:33:07.000000000,1,,boundary
gc,XGBoost,60,only_pre,737693,2025-11-06T21:14:08.820196825,1,,boundary
gc,XGBoost,60,only_pre,775281,2025-11-11T17:07:42.577462269,0,,boundary
gc,XGBoost,60,only_pre,806782,2025-11-13T20:24:01.992227093,1,,boundary
gc,XGBoost,60,only_pre,842091,2025-11-18T16:20:44.000000000,0,,boundary
gc,XGBoost,60,only_pre,911585,2025-11-25T18:09:36.971476095,0,,boundary
gc,XGBoost,60,only_pre,942587,2025-11-28T18:33:11.239501017,0,,boundary
gc,XGBoost,60,only_pre,946616,2025-12-02T17:37:26.335659179,0,,boundary
gc,XGBoost,60,only_pre,978731,2025-12-04T20:22:41.368322585,0,,boundary
gc,XGBoost,60,only_pre,1015288,2025-12-09T16:17:09.972990023,0,,boundary
gc,XGBoost,60,only_pre,1051431,2025-12-11T20:26:59.743400297,1,,boundary
gc,XGBoost,60,only_pre,1084672,2025-12-16T15:17:39.092966079,0,,boundary
gc,XGBoost,60,only_pre,1115576,2025-12-18T18:33:27.069700673,0,,boundary
gc,XGBoost,60,only_pre,1150644,2025-12-23T13:58:49.545552863,0,,boundary
gc,XGBoost,60,only_pre,1184209,2025-12-26T21:33:55.768526025,1,,boundary
gc,XGBoost,60,only_pre,1217628,2025-12-31T16:48:40.827704005,1,,boundary
gc,XGBoost,60,only_post,1720,2025-08-01T13:29:15.407995871,,0,boundary
gc,XGBoost,60,only_post,28509,2025-08-05T17:58:22.654299487,,0,boundary
gc,XGBoost,60,only_post,60260,2025-08-08T17:34:46.509911973,,1,boundary
gc,XGBoost,60,only_post,91468,2025-08-13T15:10:14.000000000,,0,boundary
gc,XGBoost,60,only_post,119889,2025-08-17T21:19:05.725113995,,0,boundary
gc,XGBoost,60,only_post,145557,2025-08-20T16:06:55.000000000,,1,boundary
gc,XGBoost,60,only_post,172506,2025-08-25T13:31:41.088506459,,0,interior
gc,XGBoost,60,only_post,174403,2025-08-25T14:02:03.088506459,,1,boundary
gc,XGBoost,60,only_post,203123,2025-08-27T18:31:44.000000000,,0,boundary
gc,XGBoost,60,only_post,222489,2025-09-01T13:00:03.580780791,,0,boundary
gc,XGBoost,60,only_post,247641,2025-09-03T19:05:24.247841963,,1,boundary
gc,XGBoost,60,only_post,281337,2025-09-08T17:23:31.267878461,,1,boundary
gc,XGBoost,60,only_post,340462,2025-09-15T20:10:02.720847279,,0,boundary
gc,XGBoost,60,only_post,364585,2025-09-18T15:05:02.793936649,,1,interior
gc,XGBoost,60,only_post,365187,2025-09-18T15:13:57.793936649,,1,boundary
gc,XGBoost,60,only_post,394735,2025-09-23T13:01:38.948514245,,1,boundary
gc,XGBoost,60,only_post,425704,2025-09-25T18:08:35.000000000,,0,boundary
gc,XGBoost,60,only_post,457243,2025-09-30T16:54:32.391442679,,0,boundary
gc,XGBoost,60,only_post,460337,2025-10-01T13:49:06.416874999,,0,boundary
gc,XGBoost,60,only_post,491676,2025-10-03T19:34:16.861275435,,1,boundary
gc,XGBoost,60,only_post,523703,2025-10-08T16:43:43.415525257,,0,boundary
gc,XGBoost,60,only_post,551590,2025-10-13T13:38:04.205204823,,1,interior
gc,XGBoost,60,only_post,552375,2025-10-13T13:51:21.205204823,,1,boundary
gc,XGBoost,60,only_post,584439,2025-10-15T19:54:47.890003513,,0,boundary
gc,XGBoost,60,only_post,616787,2025-10-20T18:25:21.045288267,,0,boundary
gc,XGBoost,60,only_post,644779,2025-10-22T20:41:07.222177379,,1,boundary
gc,XGBoost,60,only_post,674774,2025-10-27T18:05:29.146237249,,0,boundary
gc,XGBoost,60,only_post,701198,2025-10-30T13:31:49.677553129,,1,interior
gc,XGBoost,60,only_post,702088,2025-10-30T13:46:46.677553129,,0,boundary
gc,XGBoost,60,only_post,737691,2025-11-05T17:10:33.379776509,,0,boundary
gc,XGBoost,60,only_post,775279,2025-11-10T13:51:44.348728625,,0,boundary
gc,XGBoost,60,only_post,806780,2025-11-12T16:34:59.646957411,,0,boundary
gc,XGBoost,60,only_post,842089,2025-11-14T21:12:13.351023217,,1,boundary
gc,XGBoost,60,only_post,873203,2025-11-19T15:51:46.000000000,,0,boundary
gc,XGBoost,60,only_post,911583,2025-11-24T13:35:29.753373615,,1,boundary
gc,XGBoost,60,only_post,942586,2025-11-26T19:30:18.105521797,,0,boundary
gc,XGBoost,60,only_post,978729,2025-12-03T16:52:13.196461565,,0,boundary
gc,XGBoost,60,only_post,1015286,2025-12-05T21:41:20.033626701,,1,boundary
gc,XGBoost,60,only_post,1051429,2025-12-10T17:02:41.815472009,,0,boundary
gc,XGBoost,60,only_post,1084670,2025-12-12T20:39:33.014646257,,1,boundary
gc,XGBoost,60,only_post,1115574,2025-12-17T14:25:11.690198079,,1,boundary
gc,XGBoost,60,only_post,1150642,2025-12-19T19:14:07.227975955,,1,boundary
gc,XGBoost,60,only_post,1184207,2025-12-24T13:55:35.176321825,,0,boundary
gc,XGBoost,60,only_post,1217626,2025-12-29T21:09:49.596165539,,1,boundary
nq,LightGBM,5,only_pre,0,2025-08-01T14:00:00.020817297,0,,boundary
nq,LightGBM,5,only_pre,476,2025-08-05T15:47:40.002500257,1,,boundary
nq,LightGBM,5,only_pre,25198,2025-08-08T17:44:00.007910331,1,,boundary
nq,LightGBM,5,only_pre,48154,2025-08-13T19:29:21.003959923,0,,boundary
nq,LightGBM,5,only_pre,71585,2025-08-19T14:14:38.037523187,1,,boundary
nq,LightGBM,5,only_pre,95420,2025-08-22T16:07:13.000968119,1,,boundary
nq,LightGBM,5,only_pre,118733,2025-08-27T17:58:00.002978329,1,,boundary
nq,LightGBM,5,only_pre,141986,2025-08-28T17:51:52.023844373,1,,interior
nq,LightGBM,5,only_pre,142477,2025-09-01T14:00:00.050671613,1,,boundary
nq,LightGBM,5,only_pre,142478,2025-09-03T19:05:35.033601021,1,,boundary
nq,LightGBM,5,only_pre,154684,2025-09-08T17:34:17.004088419,1,,boundary
nq,LightGBM,5,only_pre,177609,2025-09-11T19:27:30.002235947,1,,boundary
nq,LightGBM,5,only_pre,200467,2025-09-17T14:19:41.033858145,1,,boundary
nq,LightGBM,5,only_pre,246699,2025-09-23T15:58:26.180583309,1,,interior
nq,LightGBM,5,only_pre,247039,2025-09-25T17:54:11.001265725,1,,boundary
nq,LightGBM,5,only_pre,271351,2025-09-30T19:47:36.035742887,0,,boundary
nq,LightGBM,5,only_pre,275230,2025-10-01T14:00:00.011953061,0,,boundary
nq,LightGBM,5,only_pre,275948,2025-10-03T15:58:13.001474443,0,,boundary
nq,LightGBM,5,only_pre,299340,2025-10-08T17:42:33.001009483,1,,boundary
nq,LightGBM,5,only_pre,322712,2025-10-13T19:25:36.000117297,0,,boundary
nq,LightGBM,5,only_pre,346374,2025-10-14T19:20:50.007049001,1,,interior
nq,LightGBM,5,only_pre,346996,2025-10-17T14:15:00.005699699,1,,boundary
nq,LightGBM,5,only_pre,371305,2025-10-22T15:55:59.001299035,1,,boundary
nq,LightGBM,5,only_pre,395786,2025-10-27T17:35:44.001314873,0,,boundary
nq,LightGBM,5,only_pre,419169,2025-10-30T19:28:20.007181627,0,,boundary
nq,LightGBM,5,only_pre,443657,2025-11-04T21:12:14.006165795,1,,boundary
nq,LightGBM,5,only_pre,471243,2025-11-07T20:23:26.000011497,0,,boundary
nq,LightGBM,5,only_pre,498710,2025-11-12T19:30:48.000013997,0,,boundary
nq,LightGBM,5,only_pre,526630,2025-11-17T18:37:00.000011451,1,,boundary
nq,LightGBM,5,only_pre,554944,2025-11-20T17:43:38.000013879,0,,boundary
nq,LightGBM,5,only_pre,583370,2025-11-25T16:51:23.000009337,0,,boundary
nq,LightGBM,5,only_pre,611059,2025-12-02T21:09:58.000009071,0,,boundary
nq,LightGBM,5,only_pre,638261,2025-12-05T20:12:54.000011419,0,,boundary
nq,LightGBM,5,only_pre,665354,2025-12-10T19:17:42.000010623,1,,boundary
nq,LightGBM,5,only_pre,693292,2025-12-15T18:20:39.000014673,1,,boundary
nq,LightGBM,5,only_pre,720918,2025-12-18T17:24:00.000008549,0,,boundary
nq,LightGBM,5,only_pre,748814,2025-12-23T16:33:01.000015405,0,,boundary
nq,LightGBM,5,only_pre,774248,2025-12-29T19:23:37.000012811,0,,boundary
nq,LightGBM,5,only_post,475,2025-08-01T14:08:00.020817297,,0,boundary
nq,LightGBM,5,only_post,25197,2025-08-06T15:56:38.007135423,,0,boundary
nq,LightGBM,5,only_post,48153,2025-08-11T17:40:39.030972967,,1,boundary
nq,LightGBM,5,only_post,71584,2025-08-14T19:30:26.026727259,,0,boundary
nq,LightGBM,5,only_post,95419,2025-08-20T14:18:37.001955837,,1,boundary
nq,LightGBM,5,only_post,118732,2025-08-25T16:06:23.010470911,,1,boundary
nq,LightGBM,5,only_post,141985,2025-08-28T17:51:51.023844373,,0,interior
nq,LightGBM,5,only_post,142476,2025-08-28T18:01:01.023844373,,1,boundary
nq,LightGBM,5,only_post,142477,2025-09-01T14:00:01.050671613,,0,boundary
nq,LightGBM,5,only_post,154683,2025-09-04T15:46:47.013532837,,1,boundary
nq,LightGBM,5,only_post,177608,2025-09-09T17:32:34.002118841,,0,boundary
nq,LightGBM,5,only_post,200466,2025-09-12T19:29:29.003310267,,1,boundary
nq,LightGBM,5,only_post,223929,2025-09-18T14:23:26.002898035,,0,boundary
nq,LightGBM,5,only_post,246699,2025-09-23T15:58:25.180583309,,1,interior
nq,LightGBM,5,only_post,271350,2025-09-26T18:00:34.005533419,,0,boundary
nq,LightGBM,5,only_post,275946,2025-10-01T14:12:13.011953061,,1,boundary
nq,LightGBM,5,only_post,299338,2025-10-06T15:55:20.001701285,,0,boundary
nq,LightGBM,5,only_post,322710,2025-10-09T17:40:07.002298451,,0,boundary
nq,LightGBM,5,only_post,346372,2025-10-14T19:20:49.007049001,,1,interior
nq,LightGBM,5,only_post,346994,2025-10-14T19:31:50.007049001,,1,boundary
nq,LightGBM,5,only_post,371303,2025-10-20T14:12:59.008500005,,1,boundary
nq,LightGBM,5,only_post,395784,2025-10-23T15:55:27.005563387,,0,boundary
nq,LightGBM,5,only_post,419167,2025-10-28T17:39:24.001278059,,1,boundary
nq,LightGBM,5,only_post,443655,2025-10-31T19:28:07.003944495,,0,boundary
nq,LightGBM,5,only_post,471241,2025-11-05T21:12:14.000010561,,0,boundary
nq,LightGBM,5,only_post,498708,2025-11-10T20:23:25.000021323,,0,boundary
nq,LightGBM,5,only_post,526628,2025-11-13T19:30:48.000016535,,1,boundary
nq,LightGBM,5,only_post,554942,2025-11-18T18:37:00.000010445,,0,boundary
nq,LightGBM,5,only_post,583368,2025-11-21T17:43:39.000014235,,1,boundary
nq,LightGBM,5,only_post,611057,2025-11-26T16:51:23.000008937,,1,boundary
nq,LightGBM,5,only_post,665351,2025-12-08T20:12:53.000018733,,0,boundary
nq,LightGBM,5,only_post,693289,2025-12-11T19:17:42.001912767,,0,boundary
nq,LightGBM,5,only_post,720915,2025-12-16T18:20:39.000009743,,0,boundary
nq,LightGBM,5,only_post,748811,2025-12-19T17:24:01.000009821,,0,boundary
nq,LightGBM,5,only_post,774245,2025-12-24T16:33:01.000015035,,0,boundary
nq,LightGBM,5,only_post,800121,2025-12-30T19:23:37.000018545,,1,boundary
nq,LightGBM,10,only_pre,0,2025-08-01T14:00:00.020817297,0,,boundary
nq,LightGBM,10,only_pre,475,2025-08-05T15:47:40.002500257,1,,boundary
nq,LightGBM,10,only_pre,25496,2025-08-08T17:44:00.007910331,1,,boundary
nq,LightGBM,10,only_pre,49166,2025-08-13T19:29:21.003959923,1,,boundary
nq,LightGBM,10,only_pre,73183,2025-08-19T14:14:38.037523187,1,,boundary
nq,LightGBM,10,only_pre,97541,2025-08-22T16:07:13.000968119,0,,boundary
nq,LightGBM,10,only_pre,121590,2025-08-27T17:58:00.002978329,1,,boundary
nq,LightGBM,10,only_pre,145388,2025-08-28T17:51:52.023844373,0,,interior
nq,LightGBM,10,only_pre,145903,2025-09-01T14:00:00.050671613,1,,boundary
nq,LightGBM,10,only_pre,145904,2025-09-03T19:05:35.033601021,1,,boundary
nq,LightGBM,10,only_pre,158555,2025-09-08T17:34:17.004088419,1,,boundary
nq,LightGBM,10,only_pre,182231,2025-09-11T19:27:30.002235947,1,,boundary
nq,LightGBM,10,only_pre,205894,2025-09-17T14:19:41.033858145,0,,boundary
nq,LightGBM,10,only_pre,230064,2025-09-22T16:06:28.043255461,1,,boundary
nq,LightGBM,10,only_pre,253516,2025-09-23T15:58:26.180583309,1,,interior
nq,LightGBM,10,only_pre,253876,2025-09-25T17:54:11.001265725,1,,boundary
nq,LightGBM,10,only_pre,278649,2025-09-30T19:47:36.035742887,0,,boundary
nq,LightGBM,10,only_pre,282718,2025-10-01T14:00:00.011953061,0,,boundary
nq,LightGBM,10,only_pre,283439,2025-10-03T15:58:13.001474443,0,,boundary
nq,LightGBM,10,only_pre,307425,2025-10-08T17:42:33.001009483,1,,boundary
nq,LightGBM,10,only_pre,331318,2025-10-13T19:25:36.000117297,0,,boundary
nq,LightGBM,10,only_pre,355456,2025-10-14T19:20:50.007049001,1,,interior
nq,LightGBM,10,only_pre,356082,2025-10-17T14:15:00.005699699,1,,boundary
nq,LightGBM,10,only_pre,380688,2025-10-22T15:55:59.001299035,1,,boundary
nq,LightGBM,10,only_pre,405402,2025-10-27T17:35:44.001314873,0,,boundary
nq,LightGBM,10,only_pre,429494,2025-10-30T19:28:20.007181627,0,,boundary
nq,LightGBM,10,only_pre,454208,2025-11-04T21:12:14.006165795,1,,boundary
nq,LightGBM,10,only_pre,482125,2025-11-07T20:23:26.000011497,1,,boundary
nq,LightGBM,10,only_pre,510063,2025-11-12T19:30:48.000013997,0,,boundary
nq,LightGBM,10,only_pre,566778,2025-11-20T17:43:38.000013879,0,,boundary
nq,LightGBM,10,only_pre,595344,2025-11-25T16:51:23.000009337,0,,boundary
nq,LightGBM,10,only_pre,623423,2025-12-02T21:09:58.000009071,0,,boundary
nq,LightGBM,10,only_pre,651165,2025-12-05T20:12:54.000011419,1,,boundary
nq,LightGBM,10,only_pre,678876,2025-12-10T19:17:42.000010623,1,,boundary
nq,LightGBM,10,only_pre,707082,2025-12-15T18:20:39.000014673,1,,boundary
nq,LightGBM,10,only_pre,735139,2025-12-18T17:24:00.000008549,0,,boundary
nq,LightGBM,10,only_pre,763371,2025-12-23T16:33:01.000015405,0,,boundary
nq,LightGBM,10,only_pre,789809,2025-12-29T19:23:37.000012811,0,,boundary
nq,LightGBM,10,only_post,474,2025-08-01T14:08:00.020817297,,1,boundary
nq,LightGBM,10,only_post,25495,2025-08-06T15:56:38.007135423,,0,boundary
nq,LightGBM,10,only_post,49165,2025-08-11T17:40:39.030972967,,1,boundary
nq,LightGBM,10,only_post,73182,2025-08-14T19:30:26.026727259,,0,boundary
nq,LightGBM,10,only_post,97540,2025-08-20T14:18:37.001955837,,0,boundary
nq,LightGBM,10,only_post,121589,2025-08-25T16:06:23.010470911,,1,boundary
nq,LightGBM,10,only_post,145387,2025-08-28T17:51:51.023844373,,0,interior
nq,LightGBM,10,only_post,145902,2025-08-28T18:01:01.023844373,,1,boundary
nq,LightGBM,10,only_post,145903,2025-09-01T14:00:01.050671613,,0,boundary
nq,LightGBM,10,only_post,158554,2025-09-04T15:46:47.013532837,,0,boundary
nq,LightGBM,10,only_post,182230,2025-09-09T17:32:34.002118841,,0,boundary
nq,LightGBM,10,only_post,205893,2025-09-12T19:29:29.003310267,,1,boundary
nq,LightGBM,10,only_post,230063,2025-09-18T14:23:26.002898035,,1,boundary
nq,LightGBM,10,only_post,253515,2025-09-23T15:58:25.180583309,,1,interior
nq,LightGBM,10,only_post,253875,2025-09-23T16:04:44.180583309,,0,boundary
nq,LightGBM,10,only_post,278648,2025-09-26T18:00:34.005533419,,1,boundary
nq,LightGBM,10,only_post,283437,2025-10-01T14:12:13.011953061,,1,boundary
nq,LightGBM,10,only_post,307423,2025-10-06T15:55:20.001701285,,0,boundary
nq,LightGBM,10,only_post,331316,2025-10-09T17:40:07.002298451,,1,boundary
nq,LightGBM,10,only_post,355454,2025-10-14T19:20:49.007049001,,1,interior
nq,LightGBM,10,only_post,380685,2025-10-20T14:12:59.008500005,,1,boundary
nq,LightGBM,10,only_post,405399,2025-10-23T15:55:27.005563387,,0,boundary
nq,LightGBM,10,only_post,429491,2025-10-28T17:39:24.001278059,,1,boundary
nq,LightGBM,10,only_post,454205,2025-10-31T19:28:07.003944495,,1,boundary
nq,LightGBM,10,only_post,482122,2025-11-05T21:12:14.000010561,,0,boundary
nq,LightGBM,10,only_post,510060,2025-11-10T20:23:25.000021323,,0,boundary
nq,LightGBM,10,only_post,538299,2025-11-13T19:30:48.000016535,,0,boundary
nq,LightGBM,10,only_post,566776,2025-11-18T18:37:00.000010445,,0,boundary
nq,LightGBM,10,only_post,595342,2025-11-21T17:43:39.000014235,,0,boundary
nq,LightGBM,10,only_post,623421,2025-11-26T16:51:23.000008937,,1,boundary
nq,LightGBM,10,only_post,651163,2025-12-03T21:09:58.000013365,,0,boundary
nq,LightGBM,10,only_post,678874,2025-12-08T20:12:53.000018733,,0,boundary
nq,LightGBM,10,only_post,707080,2025-12-11T19:17:42.001912767,,1,boundary
nq,LightGBM,10,only_post,735137,2025-12-16T18:20:39.000009743,,0,boundary
nq,LightGBM,10,only_post,763369,2025-12-19T17:24:01.000009821,,0,boundary
nq,LightGBM,10,only_post,789807,2025-12-24T16:33:01.000015035,,0,boundary
nq,LightGBM,10,only_post,816711,2025-12-30T19:23:37.000018545,,1,boundary
nq,LightGBM,30,only_pre,0,2025-08-01T14:00:00.020817297,0,,boundary
nq,LightGBM,30,only_pre,476,2025-08-05T15:47:40.002500257,1,,boundary
nq,LightGBM,30,only_pre,25828,2025-08-08T17:44:00.007910331,1,,boundary
nq,LightGBM,30,only_pre,50127,2025-08-13T19:29:21.003959923,0,,boundary
nq,LightGBM,30,only_pre,74766,2025-08-19T14:14:38.037523187,1,,boundary
nq,LightGBM,30,only_pre,148420,2025-08-28T17:51:52.023844373,0,,interior
nq,LightGBM,30,only_pre,148945,2025-09-01T14:00:00.050671613,1,,boundary
nq,LightGBM,30,only_pre,148946,2025-09-03T19:05:35.033601021,1,,boundary
nq,LightGBM,30,only_pre,161928,2025-09-08T17:34:17.004088419,1,,boundary
nq,LightGBM,30,only_pre,186254,2025-09-11T19:27:30.002235947,1,,boundary
nq,LightGBM,30,only_pre,210670,2025-09-17T14:19:41.033858145,1,,boundary
nq,LightGBM,30,only_pre,235447,2025-09-22T16:06:28.043255461,1,,boundary
nq,LightGBM,30,only_pre,259531,2025-09-23T15:58:26.180583309,1,,interior
nq,LightGBM,30,only_pre,259897,2025-09-25T17:54:11.001265725,1,,boundary
nq,LightGBM,30,only_pre,285049,2025-09-30T19:47:36.035742887,1,,boundary
nq,LightGBM,30,only_pre,289928,2025-10-03T15:58:13.001474443,0,,boundary
nq,LightGBM,30,only_pre,314440,2025-10-08T17:42:33.001009483,1,,boundary
nq,LightGBM,30,only_pre,338848,2025-10-13T19:25:36.000117297,0,,boundary
nq,LightGBM,30,only_pre,363388,2025-10-14T19:20:50.007049001,1,,interior
nq,LightGBM,30,only_pre,364035,2025-10-17T14:15:00.005699699,1,,boundary
nq,LightGBM,30,only_pre,388891,2025-10-22T15:55:59.001299035,1,,boundary
nq,LightGBM,30,only_pre,438480,2025-10-30T19:28:20.007181627,1,,boundary
nq,LightGBM,30,only_pre,463403,2025-11-04T21:12:14.006165795,1,,boundary
nq,LightGBM,30,only_pre,520082,2025-11-12T19:30:48.000013997,1,,boundary
nq,LightGBM,30,only_pre,548558,2025-11-17T18:37:00.000011451,1,,boundary
nq,LightGBM,30,only_pre,577175,2025-11-20T17:43:38.000013879,0,,boundary
nq,LightGBM,30,only_pre,605849,2025-11-25T16:51:23.000009337,1,,boundary
nq,LightGBM,30,only_pre,634244,2025-12-02T21:09:58.000009071,0,,boundary
nq,LightGBM,30,only_pre,662449,2025-12-05T20:12:54.000011419,0,,boundary
nq,LightGBM,30,only_pre,690619,2025-12-10T19:17:42.000010623,0,,boundary
nq,LightGBM,30,only_pre,719089,2025-12-15T18:20:39.000014673,1,,boundary
nq,LightGBM,30,only_pre,747497,2025-12-18T17:24:00.000008549,0,,boundary
nq,LightGBM,30,only_pre,775966,2025-12-23T16:33:01.000015405,1,,boundary
nq,LightGBM,30,only_pre,803451,2025-12-29T19:23:37.000012811,0,,boundary
nq,LightGBM,30,only_post,475,2025-08-01T14:08:00.020817297,,1,boundary
nq,LightGBM,30,only_post,25827,2025-08-06T15:56:38.007135423,,0,boundary
nq,LightGBM,30,only_post,50126,2025-08-11T17:40:39.030972967,,1,boundary
nq,LightGBM,30,only_post,74765,2025-08-14T19:30:26.026727259,,0,boundary
nq,LightGBM,30,only_post,99628,2025-08-20T14:18:37.001955837,,1,boundary
nq,LightGBM,30,only_post,124172,2025-08-25T16:06:23.010470911,,1,boundary
nq,LightGBM,30,only_post,148421,2025-08-28T17:51:51.023844373,,0,interior
nq,LightGBM,30,only_post,148946,2025-08-28T18:01:01.023844373,,1,boundary
nq,LightGBM,30,only_post,148947,2025-09-01T14:00:01.050671613,,1,boundary
nq,LightGBM,30,only_post,161929,2025-09-04T15:46:47.013532837,,0,boundary
nq,LightGBM,30,only_post,186255,2025-09-09T17:32:34.002118841,,0,boundary
nq,LightGBM,30,only_post,235447,2025-09-18T14:23:26.002898035,,1,boundary
nq,LightGBM,30,only_post,259531,2025-09-23T15:58:25.180583309,,1,interior
nq,LightGBM,30,only_post,259897,2025-09-23T16:04:44.180583309,,1,boundary
nq,LightGBM,30,only_post,285049,2025-09-26T18:00:34.005533419,,1,boundary
nq,LightGBM,30,only_post,289928,2025-10-01T14:12:13.011953061,,1,boundary
nq,LightGBM,30,only_post,314440,2025-10-06T15:55:20.001701285,,0,boundary
nq,LightGBM,30,only_post,338848,2025-10-09T17:40:07.002298451,,1,boundary
nq,LightGBM,30,only_post,363388,2025-10-14T19:20:49.007049001,,1,interior
nq,LightGBM,30,only_post,364035,2025-10-14T19:31:50.007049001,,1,boundary
nq,LightGBM,30,only_post,388891,2025-10-20T14:12:59.008500005,,1,boundary
nq,LightGBM,30,only_post,413816,2025-10-23T15:55:27.005563387,,1,boundary
nq,LightGBM,30,only_post,463403,2025-10-31T19:28:07.003944495,,1,boundary
nq,LightGBM,30,only_post,491737,2025-11-05T21:12:14.000010561,,0,boundary
nq,LightGBM,30,only_post,520083,2025-11-10T20:23:25.000021323,,0,boundary
nq,LightGBM,30,only_post,548559,2025-11-13T19:30:48.000016535,,0,boundary
nq,LightGBM,30,only_post,577176,2025-11-18T18:37:00.000010445,,0,boundary
nq,LightGBM,30,only_post,605850,2025-11-21T17:43:39.000014235,,0,boundary
nq,LightGBM,30,only_post,634245,2025-11-26T16:51:23.000008937,,1,boundary
nq,LightGBM,30,only_post,662450,2025-12-03T21:09:58.000013365,,0,boundary
nq,LightGBM,30,only_post,690620,2025-12-08T20:12:53.000018733,,0,boundary
nq,LightGBM,30,only_post,719090,2025-12-11T19:17:42.001912767,,1,boundary
nq,LightGBM,30,only_post,747498,2025-12-16T18:20:39.000009743,,0,boundary
nq,LightGBM,30,only_post,775967,2025-12-19T17:24:01.000009821,,1,boundary
nq,LightGBM,30,only_post,803452,2025-12-24T16:33:01.000015035,,1,boundary
nq,LightGBM,30,only_post,831171,2025-12-30T19:23:37.000018545,,1,boundary
nq,LightGBM,60,only_pre,0,2025-08-01T14:00:00.020817297,0,,boundary
nq,LightGBM,60,only_pre,479,2025-08-05T15:47:40.002500257,1,,boundary
nq,LightGBM,60,only_pre,25994,2025-08-08T17:44:00.007910331,0,,boundary
nq,LightGBM,60,only_pre,50569,2025-08-13T19:29:21.003959923,0,,boundary
nq,LightGBM,60,only_pre,75405,2025-08-19T14:14:38.037523187,1,,boundary
nq,LightGBM,60,only_pre,100522,2025-08-22T16:07:13.000968119,0,,boundary
nq,LightGBM,60,only_pre,125287,2025-08-27T17:58:00.002978329,1,,boundary
nq,LightGBM,60,only_pre,149714,2025-08-28T17:51:52.023844373,1,,interior
nq,LightGBM,60,only_pre,150252,2025-09-01T14:00:00.050671613,1,,boundary
nq,LightGBM,60,only_pre,150253,2025-09-03T19:05:35.033601021,1,,boundary
nq,LightGBM,60,only_pre,163348,2025-09-08T17:34:17.004088419,1,,boundary
nq,LightGBM,60,only_pre,187954,2025-09-11T19:27:30.002235947,1,,boundary
nq,LightGBM,60,only_pre,212671,2025-09-17T14:19:41.033858145,1,,boundary
nq,LightGBM,60,only_pre,237735,2025-09-22T16:06:28.043255461,1,,boundary
nq,LightGBM,60,only_pre,262068,2025-09-23T15:58:26.180583309,1,,interior
nq,LightGBM,60,only_pre,262439,2025-09-25T17:54:11.001265725,1,,boundary
nq,LightGBM,60,only_pre,287785,2025-09-30T19:47:36.035742887,1,,boundary
nq,LightGBM,60,only_pre,291969,2025-10-01T14:00:00.011953061,1,,boundary
nq,LightGBM,60,only_pre,292695,2025-10-03T15:58:13.001474443,0,,boundary
nq,LightGBM,60,only_pre,317407,2025-10-08T17:42:33.001009483,1,,boundary
nq,LightGBM,60,only_pre,342068,2025-10-13T19:25:36.000117297,0,,boundary
nq,LightGBM,60,only_pre,366745,2025-10-14T19:20:50.007049001,1,,interior
nq,LightGBM,60,only_pre,367400,2025-10-17T14:15:00.005699699,1,,boundary
nq,LightGBM,60,only_pre,392370,2025-10-22T15:55:59.001299035,1,,boundary
nq,LightGBM,60,only_pre,417446,2025-10-27T17:35:44.001314873,1,,boundary
nq,LightGBM,60,only_pre,442398,2025-10-30T19:28:20.007181627,1,,boundary
nq,LightGBM,60,only_pre,467456,2025-11-04T21:12:14.006165795,1,,boundary
nq,LightGBM,60,only_pre,495940,2025-11-07T20:23:26.000011497,0,,boundary
nq,LightGBM,60,only_pre,524445,2025-11-12T19:30:48.000013997,0,,boundary
nq,LightGBM,60,only_pre,553005,2025-11-17T18:37:00.000011451,1,,boundary
nq,LightGBM,60,only_pre,581665,2025-11-20T17:43:38.000013879,0,,boundary
nq,LightGBM,60,only_pre,610365,2025-11-25T16:51:23.000009337,1,,boundary
nq,LightGBM,60,only_pre,638912,2025-12-02T21:09:58.000009071,0,,boundary
nq,LightGBM,60,only_pre,667286,2025-12-05T20:12:54.000011419,1,,boundary
nq,LightGBM,60,only_pre,695646,2025-12-10T19:17:42.000010623,0,,boundary
nq,LightGBM,60,only_pre,724235,2025-12-15T18:20:39.000014673,0,,boundary
nq,LightGBM,60,only_pre,752729,2025-12-18T17:24:00.000008549,0,,boundary
nq,LightGBM,60,only_pre,781313,2025-12-23T16:33:01.000015405,0,,boundary
nq,LightGBM,60,only_pre,809211,2025-12-29T19:23:37.000012811,0,,boundary
nq,LightGBM,60,only_post,478,2025-08-01T14:08:00.020817297,,1,boundary
nq,LightGBM,60,only_post,25993,2025-08-06T15:56:38.007135423,,1,boundary
nq,LightGBM,60,only_post,50568,2025-08-11T17:40:39.030972967,,1,boundary
nq,LightGBM,60,only_post,75404,2025-08-14T19:30:26.026727259,,0,boundary
nq,LightGBM,60,only_post,100521,2025-08-20T14:18:37.001955837,,1,boundary
nq,LightGBM,60,only_post,125286,2025-08-25T16:06:23.010470911,,1,boundary
nq,LightGBM,60,only_post,149713,2025-08-28T17:51:51.023844373,,1,interior
nq,LightGBM,60,only_post,150251,2025-08-28T18:01:01.023844373,,1,boundary
nq,LightGBM,60,only_post,150252,2025-09-01T14:00:01.050671613,,0,boundary
nq,LightGBM,60,only_post,163347,2025-09-04T15:46:47.013532837,,0,boundary
nq,LightGBM,60,only_post,187953,2025-09-09T17:32:34.002118841,,0,boundary
nq,LightGBM,60,only_post,212670,2025-09-12T19:29:29.003310267,,0,boundary
nq,LightGBM,60,only_post,237734,2025-09-18T14:23:26.002898035,,1,boundary
nq,LightGBM,60,only_post,262067,2025-09-23T15:58:25.180583309,,1,interior
nq,LightGBM,60,only_post,262438,2025-09-23T16:04:44.180583309,,1,boundary
nq,LightGBM,60,only_post,287784,2025-09-26T18:00:34.005533419,,1,boundary
nq,LightGBM,60,only_post,317404,2025-10-06T15:55:20.001701285,,0,boundary
nq,LightGBM,60,only_post,342065,2025-10-09T17:40:07.002298451,,1,boundary
nq,LightGBM,60,only_post,366742,2025-10-14T19:20:49.007049001,,1,interior
nq,LightGBM,60,only_post,367397,2025-10-14T19:31:50.007049001,,1,boundary
nq,LightGBM,60,only_post,392367,2025-10-20T14:12:59.008500005,,1,boundary
nq,LightGBM,60,only_post,417443,2025-10-23T15:55:27.005563387,,1,boundary
nq,LightGBM,60,only_post,442395,2025-10-28T17:39:24.001278059,,1,boundary
nq,LightGBM,60,only_post,467453,2025-10-31T19:28:07.003944495,,1,boundary
nq,LightGBM,60,only_post,495937,2025-11-05T21:12:14.000010561,,0,boundary
nq,LightGBM,60,only_post,524442,2025-11-10T20:23:25.000021323,,1,boundary
nq,LightGBM,60,only_post,553002,2025-11-13T19:30:48.000016535,,1,boundary
nq,LightGBM,60,only_post,581662,2025-11-18T18:37:00.000010445,,0,boundary
nq,LightGBM,60,only_post,610362,2025-11-21T17:43:39.000014235,,0,boundary
nq,LightGBM,60,only_post,638909,2025-11-26T16:51:23.000008937,,1,boundary
nq,LightGBM,60,only_post,667283,2025-12-03T21:09:58.000013365,,0,boundary
nq,LightGBM,60,only_post,695643,2025-12-08T20:12:53.000018733,,0,boundary
nq,LightGBM,60,only_post,724232,2025-12-11T19:17:42.001912767,,1,boundary
nq,LightGBM,60,only_post,752726,2025-12-16T18:20:39.000009743,,0,boundary
nq,LightGBM,60,only_post,809207,2025-12-24T16:33:01.000015035,,1,boundary
nq,LightGBM,60,only_post,837319,2025-12-30T19:23:37.000018545,,0,boundary
nq,XGBoost,5,only_pre,0,2025-08-01T14:00:00.020817297,0,,boundary
nq,XGBoost,5,only_pre,476,2025-08-05T15:47:40.002500257,1,,boundary
nq,XGBoost,5,only_pre,25198,2025-08-08T17:44:00.007910331,1,,boundary
nq,XGBoost,5,only_pre,48154,2025-08-13T19:29:21.003959923,0,,boundary
nq,XGBoost,5,only_pre,71585,2025-08-19T14:14:38.037523187,1,,boundary
nq,XGBoost,5,only_pre,95420,2025-08-22T16:07:13.000968119,1,,boundary
nq,XGBoost,5,only_pre,118733,2025-08-27T17:58:00.002978329,1,,boundary
nq,XGBoost,5,only_pre,141986,2025-08-28T17:51:52.023844373,1,,interior
nq,XGBoost,5,only_pre,142477,2025-09-01T14:00:00.050671613,1,,boundary
nq,XGBoost,5,only_pre,142478,2025-09-03T19:05:35.033601021,1,,boundary
nq,XGBoost,5,only_pre,154684,2025-09-08T17:34:17.004088419,1,,boundary
nq,XGBoost,5,only_pre,177609,2025-09-11T19:27:30.002235947,1,,boundary
nq,XGBoost,5,only_pre,200467,2025-09-17T14:19:41.033858145,1,,boundary
nq,XGBoost,5,only_pre,246699,2025-09-23T15:58:26.180583309,1,,interior
nq,XGBoost,5,only_pre,247039,2025-09-25T17:54:11.001265725,1,,boundary
nq,XGBoost,5,only_pre,271351,2025-09-30T19:47:36.035742887,0,,boundary
nq,XGBoost,5,only_pre,275230,2025-10-01T14:00:00.011953061,0,,boundary
nq,XGBoost,5,only_pre,275948,2025-10-03T15:58:13.001474443,0,,boundary
nq,XGBoost,5,only_pre,299340,2025-10-08T17:42:33.001009483,1,,boundary
nq,XGBoost,5,only_pre,322712,2025-10-13T19:25:36.000117297,0,,boundary
nq,XGBoost,5,only_pre,346374,2025-10-14T19:20:50.007049001,1,,interior
nq,XGBoost,5,only_pre,346996,2025-10-17T14:15:00.005699699,1,,boundary
nq,XGBoost,5,only_pre,371305,2025-10-22T15:55:59.001299035,1,,boundary
nq,XGBoost,5,only_pre,395786,2025-10-27T17:35:44.001314873,0,,boundary
nq,XGBoost,5,only_pre,419169,2025-10-30T19:28:20.007181627,0,,boundary
nq,XGBoost,5,only_pre,443657,2025-11-04T21:12:14.006165795,1,,boundary
nq,XGBoost,5,only_pre,471243,2025-11-07T20:23:26.000011497,0,,boundary
nq,XGBoost,5,only_pre,498710,2025-11-12T19:30:48.000013997,0,,boundary
nq,XGBoost,5,only_pre,526630,2025-11-17T18:37:00.000011451,1,,boundary
nq,XGBoost,5,only_pre,554944,2025-11-20T17:43:38.000013879,0,,boundary
nq,XGBoost,5,only_pre,583370,2025-11-25T16:51:23.000009337,0,,boundary
nq,XGBoost,5,only_pre,611059,2025-12-02T21:09:58.000009071,0,,boundary
nq,XGBoost,5,only_pre,638261,2025-12-05T20:12:54.000011419,0,,boundary
nq,XGBoost,5,only_pre,665354,2025-12-10T19:17:42.000010623,1,,boundary
nq,XGBoost,5,only_pre,693292,2025-12-15T18:20:39.000014673,1,,boundary
nq,XGBoost,5,only_pre,720918,2025-12-18T17:24:00.000008549,0,,boundary
nq,XGBoost,5,only_pre,748814,2025-12-23T16:33:01.000015405,0,,boundary
nq,XGBoost,5,only_pre,774248,2025-12-29T19:23:37.000012811,0,,boundary
nq,XGBoost,5,only_post,475,2025-08-01T14:08:00.020817297,,0,boundary
nq,XGBoost,5,only_post,25197,2025-08-06T15:56:38.007135423,,0,boundary
nq,XGBoost,5,only_post,48153,2025-08-11T17:40:39.030972967,,1,boundary
nq,XGBoost,5,only_post,71584,2025-08-14T19:30:26.026727259,,0,boundary
nq,XGBoost,5,only_post,95419,2025-08-20T14:18:37.001955837,,1,boundary
nq,XGBoost,5,only_post,118732,2025-08-25T16:06:23.010470911,,1,boundary
nq,XGBoost,5,only_post,141985,2025-08-28T17:51:51.023844373,,0,interior
nq,XGBoost,5,only_post,142476,2025-08-28T18:01:01.023844373,,1,boundary
nq,XGBoost,5,only_post,142477,2025-09-01T14:00:01.050671613,,0,boundary
nq,XGBoost,5,only_post,154683,2025-09-04T15:46:47.013532837,,1,boundary
nq,XGBoost,5,only_post,177608,2025-09-09T17:32:34.002118841,,0,boundary
nq,XGBoost,5,only_post,200466,2025-09-12T19:29:29.003310267,,1,boundary
nq,XGBoost,5,only_post,223929,2025-09-18T14:23:26.002898035,,0,boundary
nq,XGBoost,5,only_post,246699,2025-09-23T15:58:25.180583309,,1,interior
nq,XGBoost,5,only_post,271350,2025-09-26T18:00:34.005533419,,0,boundary
nq,XGBoost,5,only_post,275946,2025-10-01T14:12:13.011953061,,1,boundary
nq,XGBoost,5,only_post,299338,2025-10-06T15:55:20.001701285,,0,boundary
nq,XGBoost,5,only_post,322710,2025-10-09T17:40:07.002298451,,0,boundary
nq,XGBoost,5,only_post,346372,2025-10-14T19:20:49.007049001,,1,interior
nq,XGBoost,5,only_post,346994,2025-10-14T19:31:50.007049001,,1,boundary
nq,XGBoost,5,only_post,371303,2025-10-20T14:12:59.008500005,,1,boundary
nq,XGBoost,5,only_post,395784,2025-10-23T15:55:27.005563387,,0,boundary
nq,XGBoost,5,only_post,419167,2025-10-28T17:39:24.001278059,,1,boundary
nq,XGBoost,5,only_post,443655,2025-10-31T19:28:07.003944495,,0,boundary
nq,XGBoost,5,only_post,471241,2025-11-05T21:12:14.000010561,,0,boundary
nq,XGBoost,5,only_post,498708,2025-11-10T20:23:25.000021323,,0,boundary
nq,XGBoost,5,only_post,526628,2025-11-13T19:30:48.000016535,,1,boundary
nq,XGBoost,5,only_post,554942,2025-11-18T18:37:00.000010445,,0,boundary
nq,XGBoost,5,only_post,583368,2025-11-21T17:43:39.000014235,,1,boundary
nq,XGBoost,5,only_post,611057,2025-11-26T16:51:23.000008937,,1,boundary
nq,XGBoost,5,only_post,665351,2025-12-08T20:12:53.000018733,,0,boundary
nq,XGBoost,5,only_post,693289,2025-12-11T19:17:42.001912767,,0,boundary
nq,XGBoost,5,only_post,720915,2025-12-16T18:20:39.000009743,,0,boundary
nq,XGBoost,5,only_post,748811,2025-12-19T17:24:01.000009821,,0,boundary
nq,XGBoost,5,only_post,774245,2025-12-24T16:33:01.000015035,,0,boundary
nq,XGBoost,5,only_post,800121,2025-12-30T19:23:37.000018545,,1,boundary
nq,XGBoost,10,only_pre,0,2025-08-01T14:00:00.020817297,0,,boundary
nq,XGBoost,10,only_pre,475,2025-08-05T15:47:40.002500257,1,,boundary
nq,XGBoost,10,only_pre,25496,2025-08-08T17:44:00.007910331,1,,boundary
nq,XGBoost,10,only_pre,49166,2025-08-13T19:29:21.003959923,1,,boundary
nq,XGBoost,10,only_pre,73183,2025-08-19T14:14:38.037523187,1,,boundary
nq,XGBoost,10,only_pre,97541,2025-08-22T16:07:13.000968119,0,,boundary
nq,XGBoost,10,only_pre,121590,2025-08-27T17:58:00.002978329,1,,boundary
nq,XGBoost,10,only_pre,145388,2025-08-28T17:51:52.023844373,0,,interior
nq,XGBoost,10,only_pre,145903,2025-09-01T14:00:00.050671613,1,,boundary
nq,XGBoost,10,only_pre,145904,2025-09-03T19:05:35.033601021,1,,boundary
nq,XGBoost,10,only_pre,158555,2025-09-08T17:34:17.004088419,1,,boundary
nq,XGBoost,10,only_pre,182231,2025-09-11T19:27:30.002235947,1,,boundary
nq,XGBoost,10,only_pre,205894,2025-09-17T14:19:41.033858145,0,,boundary
nq,XGBoost,10,only_pre,230064,2025-09-22T16:06:28.043255461,1,,boundary
nq,XGBoost,10,only_pre,253516,2025-09-23T15:58:26.180583309,1,,interior
nq,XGBoost,10,only_pre,253876,2025-09-25T17:54:11.001265725,1,,boundary
nq,XGBoost,10,only_pre,278649,2025-09-30T19:47:36.035742887,0,,boundary
nq,XGBoost,10,only_pre,282718,2025-10-01T14:00:00.011953061,0,,boundary
nq,XGBoost,10,only_pre,283439,2025-10-03T15:58:13.001474443,0,,boundary
nq,XGBoost,10,only_pre,307425,2025-10-08T17:42:33.001009483,1,,boundary
nq,XGBoost,10,only_pre,331318,2025-10-13T19:25:36.000117297,0,,boundary
nq,XGBoost,10,only_pre,355456,2025-10-14T19:20:50.007049001,1,,interior
nq,XGBoost,10,only_pre,356082,2025-10-17T14:15:00.005699699,1,,boundary
nq,XGBoost,10,only_pre,380688,2025-10-22T15:55:59.001299035,1,,boundary
nq,XGBoost,10,only_pre,405402,2025-10-27T17:35:44.001314873,0,,boundary
nq,XGBoost,10,only_pre,429494,2025-10-30T19:28:20.007181627,0,,boundary
nq,XGBoost,10,only_pre,454208,2025-11-04T21:12:14.006165795,1,,boundary
nq,XGBoost,10,only_pre,482125,2025-11-07T20:23:26.000011497,1,,boundary
nq,XGBoost,10,only_pre,510063,2025-11-12T19:30:48.000013997,0,,boundary
nq,XGBoost,10,only_pre,566778,2025-11-20T17:43:38.000013879,0,,boundary
nq,XGBoost,10,only_pre,595344,2025-11-25T16:51:23.000009337,0,,boundary
nq,XGBoost,10,only_pre,623423,2025-12-02T21:09:58.000009071,0,,boundary
nq,XGBoost,10,only_pre,651165,2025-12-05T20:12:54.000011419,1,,boundary
nq,XGBoost,10,only_pre,678876,2025-12-10T19:17:42.000010623,1,,boundary
nq,XGBoost,10,only_pre,707082,2025-12-15T18:20:39.000014673,1,,boundary
nq,XGBoost,10,only_pre,735139,2025-12-18T17:24:00.000008549,0,,boundary
nq,XGBoost,10,only_pre,763371,2025-12-23T16:33:01.000015405,0,,boundary
nq,XGBoost,10,only_pre,789809,2025-12-29T19:23:37.000012811,0,,boundary
nq,XGBoost,10,only_post,474,2025-08-01T14:08:00.020817297,,1,boundary
nq,XGBoost,10,only_post,25495,2025-08-06T15:56:38.007135423,,0,boundary
nq,XGBoost,10,only_post,49165,2025-08-11T17:40:39.030972967,,1,boundary
nq,XGBoost,10,only_post,73182,2025-08-14T19:30:26.026727259,,0,boundary
nq,XGBoost,10,only_post,97540,2025-08-20T14:18:37.001955837,,0,boundary
nq,XGBoost,10,only_post,121589,2025-08-25T16:06:23.010470911,,1,boundary
nq,XGBoost,10,only_post,145387,2025-08-28T17:51:51.023844373,,0,interior
nq,XGBoost,10,only_post,145902,2025-08-28T18:01:01.023844373,,1,boundary
nq,XGBoost,10,only_post,145903,2025-09-01T14:00:01.050671613,,0,boundary
nq,XGBoost,10,only_post,158554,2025-09-04T15:46:47.013532837,,0,boundary
nq,XGBoost,10,only_post,182230,2025-09-09T17:32:34.002118841,,0,boundary
nq,XGBoost,10,only_post,205893,2025-09-12T19:29:29.003310267,,1,boundary
nq,XGBoost,10,only_post,230063,2025-09-18T14:23:26.002898035,,1,boundary
nq,XGBoost,10,only_post,253515,2025-09-23T15:58:25.180583309,,1,interior
nq,XGBoost,10,only_post,253875,2025-09-23T16:04:44.180583309,,0,boundary
nq,XGBoost,10,only_post,278648,2025-09-26T18:00:34.005533419,,1,boundary
nq,XGBoost,10,only_post,283437,2025-10-01T14:12:13.011953061,,1,boundary
nq,XGBoost,10,only_post,307423,2025-10-06T15:55:20.001701285,,0,boundary
nq,XGBoost,10,only_post,331316,2025-10-09T17:40:07.002298451,,1,boundary
nq,XGBoost,10,only_post,355454,2025-10-14T19:20:49.007049001,,1,interior
nq,XGBoost,10,only_post,380685,2025-10-20T14:12:59.008500005,,1,boundary
nq,XGBoost,10,only_post,405399,2025-10-23T15:55:27.005563387,,0,boundary
nq,XGBoost,10,only_post,429491,2025-10-28T17:39:24.001278059,,1,boundary
nq,XGBoost,10,only_post,454205,2025-10-31T19:28:07.003944495,,1,boundary
nq,XGBoost,10,only_post,482122,2025-11-05T21:12:14.000010561,,0,boundary
nq,XGBoost,10,only_post,510060,2025-11-10T20:23:25.000021323,,0,boundary
nq,XGBoost,10,only_post,538299,2025-11-13T19:30:48.000016535,,0,boundary
nq,XGBoost,10,only_post,566776,2025-11-18T18:37:00.000010445,,0,boundary
nq,XGBoost,10,only_post,595342,2025-11-21T17:43:39.000014235,,0,boundary
nq,XGBoost,10,only_post,623421,2025-11-26T16:51:23.000008937,,1,boundary
nq,XGBoost,10,only_post,651163,2025-12-03T21:09:58.000013365,,0,boundary
nq,XGBoost,10,only_post,678874,2025-12-08T20:12:53.000018733,,0,boundary
nq,XGBoost,10,only_post,707080,2025-12-11T19:17:42.001912767,,1,boundary
nq,XGBoost,10,only_post,735137,2025-12-16T18:20:39.000009743,,0,boundary
nq,XGBoost,10,only_post,763369,2025-12-19T17:24:01.000009821,,0,boundary
nq,XGBoost,10,only_post,789807,2025-12-24T16:33:01.000015035,,0,boundary
nq,XGBoost,10,only_post,816711,2025-12-30T19:23:37.000018545,,1,boundary
nq,XGBoost,30,only_pre,0,2025-08-01T14:00:00.020817297,0,,boundary
nq,XGBoost,30,only_pre,476,2025-08-05T15:47:40.002500257,1,,boundary
nq,XGBoost,30,only_pre,25828,2025-08-08T17:44:00.007910331,1,,boundary
nq,XGBoost,30,only_pre,50127,2025-08-13T19:29:21.003959923,0,,boundary
nq,XGBoost,30,only_pre,74766,2025-08-19T14:14:38.037523187,1,,boundary
nq,XGBoost,30,only_pre,148420,2025-08-28T17:51:52.023844373,0,,interior
nq,XGBoost,30,only_pre,148945,2025-09-01T14:00:00.050671613,1,,boundary
nq,XGBoost,30,only_pre,148946,2025-09-03T19:05:35.033601021,1,,boundary
nq,XGBoost,30,only_pre,161928,2025-09-08T17:34:17.004088419,1,,boundary
nq,XGBoost,30,only_pre,186254,2025-09-11T19:27:30.002235947,1,,boundary
nq,XGBoost,30,only_pre,210670,2025-09-17T14:19:41.033858145,1,,boundary
nq,XGBoost,30,only_pre,235447,2025-09-22T16:06:28.043255461,1,,boundary
nq,XGBoost,30,only_pre,259531,2025-09-23T15:58:26.180583309,1,,interior
nq,XGBoost,30,only_pre,259897,2025-09-25T17:54:11.001265725,1,,boundary
nq,XGBoost,30,only_pre,285049,2025-09-30T19:47:36.035742887,1,,boundary
nq,XGBoost,30,only_pre,289928,2025-10-03T15:58:13.001474443,0,,boundary
nq,XGBoost,30,only_pre,314440,2025-10-08T17:42:33.001009483,1,,boundary
nq,XGBoost,30,only_pre,338848,2025-10-13T19:25:36.000117297,0,,boundary
nq,XGBoost,30,only_pre,363388,2025-10-14T19:20:50.007049001,1,,interior
nq,XGBoost,30,only_pre,364035,2025-10-17T14:15:00.005699699,1,,boundary
nq,XGBoost,30,only_pre,388891,2025-10-22T15:55:59.001299035,1,,boundary
nq,XGBoost,30,only_pre,438480,2025-10-30T19:28:20.007181627,1,,boundary
nq,XGBoost,30,only_pre,463403,2025-11-04T21:12:14.006165795,1,,boundary
nq,XGBoost,30,only_pre,520082,2025-11-12T19:30:48.000013997,1,,boundary
nq,XGBoost,30,only_pre,548558,2025-11-17T18:37:00.000011451,1,,boundary
nq,XGBoost,30,only_pre,577175,2025-11-20T17:43:38.000013879,0,,boundary
nq,XGBoost,30,only_pre,605849,2025-11-25T16:51:23.000009337,1,,boundary
nq,XGBoost,30,only_pre,634244,2025-12-02T21:09:58.000009071,0,,boundary
nq,XGBoost,30,only_pre,662449,2025-12-05T20:12:54.000011419,0,,boundary
nq,XGBoost,30,only_pre,690619,2025-12-10T19:17:42.000010623,0,,boundary
nq,XGBoost,30,only_pre,719089,2025-12-15T18:20:39.000014673,1,,boundary
nq,XGBoost,30,only_pre,747497,2025-12-18T17:24:00.000008549,0,,boundary
nq,XGBoost,30,only_pre,775966,2025-12-23T16:33:01.000015405,1,,boundary
nq,XGBoost,30,only_pre,803451,2025-12-29T19:23:37.000012811,0,,boundary
nq,XGBoost,30,only_post,475,2025-08-01T14:08:00.020817297,,1,boundary
nq,XGBoost,30,only_post,25827,2025-08-06T15:56:38.007135423,,0,boundary
nq,XGBoost,30,only_post,50126,2025-08-11T17:40:39.030972967,,1,boundary
nq,XGBoost,30,only_post,74765,2025-08-14T19:30:26.026727259,,0,boundary
nq,XGBoost,30,only_post,99628,2025-08-20T14:18:37.001955837,,1,boundary
nq,XGBoost,30,only_post,124172,2025-08-25T16:06:23.010470911,,1,boundary
nq,XGBoost,30,only_post,148421,2025-08-28T17:51:51.023844373,,0,interior
nq,XGBoost,30,only_post,148946,2025-08-28T18:01:01.023844373,,1,boundary
nq,XGBoost,30,only_post,148947,2025-09-01T14:00:01.050671613,,1,boundary
nq,XGBoost,30,only_post,161929,2025-09-04T15:46:47.013532837,,0,boundary
nq,XGBoost,30,only_post,186255,2025-09-09T17:32:34.002118841,,0,boundary
nq,XGBoost,30,only_post,235447,2025-09-18T14:23:26.002898035,,1,boundary
nq,XGBoost,30,only_post,259531,2025-09-23T15:58:25.180583309,,1,interior
nq,XGBoost,30,only_post,259897,2025-09-23T16:04:44.180583309,,1,boundary
nq,XGBoost,30,only_post,285049,2025-09-26T18:00:34.005533419,,1,boundary
nq,XGBoost,30,only_post,289928,2025-10-01T14:12:13.011953061,,1,boundary
nq,XGBoost,30,only_post,314440,2025-10-06T15:55:20.001701285,,0,boundary
nq,XGBoost,30,only_post,338848,2025-10-09T17:40:07.002298451,,1,boundary
nq,XGBoost,30,only_post,363388,2025-10-14T19:20:49.007049001,,1,interior
nq,XGBoost,30,only_post,364035,2025-10-14T19:31:50.007049001,,1,boundary
nq,XGBoost,30,only_post,388891,2025-10-20T14:12:59.008500005,,1,boundary
nq,XGBoost,30,only_post,413816,2025-10-23T15:55:27.005563387,,1,boundary
nq,XGBoost,30,only_post,463403,2025-10-31T19:28:07.003944495,,1,boundary
nq,XGBoost,30,only_post,491737,2025-11-05T21:12:14.000010561,,0,boundary
nq,XGBoost,30,only_post,520083,2025-11-10T20:23:25.000021323,,0,boundary
nq,XGBoost,30,only_post,548559,2025-11-13T19:30:48.000016535,,0,boundary
nq,XGBoost,30,only_post,577176,2025-11-18T18:37:00.000010445,,0,boundary
nq,XGBoost,30,only_post,605850,2025-11-21T17:43:39.000014235,,0,boundary
nq,XGBoost,30,only_post,634245,2025-11-26T16:51:23.000008937,,1,boundary
nq,XGBoost,30,only_post,662450,2025-12-03T21:09:58.000013365,,0,boundary
nq,XGBoost,30,only_post,690620,2025-12-08T20:12:53.000018733,,0,boundary
nq,XGBoost,30,only_post,719090,2025-12-11T19:17:42.001912767,,1,boundary
nq,XGBoost,30,only_post,747498,2025-12-16T18:20:39.000009743,,0,boundary
nq,XGBoost,30,only_post,775967,2025-12-19T17:24:01.000009821,,1,boundary
nq,XGBoost,30,only_post,803452,2025-12-24T16:33:01.000015035,,1,boundary
nq,XGBoost,30,only_post,831171,2025-12-30T19:23:37.000018545,,1,boundary
nq,XGBoost,60,only_pre,0,2025-08-01T14:00:00.020817297,0,,boundary
nq,XGBoost,60,only_pre,479,2025-08-05T15:47:40.002500257,1,,boundary
nq,XGBoost,60,only_pre,25994,2025-08-08T17:44:00.007910331,0,,boundary
nq,XGBoost,60,only_pre,50569,2025-08-13T19:29:21.003959923,0,,boundary
nq,XGBoost,60,only_pre,75405,2025-08-19T14:14:38.037523187,1,,boundary
nq,XGBoost,60,only_pre,100522,2025-08-22T16:07:13.000968119,0,,boundary
nq,XGBoost,60,only_pre,125287,2025-08-27T17:58:00.002978329,1,,boundary
nq,XGBoost,60,only_pre,149714,2025-08-28T17:51:52.023844373,1,,interior
nq,XGBoost,60,only_pre,150252,2025-09-01T14:00:00.050671613,1,,boundary
nq,XGBoost,60,only_pre,150253,2025-09-03T19:05:35.033601021,1,,boundary
nq,XGBoost,60,only_pre,163348,2025-09-08T17:34:17.004088419,1,,boundary
nq,XGBoost,60,only_pre,187954,2025-09-11T19:27:30.002235947,1,,boundary
nq,XGBoost,60,only_pre,212671,2025-09-17T14:19:41.033858145,1,,boundary
nq,XGBoost,60,only_pre,237735,2025-09-22T16:06:28.043255461,1,,boundary
nq,XGBoost,60,only_pre,262068,2025-09-23T15:58:26.180583309,1,,interior
nq,XGBoost,60,only_pre,262439,2025-09-25T17:54:11.001265725,1,,boundary
nq,XGBoost,60,only_pre,287785,2025-09-30T19:47:36.035742887,1,,boundary
nq,XGBoost,60,only_pre,291969,2025-10-01T14:00:00.011953061,1,,boundary
nq,XGBoost,60,only_pre,292695,2025-10-03T15:58:13.001474443,0,,boundary
nq,XGBoost,60,only_pre,317407,2025-10-08T17:42:33.001009483,1,,boundary
nq,XGBoost,60,only_pre,342068,2025-10-13T19:25:36.000117297,0,,boundary
nq,XGBoost,60,only_pre,366745,2025-10-14T19:20:50.007049001,1,,interior
nq,XGBoost,60,only_pre,367400,2025-10-17T14:15:00.005699699,1,,boundary
nq,XGBoost,60,only_pre,392370,2025-10-22T15:55:59.001299035,1,,boundary
nq,XGBoost,60,only_pre,417446,2025-10-27T17:35:44.001314873,1,,boundary
nq,XGBoost,60,only_pre,442398,2025-10-30T19:28:20.007181627,1,,boundary
nq,XGBoost,60,only_pre,467456,2025-11-04T21:12:14.006165795,1,,boundary
nq,XGBoost,60,only_pre,495940,2025-11-07T20:23:26.000011497,0,,boundary
nq,XGBoost,60,only_pre,524445,2025-11-12T19:30:48.000013997,0,,boundary
nq,XGBoost,60,only_pre,553005,2025-11-17T18:37:00.000011451,1,,boundary
nq,XGBoost,60,only_pre,581665,2025-11-20T17:43:38.000013879,0,,boundary
nq,XGBoost,60,only_pre,610365,2025-11-25T16:51:23.000009337,1,,boundary
nq,XGBoost,60,only_pre,638912,2025-12-02T21:09:58.000009071,0,,boundary
nq,XGBoost,60,only_pre,667286,2025-12-05T20:12:54.000011419,1,,boundary
nq,XGBoost,60,only_pre,695646,2025-12-10T19:17:42.000010623,0,,boundary
nq,XGBoost,60,only_pre,724235,2025-12-15T18:20:39.000014673,0,,boundary
nq,XGBoost,60,only_pre,752729,2025-12-18T17:24:00.000008549,0,,boundary
nq,XGBoost,60,only_pre,781313,2025-12-23T16:33:01.000015405,0,,boundary
nq,XGBoost,60,only_pre,809211,2025-12-29T19:23:37.000012811,0,,boundary
nq,XGBoost,60,only_post,478,2025-08-01T14:08:00.020817297,,1,boundary
nq,XGBoost,60,only_post,25993,2025-08-06T15:56:38.007135423,,1,boundary
nq,XGBoost,60,only_post,50568,2025-08-11T17:40:39.030972967,,1,boundary
nq,XGBoost,60,only_post,75404,2025-08-14T19:30:26.026727259,,0,boundary
nq,XGBoost,60,only_post,100521,2025-08-20T14:18:37.001955837,,1,boundary
nq,XGBoost,60,only_post,125286,2025-08-25T16:06:23.010470911,,1,boundary
nq,XGBoost,60,only_post,149713,2025-08-28T17:51:51.023844373,,1,interior
nq,XGBoost,60,only_post,150251,2025-08-28T18:01:01.023844373,,1,boundary
nq,XGBoost,60,only_post,150252,2025-09-01T14:00:01.050671613,,0,boundary
nq,XGBoost,60,only_post,163347,2025-09-04T15:46:47.013532837,,0,boundary
nq,XGBoost,60,only_post,187953,2025-09-09T17:32:34.002118841,,0,boundary
nq,XGBoost,60,only_post,212670,2025-09-12T19:29:29.003310267,,0,boundary
nq,XGBoost,60,only_post,237734,2025-09-18T14:23:26.002898035,,1,boundary
nq,XGBoost,60,only_post,262067,2025-09-23T15:58:25.180583309,,1,interior
nq,XGBoost,60,only_post,262438,2025-09-23T16:04:44.180583309,,1,boundary
nq,XGBoost,60,only_post,287784,2025-09-26T18:00:34.005533419,,1,boundary
nq,XGBoost,60,only_post,317404,2025-10-06T15:55:20.001701285,,0,boundary
nq,XGBoost,60,only_post,342065,2025-10-09T17:40:07.002298451,,1,boundary
nq,XGBoost,60,only_post,366742,2025-10-14T19:20:49.007049001,,1,interior
nq,XGBoost,60,only_post,367397,2025-10-14T19:31:50.007049001,,1,boundary
nq,XGBoost,60,only_post,392367,2025-10-20T14:12:59.008500005,,1,boundary
nq,XGBoost,60,only_post,417443,2025-10-23T15:55:27.005563387,,1,boundary
nq,XGBoost,60,only_post,442395,2025-10-28T17:39:24.001278059,,1,boundary
nq,XGBoost,60,only_post,467453,2025-10-31T19:28:07.003944495,,1,boundary
nq,XGBoost,60,only_post,495937,2025-11-05T21:12:14.000010561,,0,boundary
nq,XGBoost,60,only_post,524442,2025-11-10T20:23:25.000021323,,1,boundary
nq,XGBoost,60,only_post,553002,2025-11-13T19:30:48.000016535,,1,boundary
nq,XGBoost,60,only_post,581662,2025-11-18T18:37:00.000010445,,0,boundary
nq,XGBoost,60,only_post,610362,2025-11-21T17:43:39.000014235,,0,boundary
nq,XGBoost,60,only_post,638909,2025-11-26T16:51:23.000008937,,1,boundary
nq,XGBoost,60,only_post,667283,2025-12-03T21:09:58.000013365,,0,boundary
nq,XGBoost,60,only_post,695643,2025-12-08T20:12:53.000018733,,0,boundary
nq,XGBoost,60,only_post,724232,2025-12-11T19:17:42.001912767,,1,boundary
nq,XGBoost,60,only_post,752726,2025-12-16T18:20:39.000009743,,0,boundary
nq,XGBoost,60,only_post,809207,2025-12-24T16:33:01.000015035,,1,boundary
nq,XGBoost,60,only_post,837319,2025-12-30T19:23:37.000018545,,0,boundary
zc,LightGBM,5,only_pre,12580,2025-08-07T16:10:03.000000000,1,,boundary
zc,LightGBM,5,only_pre,23479,2025-08-13T14:49:29.200562013,1,,boundary
zc,LightGBM,5,only_pre,39025,2025-08-18T17:01:55.441636081,0,,boundary
zc,LightGBM,5,only_pre,62931,2025-08-26T14:41:11.000000000,0,,boundary
zc,LightGBM,5,only_pre,75543,2025-08-28T15:34:04.000000000,1,,boundary
zc,LightGBM,5,only_pre,86792,2025-09-02T14:24:21.000000000,1,,boundary
zc,LightGBM,5,only_pre,87157,2025-09-03T17:56:10.944412979,1,,boundary
zc,LightGBM,5,only_pre,129687,2025-09-12T17:15:26.000000000,1,,boundary
zc,LightGBM,5,only_pre,136859,2025-09-16T17:07:40.238768755,0,,boundary
zc,LightGBM,5,only_pre,165246,2025-09-24T17:31:20.737330985,1,,boundary
zc,LightGBM,5,only_pre,221883,2025-10-16T15:04:43.000000000,1,,boundary
zc,LightGBM,5,only_pre,239746,2025-10-21T17:11:54.000000000,0,,boundary
zc,LightGBM,5,only_pre,275315,2025-10-29T14:05:00.790010727,0,,boundary
zc,LightGBM,5,only_pre,293365,2025-11-17T16:41:11.000000000,1,,boundary
zc,LightGBM,5,only_pre,300301,2025-12-15T14:43:39.000000000,0,,boundary
zc,LightGBM,5,only_post,12580,2025-08-05T16:11:40.030116757,,0,boundary
zc,LightGBM,5,only_post,55358,2025-08-19T17:08:41.490241871,,0,boundary
zc,LightGBM,5,only_post,108239,2025-09-05T16:13:42.000000000,,0,boundary
zc,LightGBM,5,only_post,129683,2025-09-10T15:25:18.241295677,,1,boundary
zc,LightGBM,5,only_post,149107,2025-09-17T14:32:23.000000000,,0,boundary
zc,LightGBM,5,only_post,198292,2025-10-06T17:45:09.523531097,,0,boundary
zc,LightGBM,5,only_post,211987,2025-10-09T17:26:07.000000000,,0,boundary
zc,LightGBM,5,only_post,275310,2025-10-27T18:15:04.023456453,,1,boundary
zc,LightGBM,10,only_pre,46883,2025-09-02T14:24:21.000000000,1,,boundary
zc,LightGBM,10,only_pre,50693,2025-09-09T15:55:27.998038139,1,,boundary
zc,LightGBM,10,only_pre,68313,2025-09-12T17:15:26.000000000,1,,boundary
zc,LightGBM,10,only_pre,73086,2025-09-16T17:07:40.238768755,0,,boundary
zc,LightGBM,10,only_pre,93876,2025-09-24T17:31:20.737330985,1,,boundary
zc,LightGBM,10,only_pre,110661,2025-10-08T17:07:27.379606441,1,,boundary
zc,LightGBM,10,only_pre,113791,2025-10-13T17:25:02.712394621,1,,boundary
zc,LightGBM,10,only_pre,122716,2025-10-21T17:11:54.000000000,1,,boundary
zc,LightGBM,10,only_pre,143373,2025-10-29T14:05:00.790010727,0,,boundary
zc,LightGBM,10,only_pre,154491,2025-11-17T16:41:11.000000000,1,,boundary
zc,LightGBM,10,only_pre,166111,2025-12-15T14:43:39.000000000,0,,boundary
zc,LightGBM,10,only_post,44394,2025-08-26T16:27:44.908383923,,1,boundary
zc,LightGBM,10,only_post,50692,2025-09-05T16:13:42.000000000,,0,boundary
zc,LightGBM,10,only_post,68313,2025-09-10T15:25:18.241295677,,1,boundary
zc,LightGBM,10,only_post,73086,2025-09-15T16:02:36.999693695,,1,boundary
zc,LightGBM,10,only_post,83665,2025-09-17T14:32:23.000000000,,0,boundary
zc,LightGBM,10,only_post,143370,2025-10-27T18:15:04.023456453,,1,boundary
zc,LightGBM,30,only_pre,9244,2025-08-07T16:10:03.000000000,1,,boundary
zc,LightGBM,30,only_pre,17084,2025-08-13T14:49:29.200562013,0,,boundary
zc,LightGBM,30,only_pre,24258,2025-08-18T17:01:55.441636081,0,,boundary
zc,LightGBM,30,only_pre,33521,2025-08-21T17:30:27.000000000,1,,boundary
zc,LightGBM,30,only_pre,55190,2025-09-02T14:24:21.000000000,1,,boundary
zc,LightGBM,30,only_pre,62491,2025-09-09T15:55:27.998038139,1,,boundary
zc,LightGBM,30,only_pre,78377,2025-09-12T17:15:26.000000000,1,,boundary
zc,LightGBM,30,only_pre,84449,2025-09-16T17:07:40.238768755,0,,boundary
zc,LightGBM,30,only_pre,93721,2025-09-19T15:08:20.000000000,1,,boundary
zc,LightGBM,30,only_pre,106723,2025-09-24T17:31:20.737330985,1,,boundary
zc,LightGBM,30,only_pre,113985,2025-10-01T14:00:00.000000000,1,,boundary
zc,LightGBM,30,only_pre,125998,2025-10-08T17:07:27.379606441,1,,boundary
zc,LightGBM,30,only_pre,143910,2025-10-21T17:11:54.000000000,1,,boundary
zc,LightGBM,30,only_pre,161872,2025-10-29T14:05:00.790010727,0,,boundary
zc,LightGBM,30,only_pre,167771,2025-11-05T18:05:59.000000000,1,,boundary
zc,LightGBM,30,only_pre,197990,2025-12-15T14:43:39.000000000,0,,boundary
zc,LightGBM,30,only_post,1766,2025-08-01T15:30:23.000000000,,0,boundary
zc,LightGBM,30,only_post,39961,2025-08-25T14:11:17.000000000,,0,boundary
zc,LightGBM,30,only_post,49258,2025-08-26T16:27:44.908383923,,1,boundary
zc,LightGBM,30,only_post,62488,2025-09-05T16:13:42.000000000,,0,boundary
zc,LightGBM,30,only_post,84446,2025-09-15T16:02:36.999693695,,1,boundary
zc,LightGBM,30,only_post,106719,2025-09-22T17:22:16.000000000,,1,boundary
zc,LightGBM,30,only_post,161865,2025-10-27T18:15:04.023456453,,1,boundary
zc,LightGBM,30,only_post,171741,2025-11-06T18:05:58.999318843,,0,boundary
zc,LightGBM,30,only_post,185697,2025-11-24T16:04:41.000000000,,1,boundary
zc,LightGBM,30,only_post,192952,2025-12-04T17:55:54.000000000,,0,boundary
zc,LightGBM,30,only_post,197985,2025-12-10T16:19:23.000000000,,0,boundary
zc,LightGBM,60,only_pre,0,2025-08-01T14:00:01.000000000,1,,boundary
zc,LightGBM,60,only_pre,2629,2025-08-05T14:17:31.000000000,0,,boundary
zc,LightGBM,60,only_pre,8775,2025-08-07T16:10:03.000000000,1,,boundary
zc,LightGBM,60,only_pre,20374,2025-08-13T14:49:29.200562013,1,,boundary
zc,LightGBM,60,only_pre,41254,2025-08-21T17:30:27.000000000,0,,boundary
zc,LightGBM,60,only_pre,56164,2025-08-28T15:34:04.000000000,1,,boundary
zc,LightGBM,60,only_pre,88663,2025-09-12T17:15:26.000000000,1,,boundary
zc,LightGBM,60,only_pre,103571,2025-09-19T15:08:20.000000000,1,,boundary
zc,LightGBM,60,only_pre,120112,2025-09-24T17:31:20.737330985,1,,boundary
zc,LightGBM,60,only_pre,132042,2025-10-01T14:00:00.000000000,1,,boundary
zc,LightGBM,60,only_pre,148173,2025-10-08T17:07:27.379606441,1,,boundary
zc,LightGBM,60,only_pre,157276,2025-10-13T17:25:02.712394621,1,,boundary
zc,LightGBM,60,only_pre,196192,2025-10-29T14:05:00.790010727,0,,boundary
zc,LightGBM,60,only_pre,205155,2025-11-05T18:05:59.000000000,1,,boundary
zc,LightGBM,60,only_pre,211544,2025-11-11T17:24:21.000000000,1,,boundary
zc,LightGBM,60,only_pre,215921,2025-11-17T16:41:11.000000000,0,,boundary
zc,LightGBM,60,only_pre,224277,2025-11-21T16:04:40.000000000,0,,boundary
zc,LightGBM,60,only_pre,249281,2025-12-15T14:43:39.000000000,0,,boundary
zc,LightGBM,60,only_pre,266239,2025-12-31T15:11:08.000000000,1,,boundary
zc,LightGBM,60,only_post,2628,2025-08-01T15:30:23.000000000,,0,boundary
zc,LightGBM,60,only_post,20372,2025-08-11T15:02:19.000000000,,0,boundary
zc,LightGBM,60,only_post,50286,2025-08-25T14:11:17.000000000,,1,boundary
zc,LightGBM,60,only_post,77174,2025-09-05T16:13:42.000000000,,0,boundary
zc,LightGBM,60,only_post,97052,2025-09-15T16:02:36.999693695,,1,boundary
zc,LightGBM,60,only_post,120109,2025-09-22T17:22:16.000000000,,1,boundary
zc,LightGBM,60,only_post,148169,2025-10-06T17:45:09.523531097,,0,boundary
zc,LightGBM,60,only_post,173048,2025-10-17T16:37:29.000000000,,0,boundary
zc,LightGBM,60,only_post,187511,2025-10-23T14:16:39.000000000,,1,boundary
zc,LightGBM,60,only_post,205151,2025-10-29T17:45:40.000000000,,1,boundary
zc,LightGBM,60,only_post,211540,2025-11-06T18:05:58.999318843,,0,boundary
zc,LightGBM,60,only_post,242359,2025-12-04T17:55:54.000000000,,0,boundary
zc,LightGBM,60,only_post,249276,2025-12-10T16:19:23.000000000,,0,boundary
zc,XGBoost,5,only_pre,12580,2025-08-07T16:10:03.000000000,1,,boundary
zc,XGBoost,5,only_pre,23479,2025-08-13T14:49:29.200562013,1,,boundary
zc,XGBoost,5,only_pre,39025,2025-08-18T17:01:55.441636081,0,,boundary
zc,XGBoost,5,only_pre,62931,2025-08-26T14:41:11.000000000,0,,boundary
zc,XGBoost,5,only_pre,75543,2025-08-28T15:34:04.000000000,1,,boundary
zc,XGBoost,5,only_pre,86792,2025-09-02T14:24:21.000000000,1,,boundary
zc,XGBoost,5,only_pre,87157,2025-09-03T17:56:10.944412979,1,,boundary
zc,XGBoost,5,only_pre,129687,2025-09-12T17:15:26.000000000,1,,boundary
zc,XGBoost,5,only_pre,136859,2025-09-16T17:07:40.238768755,0,,boundary
zc,XGBoost,5,only_pre,165246,2025-09-24T17:31:20.737330985,1,,boundary
zc,XGBoost,5,only_pre,221883,2025-10-16T15:04:43.000000000,1,,boundary
zc,XGBoost,5,only_pre,239746,2025-10-21T17:11:54.000000000,0,,boundary
zc,XGBoost,5,only_pre,275315,2025-10-29T14:05:00.790010727,0,,boundary
zc,XGBoost,5,only_pre,293365,2025-11-17T16:41:11.000000000,1,,boundary
zc,XGBoost,5,only_pre,300301,2025-12-15T14:43:39.000000000,0,,boundary
zc,XGBoost,5,only_post,12580,2025-08-05T16:11:40.030116757,,0,boundary
zc,XGBoost,5,only_post,55358,2025-08-19T17:08:41.490241871,,0,boundary
zc,XGBoost,5,only_post,108239,2025-09-05T16:13:42.000000000,,0,boundary
zc,XGBoost,5,only_post,129683,2025-09-10T15:25:18.241295677,,1,boundary
zc,XGBoost,5,only_post,149107,2025-09-17T14:32:23.000000000,,0,boundary
zc,XGBoost,5,only_post,198292,2025-10-06T17:45:09.523531097,,0,boundary
zc,XGBoost,5,only_post,211987,2025-10-09T17:26:07.000000000,,0,boundary
zc,XGBoost,5,only_post,275310,2025-10-27T18:15:04.023456453,,1,boundary
zc,XGBoost,10,only_pre,46883,2025-09-02T14:24:21.000000000,1,,boundary
zc,XGBoost,10,only_pre,50693,2025-09-09T15:55:27.998038139,1,,boundary
zc,XGBoost,10,only_pre,68313,2025-09-12T17:15:26.000000000,1,,boundary
zc,XGBoost,10,only_pre,73086,2025-09-16T17:07:40.238768755,0,,boundary
zc,XGBoost,10,only_pre,93876,2025-09-24T17:31:20.737330985,1,,boundary
zc,XGBoost,10,only_pre,110661,2025-10-08T17:07:27.379606441,1,,boundary
zc,XGBoost,10,only_pre,113791,2025-10-13T17:25:02.712394621,1,,boundary
zc,XGBoost,10,only_pre,122716,2025-10-21T17:11:54.000000000,1,,boundary
zc,XGBoost,10,only_pre,143373,2025-10-29T14:05:00.790010727,0,,boundary
zc,XGBoost,10,only_pre,154491,2025-11-17T16:41:11.000000000,1,,boundary
zc,XGBoost,10,only_pre,166111,2025-12-15T14:43:39.000000000,0,,boundary
zc,XGBoost,10,only_post,44394,2025-08-26T16:27:44.908383923,,1,boundary
zc,XGBoost,10,only_post,50692,2025-09-05T16:13:42.000000000,,0,boundary
zc,XGBoost,10,only_post,68313,2025-09-10T15:25:18.241295677,,1,boundary
zc,XGBoost,10,only_post,73086,2025-09-15T16:02:36.999693695,,1,boundary
zc,XGBoost,10,only_post,83665,2025-09-17T14:32:23.000000000,,0,boundary
zc,XGBoost,10,only_post,143370,2025-10-27T18:15:04.023456453,,1,boundary
zc,XGBoost,30,only_pre,9244,2025-08-07T16:10:03.000000000,1,,boundary
zc,XGBoost,30,only_pre,17084,2025-08-13T14:49:29.200562013,0,,boundary
zc,XGBoost,30,only_pre,24258,2025-08-18T17:01:55.441636081,0,,boundary
zc,XGBoost,30,only_pre,33521,2025-08-21T17:30:27.000000000,1,,boundary
zc,XGBoost,30,only_pre,55190,2025-09-02T14:24:21.000000000,1,,boundary
zc,XGBoost,30,only_pre,62491,2025-09-09T15:55:27.998038139,1,,boundary
zc,XGBoost,30,only_pre,78377,2025-09-12T17:15:26.000000000,1,,boundary
zc,XGBoost,30,only_pre,84449,2025-09-16T17:07:40.238768755,0,,boundary
zc,XGBoost,30,only_pre,93721,2025-09-19T15:08:20.000000000,1,,boundary
zc,XGBoost,30,only_pre,106723,2025-09-24T17:31:20.737330985,1,,boundary
zc,XGBoost,30,only_pre,113985,2025-10-01T14:00:00.000000000,1,,boundary
zc,XGBoost,30,only_pre,125998,2025-10-08T17:07:27.379606441,1,,boundary
zc,XGBoost,30,only_pre,143910,2025-10-21T17:11:54.000000000,1,,boundary
zc,XGBoost,30,only_pre,161872,2025-10-29T14:05:00.790010727,0,,boundary
zc,XGBoost,30,only_pre,167771,2025-11-05T18:05:59.000000000,1,,boundary
zc,XGBoost,30,only_pre,197990,2025-12-15T14:43:39.000000000,0,,boundary
zc,XGBoost,30,only_post,1766,2025-08-01T15:30:23.000000000,,0,boundary
zc,XGBoost,30,only_post,39961,2025-08-25T14:11:17.000000000,,0,boundary
zc,XGBoost,30,only_post,49258,2025-08-26T16:27:44.908383923,,1,boundary
zc,XGBoost,30,only_post,62488,2025-09-05T16:13:42.000000000,,0,boundary
zc,XGBoost,30,only_post,84446,2025-09-15T16:02:36.999693695,,1,boundary
zc,XGBoost,30,only_post,106719,2025-09-22T17:22:16.000000000,,1,boundary
zc,XGBoost,30,only_post,161865,2025-10-27T18:15:04.023456453,,1,boundary
zc,XGBoost,30,only_post,171741,2025-11-06T18:05:58.999318843,,0,boundary
zc,XGBoost,30,only_post,185697,2025-11-24T16:04:41.000000000,,1,boundary
zc,XGBoost,30,only_post,192952,2025-12-04T17:55:54.000000000,,0,boundary
zc,XGBoost,30,only_post,197985,2025-12-10T16:19:23.000000000,,0,boundary
zc,XGBoost,60,only_pre,0,2025-08-01T14:00:01.000000000,1,,boundary
zc,XGBoost,60,only_pre,2629,2025-08-05T14:17:31.000000000,0,,boundary
zc,XGBoost,60,only_pre,8775,2025-08-07T16:10:03.000000000,1,,boundary
zc,XGBoost,60,only_pre,20374,2025-08-13T14:49:29.200562013,1,,boundary
zc,XGBoost,60,only_pre,41254,2025-08-21T17:30:27.000000000,0,,boundary
zc,XGBoost,60,only_pre,56164,2025-08-28T15:34:04.000000000,1,,boundary
zc,XGBoost,60,only_pre,88663,2025-09-12T17:15:26.000000000,1,,boundary
zc,XGBoost,60,only_pre,103571,2025-09-19T15:08:20.000000000,1,,boundary
zc,XGBoost,60,only_pre,120112,2025-09-24T17:31:20.737330985,1,,boundary
zc,XGBoost,60,only_pre,132042,2025-10-01T14:00:00.000000000,1,,boundary
zc,XGBoost,60,only_pre,148173,2025-10-08T17:07:27.379606441,1,,boundary
zc,XGBoost,60,only_pre,157276,2025-10-13T17:25:02.712394621,1,,boundary
zc,XGBoost,60,only_pre,196192,2025-10-29T14:05:00.790010727,0,,boundary
zc,XGBoost,60,only_pre,205155,2025-11-05T18:05:59.000000000,1,,boundary
zc,XGBoost,60,only_pre,211544,2025-11-11T17:24:21.000000000,1,,boundary
zc,XGBoost,60,only_pre,215921,2025-11-17T16:41:11.000000000,0,,boundary
zc,XGBoost,60,only_pre,224277,2025-11-21T16:04:40.000000000,0,,boundary
zc,XGBoost,60,only_pre,249281,2025-12-15T14:43:39.000000000,0,,boundary
zc,XGBoost,60,only_pre,266239,2025-12-31T15:11:08.000000000,1,,boundary
zc,XGBoost,60,only_post,2628,2025-08-01T15:30:23.000000000,,0,boundary
zc,XGBoost,60,only_post,20372,2025-08-11T15:02:19.000000000,,0,boundary
zc,XGBoost,60,only_post,50286,2025-08-25T14:11:17.000000000,,1,boundary
zc,XGBoost,60,only_post,77174,2025-09-05T16:13:42.000000000,,0,boundary
zc,XGBoost,60,only_post,97052,2025-09-15T16:02:36.999693695,,1,boundary
zc,XGBoost,60,only_post,120109,2025-09-22T17:22:16.000000000,,1,boundary
zc,XGBoost,60,only_post,148169,2025-10-06T17:45:09.523531097,,0,boundary
zc,XGBoost,60,only_post,173048,2025-10-17T16:37:29.000000000,,0,boundary
zc,XGBoost,60,only_post,187511,2025-10-23T14:16:39.000000000,,1,boundary
zc,XGBoost,60,only_post,205151,2025-10-29T17:45:40.000000000,,1,boundary
zc,XGBoost,60,only_post,211540,2025-11-06T18:05:58.999318843,,0,boundary
zc,XGBoost,60,only_post,242359,2025-12-04T17:55:54.000000000,,0,boundary
zc,XGBoost,60,only_post,249276,2025-12-10T16:19:23.000000000,,0,boundary
zs,LightGBM,5,only_pre,9895,2025-08-11T15:11:45.225422915,1,,boundary
zs,LightGBM,5,only_pre,21196,2025-08-13T17:45:42.999687357,0,,boundary
zs,LightGBM,5,only_pre,36357,2025-08-19T14:55:14.225999929,1,,boundary
zs,LightGBM,5,only_pre,49355,2025-08-22T16:14:37.000000000,0,,boundary
zs,LightGBM,5,only_pre,65875,2025-09-02T14:21:38.000000000,0,,boundary
zs,LightGBM,5,only_pre,65995,2025-09-04T16:25:07.419136435,0,,boundary
zs,LightGBM,5,only_pre,95960,2025-09-19T16:33:08.000000000,1,,boundary
zs,LightGBM,5,only_pre,102440,2025-09-24T16:10:47.909767989,0,,boundary
zs,LightGBM,5,only_pre,117694,2025-10-01T14:00:01.000000000,0,,boundary
zs,LightGBM,5,only_pre,119050,2025-10-03T17:54:09.000000000,0,,boundary
zs,LightGBM,5,only_pre,129136,2025-10-09T14:38:23.999339405,1,,boundary
zs,LightGBM,5,only_pre,165549,2025-10-23T15:51:05.000000000,1,,boundary
zs,LightGBM,5,only_pre,176536,2025-10-28T17:48:08.999365949,1,,boundary
zs,LightGBM,5,only_pre,192949,2025-11-05T18:15:00.000000000,0,,boundary
zs,LightGBM,5,only_pre,212144,2025-12-03T18:01:13.000000000,0,,boundary
zs,LightGBM,5,only_pre,215730,2025-12-09T17:18:48.000000000,0,,boundary
zs,LightGBM,5,only_post,9895,2025-08-06T16:20:38.995163245,,0,boundary
zs,LightGBM,5,only_post,36356,2025-08-14T17:44:02.151862313,,1,boundary
zs,LightGBM,5,only_post,57492,2025-08-25T15:28:30.000000000,,0,boundary
zs,LightGBM,5,only_post,65874,2025-08-27T18:19:23.717303811,,1,boundary
zs,LightGBM,5,only_post,65994,2025-09-02T14:24:06.000000000,,0,boundary
zs,LightGBM,5,only_post,85137,2025-09-11T16:20:06.000000000,,0,boundary
zs,LightGBM,5,only_post,95960,2025-09-17T14:24:57.000000000,,0,boundary
zs,LightGBM,5,only_post,102440,2025-09-22T15:07:29.240963095,,1,boundary
zs,LightGBM,5,only_post,129134,2025-10-06T17:40:20.000000000,,0,boundary
zs,LightGBM,5,only_post,141617,2025-10-10T15:23:05.000000000,,1,boundary
zs,LightGBM,5,only_post,151953,2025-10-15T15:47:38.000000000,,1,boundary
zs,LightGBM,5,only_post,165549,2025-10-20T18:00:13.055399483,,0,boundary
zs,LightGBM,5,only_post,226483,2025-12-29T16:00:34.000000000,,0,boundary
zs,LightGBM,10,only_pre,11934,2025-08-13T17:45:42.999687357,0,,boundary
zs,LightGBM,10,only_pre,25326,2025-08-22T16:14:37.000000000,0,,boundary
zs,LightGBM,10,only_pre,49328,2025-09-16T14:45:48.284989827,1,,boundary
zs,LightGBM,10,only_pre,57797,2025-09-19T16:33:08.000000000,1,,boundary
zs,LightGBM,10,only_pre,62283,2025-09-24T16:10:47.909767989,1,,boundary
zs,LightGBM,10,only_pre,73005,2025-10-03T17:54:09.000000000,0,,boundary
zs,LightGBM,10,only_pre,79134,2025-10-09T14:38:23.999339405,1,,boundary
zs,LightGBM,10,only_pre,91429,2025-10-20T14:09:43.000000000,1,,boundary
zs,LightGBM,10,only_pre,105012,2025-10-28T17:48:08.999365949,1,,boundary
zs,LightGBM,10,only_pre,113250,2025-11-05T18:15:00.000000000,0,,boundary
zs,LightGBM,10,only_pre,141225,2025-12-03T18:01:13.000000000,0,,boundary
zs,LightGBM,10,only_pre,146772,2025-12-09T17:18:48.000000000,0,,boundary
zs,LightGBM,10,only_pre,152298,2025-12-15T16:31:16.000000000,1,,boundary
zs,LightGBM,10,only_post,981,2025-08-01T15:44:09.000000000,,1,boundary
zs,LightGBM,10,only_post,39119,2025-09-02T14:24:06.000000000,,1,boundary
zs,LightGBM,10,only_post,49328,2025-09-11T16:20:06.000000000,,0,boundary
zs,LightGBM,10,only_post,57797,2025-09-17T14:24:57.000000000,,0,boundary
zs,LightGBM,10,only_post,62283,2025-09-22T15:07:29.240963095,,1,boundary
zs,LightGBM,10,only_post,68357,2025-09-25T16:50:11.000000000,,0,boundary
zs,LightGBM,10,only_post,85119,2025-10-10T15:23:05.000000000,,1,boundary
zs,LightGBM,10,only_post,91429,2025-10-15T15:47:38.000000000,,1,boundary
zs,LightGBM,10,only_post,100796,2025-10-20T18:00:13.055399483,,0,boundary
zs,LightGBM,10,only_post,163285,2025-12-29T16:00:34.000000000,,0,boundary
zs,LightGBM,30,only_pre,8287,2025-08-11T15:11:45.225422915,0,,boundary
zs,LightGBM,30,only_pre,35176,2025-08-22T16:14:37.000000000,0,,boundary
zs,LightGBM,30,only_pre,52031,2025-09-02T14:21:38.000000000,0,,boundary
zs,LightGBM,30,only_pre,81879,2025-09-19T16:33:08.000000000,1,,boundary
zs,LightGBM,30,only_pre,88553,2025-09-24T16:10:47.909767989,0,,boundary
zs,LightGBM,30,only_pre,98052,2025-09-30T15:41:09.000000000,1,,boundary
zs,LightGBM,30,only_pre,105300,2025-10-03T17:54:09.000000000,0,,boundary
zs,LightGBM,30,only_pre,114685,2025-10-09T14:38:23.999339405,0,,boundary
zs,LightGBM,30,only_pre,143602,2025-10-23T15:51:05.000000000,1,,boundary
zs,LightGBM,30,only_pre,152336,2025-10-28T17:48:08.999365949,1,,boundary
zs,LightGBM,30,only_pre,174790,2025-11-11T17:47:42.000000000,0,,boundary
zs,LightGBM,30,only_pre,183383,2025-11-17T17:21:41.999692157,1,,boundary
zs,LightGBM,30,only_pre,194749,2025-11-21T16:54:31.000000000,0,,boundary
zs,LightGBM,30,only_pre,204288,2025-11-28T16:29:30.996446771,1,,boundary
zs,LightGBM,30,only_pre,225669,2025-12-15T16:31:16.000000000,1,,boundary
zs,LightGBM,30,only_post,1586,2025-08-01T15:44:09.000000000,,1,boundary
zs,LightGBM,30,only_post,45041,2025-08-25T15:28:30.000000000,,0,boundary
zs,LightGBM,30,only_post,70690,2025-09-11T16:20:06.000000000,,0,boundary
zs,LightGBM,30,only_post,81879,2025-09-17T14:24:57.000000000,,0,boundary
zs,LightGBM,30,only_post,88553,2025-09-22T15:07:29.240963095,,1,boundary
zs,LightGBM,30,only_post,105299,2025-10-01T14:55:22.000000000,,1,boundary
zs,LightGBM,30,only_post,143600,2025-10-20T18:00:13.055399483,,0,boundary
zs,LightGBM,30,only_post,164400,2025-10-30T14:01:24.999413111,,0,boundary
zs,LightGBM,30,only_post,174788,2025-11-06T18:14:59.999355419,,1,boundary
zs,LightGBM,30,only_post,183381,2025-11-12T17:47:42.000000000,,0,boundary
zs,LightGBM,30,only_post,225665,2025-12-10T17:18:48.000000000,,0,boundary
zs,LightGBM,60,only_pre,10742,2025-08-11T15:11:45.225422915,0,,boundary
zs,LightGBM,60,only_pre,45933,2025-08-22T16:14:37.000000000,0,,boundary
zs,LightGBM,60,only_pre,66971,2025-09-02T14:21:38.000000000,0,,boundary
zs,LightGBM,60,only_pre,79044,2025-09-10T15:07:51.000000000,1,,boundary
zs,LightGBM,60,only_pre,104631,2025-09-19T16:33:08.000000000,1,,boundary
zs,LightGBM,60,only_pre,113165,2025-09-24T16:10:47.909767989,0,,boundary
zs,LightGBM,60,only_pre,132774,2025-10-01T14:00:01.000000000,0,,boundary
zs,LightGBM,60,only_pre,147532,2025-10-09T14:38:23.999339405,1,,boundary
zs,LightGBM,60,only_pre,161063,2025-10-14T17:18:46.000000000,1,,boundary
zs,LightGBM,60,only_pre,169475,2025-10-20T14:09:43.000000000,1,,boundary
zs,LightGBM,60,only_pre,182550,2025-10-23T15:51:05.000000000,1,,boundary
zs,LightGBM,60,only_pre,194845,2025-10-28T17:48:08.999365949,1,,boundary
zs,LightGBM,60,only_pre,210358,2025-11-05T18:15:00.000000000,1,,boundary
zs,LightGBM,60,only_pre,222604,2025-11-11T17:47:42.000000000,0,,boundary
zs,LightGBM,60,only_pre,233073,2025-11-17T17:21:41.999692157,1,,boundary
zs,LightGBM,60,only_pre,245850,2025-11-21T16:54:31.000000000,0,,boundary
zs,LightGBM,60,only_pre,257408,2025-11-28T16:29:30.996446771,1,,boundary
zs,LightGBM,60,only_pre,284054,2025-12-15T16:31:16.000000000,1,,boundary
zs,LightGBM,60,only_post,1825,2025-08-01T15:44:09.000000000,,1,boundary
zs,LightGBM,60,only_post,10743,2025-08-06T16:20:38.995163245,,1,boundary
zs,LightGBM,60,only_post,21461,2025-08-12T14:16:41.000000000,,0,boundary
zs,LightGBM,60,only_post,33862,2025-08-14T17:44:02.151862313,,1,boundary
zs,LightGBM,60,only_post,45936,2025-08-20T14:26:55.000000000,,1,boundary
zs,LightGBM,60,only_post,57677,2025-08-25T15:28:30.000000000,,0,boundary
zs,LightGBM,60,only_post,66975,2025-08-27T18:19:23.717303811,,1,boundary
zs,LightGBM,60,only_post,92145,2025-09-11T16:20:06.000000000,,0,boundary
zs,LightGBM,60,only_post,104635,2025-09-17T14:24:57.000000000,,0,boundary
zs,LightGBM,60,only_post,113169,2025-09-22T15:07:29.240963095,,0,boundary
zs,LightGBM,60,only_post,135487,2025-10-01T14:55:22.000000000,,1,boundary
zs,LightGBM,60,only_post,169477,2025-10-15T15:47:38.000000000,,0,boundary
zs,LightGBM,60,only_post,210358,2025-10-30T14:01:24.999413111,,0,boundary
zs,LightGBM,60,only_post,222604,2025-11-06T18:14:59.999355419,,1,boundary
zs,LightGBM,60,only_post,233073,2025-11-12T17:47:42.000000000,,0,boundary
zs,LightGBM,60,only_post,245850,2025-11-18T17:21:41.000000000,,0,boundary
zs,LightGBM,60,only_post,257408,2025-11-24T16:54:32.000000000,,0,boundary
zs,LightGBM,60,only_post,284054,2025-12-10T17:18:48.000000000,,0,boundary
zs,XGBoost,5,only_pre,9895,2025-08-11T15:11:45.225422915,1,,boundary
zs,XGBoost,5,only_pre,21196,2025-08-13T17:45:42.999687357,0,,boundary
zs,XGBoost,5,only_pre,36357,2025-08-19T14:55:14.225999929,1,,boundary
zs,XGBoost,5,only_pre,49355,2025-08-22T16:14:37.000000000,0,,boundary
zs,XGBoost,5,only_pre,65875,2025-09-02T14:21:38.000000000,0,,boundary
zs,XGBoost,5,only_pre,65995,2025-09-04T16:25:07.419136435,0,,boundary
zs,XGBoost,5,only_pre,95960,2025-09-19T16:33:08.000000000,1,,boundary
zs,XGBoost,5,only_pre,102440,2025-09-24T16:10:47.909767989,0,,boundary
zs,XGBoost,5,only_pre,117694,2025-10-01T14:00:01.000000000,0,,boundary
zs,XGBoost,5,only_pre,119050,2025-10-03T17:54:09.000000000,0,,boundary
zs,XGBoost,5,only_pre,129136,2025-10-09T14:38:23.999339405,1,,boundary
zs,XGBoost,5,only_pre,165549,2025-10-23T15:51:05.000000000,1,,boundary
zs,XGBoost,5,only_pre,176536,2025-10-28T17:48:08.999365949,1,,boundary
zs,XGBoost,5,only_pre,192949,2025-11-05T18:15:00.000000000,0,,boundary
zs,XGBoost,5,only_pre,212144,2025-12-03T18:01:13.000000000,0,,boundary
zs,XGBoost,5,only_pre,215730,2025-12-09T17:18:48.000000000,0,,boundary
zs,XGBoost,5,only_post,9895,2025-08-06T16:20:38.995163245,,0,boundary
zs,XGBoost,5,only_post,36356,2025-08-14T17:44:02.151862313,,1,boundary
zs,XGBoost,5,only_post,57492,2025-08-25T15:28:30.000000000,,0,boundary
zs,XGBoost,5,only_post,65874,2025-08-27T18:19:23.717303811,,1,boundary
zs,XGBoost,5,only_post,65994,2025-09-02T14:24:06.000000000,,0,boundary
zs,XGBoost,5,only_post,85137,2025-09-11T16:20:06.000000000,,0,boundary
zs,XGBoost,5,only_post,95960,2025-09-17T14:24:57.000000000,,0,boundary
zs,XGBoost,5,only_post,102440,2025-09-22T15:07:29.240963095,,1,boundary
zs,XGBoost,5,only_post,129134,2025-10-06T17:40:20.000000000,,0,boundary
zs,XGBoost,5,only_post,141617,2025-10-10T15:23:05.000000000,,1,boundary
zs,XGBoost,5,only_post,151953,2025-10-15T15:47:38.000000000,,1,boundary
zs,XGBoost,5,only_post,165549,2025-10-20T18:00:13.055399483,,0,boundary
zs,XGBoost,5,only_post,226483,2025-12-29T16:00:34.000000000,,0,boundary
zs,XGBoost,10,only_pre,11934,2025-08-13T17:45:42.999687357,0,,boundary
zs,XGBoost,10,only_pre,25326,2025-08-22T16:14:37.000000000,0,,boundary
zs,XGBoost,10,only_pre,49328,2025-09-16T14:45:48.284989827,1,,boundary
zs,XGBoost,10,only_pre,57797,2025-09-19T16:33:08.000000000,1,,boundary
zs,XGBoost,10,only_pre,62283,2025-09-24T16:10:47.909767989,1,,boundary
zs,XGBoost,10,only_pre,73005,2025-10-03T17:54:09.000000000,0,,boundary
zs,XGBoost,10,only_pre,79134,2025-10-09T14:38:23.999339405,1,,boundary
zs,XGBoost,10,only_pre,91429,2025-10-20T14:09:43.000000000,1,,boundary
zs,XGBoost,10,only_pre,105012,2025-10-28T17:48:08.999365949,1,,boundary
zs,XGBoost,10,only_pre,113250,2025-11-05T18:15:00.000000000,0,,boundary
zs,XGBoost,10,only_pre,141225,2025-12-03T18:01:13.000000000,0,,boundary
zs,XGBoost,10,only_pre,146772,2025-12-09T17:18:48.000000000,0,,boundary
zs,XGBoost,10,only_pre,152298,2025-12-15T16:31:16.000000000,1,,boundary
zs,XGBoost,10,only_post,981,2025-08-01T15:44:09.000000000,,1,boundary
zs,XGBoost,10,only_post,39119,2025-09-02T14:24:06.000000000,,1,boundary
zs,XGBoost,10,only_post,49328,2025-09-11T16:20:06.000000000,,0,boundary
zs,XGBoost,10,only_post,57797,2025-09-17T14:24:57.000000000,,0,boundary
zs,XGBoost,10,only_post,62283,2025-09-22T15:07:29.240963095,,1,boundary
zs,XGBoost,10,only_post,68357,2025-09-25T16:50:11.000000000,,0,boundary
zs,XGBoost,10,only_post,85119,2025-10-10T15:23:05.000000000,,1,boundary
zs,XGBoost,10,only_post,91429,2025-10-15T15:47:38.000000000,,1,boundary
zs,XGBoost,10,only_post,100796,2025-10-20T18:00:13.055399483,,0,boundary
zs,XGBoost,10,only_post,163285,2025-12-29T16:00:34.000000000,,0,boundary
zs,XGBoost,30,only_pre,8287,2025-08-11T15:11:45.225422915,0,,boundary
zs,XGBoost,30,only_pre,35176,2025-08-22T16:14:37.000000000,0,,boundary
zs,XGBoost,30,only_pre,52031,2025-09-02T14:21:38.000000000,0,,boundary
zs,XGBoost,30,only_pre,81879,2025-09-19T16:33:08.000000000,1,,boundary
zs,XGBoost,30,only_pre,88553,2025-09-24T16:10:47.909767989,0,,boundary
zs,XGBoost,30,only_pre,98052,2025-09-30T15:41:09.000000000,1,,boundary
zs,XGBoost,30,only_pre,105300,2025-10-03T17:54:09.000000000,0,,boundary
zs,XGBoost,30,only_pre,114685,2025-10-09T14:38:23.999339405,0,,boundary
zs,XGBoost,30,only_pre,143602,2025-10-23T15:51:05.000000000,1,,boundary
zs,XGBoost,30,only_pre,152336,2025-10-28T17:48:08.999365949,1,,boundary
zs,XGBoost,30,only_pre,174790,2025-11-11T17:47:42.000000000,0,,boundary
zs,XGBoost,30,only_pre,183383,2025-11-17T17:21:41.999692157,1,,boundary
zs,XGBoost,30,only_pre,194749,2025-11-21T16:54:31.000000000,0,,boundary
zs,XGBoost,30,only_pre,204288,2025-11-28T16:29:30.996446771,1,,boundary
zs,XGBoost,30,only_pre,225669,2025-12-15T16:31:16.000000000,1,,boundary
zs,XGBoost,30,only_post,1586,2025-08-01T15:44:09.000000000,,1,boundary
zs,XGBoost,30,only_post,45041,2025-08-25T15:28:30.000000000,,0,boundary
zs,XGBoost,30,only_post,70690,2025-09-11T16:20:06.000000000,,0,boundary
zs,XGBoost,30,only_post,81879,2025-09-17T14:24:57.000000000,,0,boundary
zs,XGBoost,30,only_post,88553,2025-09-22T15:07:29.240963095,,1,boundary
zs,XGBoost,30,only_post,105299,2025-10-01T14:55:22.000000000,,1,boundary
zs,XGBoost,30,only_post,143600,2025-10-20T18:00:13.055399483,,0,boundary
zs,XGBoost,30,only_post,164400,2025-10-30T14:01:24.999413111,,0,boundary
zs,XGBoost,30,only_post,174788,2025-11-06T18:14:59.999355419,,1,boundary
zs,XGBoost,30,only_post,183381,2025-11-12T17:47:42.000000000,,0,boundary
zs,XGBoost,30,only_post,225665,2025-12-10T17:18:48.000000000,,0,boundary
zs,XGBoost,60,only_pre,10742,2025-08-11T15:11:45.225422915,0,,boundary
zs,XGBoost,60,only_pre,45933,2025-08-22T16:14:37.000000000,0,,boundary
zs,XGBoost,60,only_pre,66971,2025-09-02T14:21:38.000000000,0,,boundary
zs,XGBoost,60,only_pre,79044,2025-09-10T15:07:51.000000000,1,,boundary
zs,XGBoost,60,only_pre,104631,2025-09-19T16:33:08.000000000,1,,boundary
zs,XGBoost,60,only_pre,113165,2025-09-24T16:10:47.909767989,0,,boundary
zs,XGBoost,60,only_pre,132774,2025-10-01T14:00:01.000000000,0,,boundary
zs,XGBoost,60,only_pre,147532,2025-10-09T14:38:23.999339405,1,,boundary
zs,XGBoost,60,only_pre,161063,2025-10-14T17:18:46.000000000,1,,boundary
zs,XGBoost,60,only_pre,169475,2025-10-20T14:09:43.000000000,1,,boundary
zs,XGBoost,60,only_pre,182550,2025-10-23T15:51:05.000000000,1,,boundary
zs,XGBoost,60,only_pre,194845,2025-10-28T17:48:08.999365949,1,,boundary
zs,XGBoost,60,only_pre,210358,2025-11-05T18:15:00.000000000,1,,boundary
zs,XGBoost,60,only_pre,222604,2025-11-11T17:47:42.000000000,0,,boundary
zs,XGBoost,60,only_pre,233073,2025-11-17T17:21:41.999692157,1,,boundary
zs,XGBoost,60,only_pre,245850,2025-11-21T16:54:31.000000000,0,,boundary
zs,XGBoost,60,only_pre,257408,2025-11-28T16:29:30.996446771,1,,boundary
zs,XGBoost,60,only_pre,284054,2025-12-15T16:31:16.000000000,1,,boundary
zs,XGBoost,60,only_post,1825,2025-08-01T15:44:09.000000000,,1,boundary
zs,XGBoost,60,only_post,10743,2025-08-06T16:20:38.995163245,,1,boundary
zs,XGBoost,60,only_post,21461,2025-08-12T14:16:41.000000000,,0,boundary
zs,XGBoost,60,only_post,33862,2025-08-14T17:44:02.151862313,,1,boundary
zs,XGBoost,60,only_post,45936,2025-08-20T14:26:55.000000000,,1,boundary
zs,XGBoost,60,only_post,57677,2025-08-25T15:28:30.000000000,,0,boundary
zs,XGBoost,60,only_post,66975,2025-08-27T18:19:23.717303811,,1,boundary
zs,XGBoost,60,only_post,92145,2025-09-11T16:20:06.000000000,,0,boundary
zs,XGBoost,60,only_post,104635,2025-09-17T14:24:57.000000000,,0,boundary
zs,XGBoost,60,only_post,113169,2025-09-22T15:07:29.240963095,,0,boundary
zs,XGBoost,60,only_post,135487,2025-10-01T14:55:22.000000000,,1,boundary
zs,XGBoost,60,only_post,169477,2025-10-15T15:47:38.000000000,,0,boundary
zs,XGBoost,60,only_post,210358,2025-10-30T14:01:24.999413111,,0,boundary
zs,XGBoost,60,only_post,222604,2025-11-06T18:14:59.999355419,,1,boundary
zs,XGBoost,60,only_post,233073,2025-11-12T17:47:42.000000000,,0,boundary
zs,XGBoost,60,only_post,245850,2025-11-18T17:21:41.000000000,,0,boundary
zs,XGBoost,60,only_post,257408,2025-11-24T16:54:32.000000000,,0,boundary
zs,XGBoost,60,only_post,284054,2025-12-10T17:18:48.000000000,,0,boundary
