side,instrument,month,class,boundary,strict_count,equal_count,rows,scored_flag,missing_path
corrected,es,2025-01,trades_all,decision_T,0,0,605289,SCORED,
corrected,es,2025-01,trades_all,prev_row_B,514323,1,605289,SCORED,
corrected,es,2025-01,trades_buy,decision_T,0,0,605289,SCORED,
corrected,es,2025-01,trades_buy,prev_row_B,0,0,605289,SCORED,
corrected,es,2025-01,trades_sell,decision_T,0,0,605289,SCORED,
corrected,es,2025-01,trades_sell,prev_row_B,514323,1,605289,SCORED,
corrected,es,2025-01,trades_large,decision_T,0,0,605289,SCORED,
corrected,es,2025-01,trades_large,prev_row_B,216349,0,605289,SCORED,
contaminated,es,2025-01,trades_all,decision_T,514323,1,605290,SCORED,
contaminated,es,2025-01,trades_buy,decision_T,0,0,605290,SCORED,
contaminated,es,2025-01,trades_sell,decision_T,514323,1,605290,SCORED,
contaminated,es,2025-01,trades_large,decision_T,216349,0,605290,SCORED,
corrected,es,2025-01,mbo_all,decision_T,0,4,605289,SCORED,
corrected,es,2025-01,mbo_all,prev_row_B,585940,248,605289,SCORED,
corrected,es,2025-01,mbo_bid_add,decision_T,0,2,605289,SCORED,
corrected,es,2025-01,mbo_bid_add,prev_row_B,571405,97,605289,SCORED,
corrected,es,2025-01,mbo_ask_add,decision_T,0,1,605289,SCORED,
corrected,es,2025-01,mbo_ask_add,prev_row_B,571247,148,605289,SCORED,
corrected,es,2025-01,mbo_bid_cancel,decision_T,0,0,605289,SCORED,
corrected,es,2025-01,mbo_bid_cancel,prev_row_B,568448,1,605289,SCORED,
corrected,es,2025-01,mbo_ask_cancel,decision_T,0,1,605289,SCORED,
corrected,es,2025-01,mbo_ask_cancel,prev_row_B,568933,2,605289,SCORED,
corrected,es,2025-01,mbo_cancel_any,decision_T,0,1,605289,SCORED,
corrected,es,2025-01,mbo_cancel_any,prev_row_B,579272,3,605289,SCORED,
corrected,es,2025-01,mbo_all_rows,decision_T,0,6,605289,SCORED_DIAGNOSTIC_11TH_CLASS,
corrected,es,2025-01,mbo_all_rows,prev_row_B,587370,249,605289,SCORED_DIAGNOSTIC_11TH_CLASS,
contaminated,es,2025-01,mbo_all,decision_T,585940,248,605290,SCORED,
contaminated,es,2025-01,mbo_bid_add,decision_T,571405,97,605290,SCORED,
contaminated,es,2025-01,mbo_ask_add,decision_T,571247,148,605290,SCORED,
contaminated,es,2025-01,mbo_bid_cancel,decision_T,568448,1,605290,SCORED,
contaminated,es,2025-01,mbo_ask_cancel,decision_T,568933,2,605290,SCORED,
contaminated,es,2025-01,mbo_cancel_any,decision_T,579272,3,605290,SCORED,
contaminated,es,2025-01,mbo_all_rows,decision_T,587370,250,605290,SCORED_DIAGNOSTIC_11TH_CLASS,
corrected,nq,2025-01,mbo_all,decision_T,,,598227,UNSCORED_FOR_LACK_OF_DATA,C:\Users\ttbea\OneDrive\Desktop\MBO_2025\processed\nq\nq_mbo_2025-01.parquet
contaminated,nq,2025-01,mbo_all,decision_T,,,598228,UNSCORED_FOR_LACK_OF_DATA,C:\Users\ttbea\OneDrive\Desktop\MBO_2025\processed\nq\nq_mbo_2025-01.parquet
corrected,nq,2025-01,mbo_bid_add,decision_T,,,598227,UNSCORED_FOR_LACK_OF_DATA,C:\Users\ttbea\OneDrive\Desktop\MBO_2025\processed\nq\nq_mbo_2025-01.parquet
contaminated,nq,2025-01,mbo_bid_add,decision_T,,,598228,UNSCORED_FOR_LACK_OF_DATA,C:\Users\ttbea\OneDrive\Desktop\MBO_2025\processed\nq\nq_mbo_2025-01.parquet
corrected,nq,2025-01,mbo_ask_add,decision_T,,,598227,UNSCORED_FOR_LACK_OF_DATA,C:\Users\ttbea\OneDrive\Desktop\MBO_2025\processed\nq\nq_mbo_2025-01.parquet
contaminated,nq,2025-01,mbo_ask_add,decision_T,,,598228,UNSCORED_FOR_LACK_OF_DATA,C:\Users\ttbea\OneDrive\Desktop\MBO_2025\processed\nq\nq_mbo_2025-01.parquet
corrected,nq,2025-01,mbo_bid_cancel,decision_T,,,598227,UNSCORED_FOR_LACK_OF_DATA,C:\Users\ttbea\OneDrive\Desktop\MBO_2025\processed\nq\nq_mbo_2025-01.parquet
contaminated,nq,2025-01,mbo_bid_cancel,decision_T,,,598228,UNSCORED_FOR_LACK_OF_DATA,C:\Users\ttbea\OneDrive\Desktop\MBO_2025\processed\nq\nq_mbo_2025-01.parquet
corrected,nq,2025-01,mbo_ask_cancel,decision_T,,,598227,UNSCORED_FOR_LACK_OF_DATA,C:\Users\ttbea\OneDrive\Desktop\MBO_2025\processed\nq\nq_mbo_2025-01.parquet
contaminated,nq,2025-01,mbo_ask_cancel,decision_T,,,598228,UNSCORED_FOR_LACK_OF_DATA,C:\Users\ttbea\OneDrive\Desktop\MBO_2025\processed\nq\nq_mbo_2025-01.parquet
corrected,nq,2025-01,mbo_cancel_any,decision_T,,,598227,UNSCORED_FOR_LACK_OF_DATA,C:\Users\ttbea\OneDrive\Desktop\MBO_2025\processed\nq\nq_mbo_2025-01.parquet
contaminated,nq,2025-01,mbo_cancel_any,decision_T,,,598228,UNSCORED_FOR_LACK_OF_DATA,C:\Users\ttbea\OneDrive\Desktop\MBO_2025\processed\nq\nq_mbo_2025-01.parquet
corrected,nq,2025-01,trades_all,decision_T,0,0,598227,SCORED,
corrected,nq,2025-01,trades_all,prev_row_B,543341,0,598227,SCORED,
corrected,nq,2025-01,trades_buy,decision_T,0,0,598227,SCORED,
corrected,nq,2025-01,trades_buy,prev_row_B,0,0,598227,SCORED,
corrected,nq,2025-01,trades_sell,decision_T,0,0,598227,SCORED,
corrected,nq,2025-01,trades_sell,prev_row_B,543341,0,598227,SCORED,
corrected,nq,2025-01,trades_large,decision_T,0,0,598227,SCORED,
corrected,nq,2025-01,trades_large,prev_row_B,9694,0,598227,SCORED,
contaminated,nq,2025-01,trades_all,decision_T,543341,0,598228,SCORED,
contaminated,nq,2025-01,trades_buy,decision_T,0,0,598228,SCORED,
contaminated,nq,2025-01,trades_sell,decision_T,543341,0,598228,SCORED,
contaminated,nq,2025-01,trades_large,decision_T,9694,0,598228,SCORED,
corrected,cl,2025-01,trades_all,decision_T,21770,0,801410,SCORED,
corrected,cl,2025-01,trades_all,prev_row_B,232865,0,801410,SCORED,
corrected,cl,2025-01,trades_buy,decision_T,0,0,801410,SCORED,
corrected,cl,2025-01,trades_buy,prev_row_B,0,0,801410,SCORED,
corrected,cl,2025-01,trades_sell,decision_T,21770,0,801410,SCORED,
corrected,cl,2025-01,trades_sell,prev_row_B,232865,0,801410,SCORED,
corrected,cl,2025-01,trades_large,decision_T,1594,0,801410,SCORED,
corrected,cl,2025-01,trades_large,prev_row_B,14268,0,801410,SCORED,
contaminated,cl,2025-01,trades_all,decision_T,232865,0,801411,SCORED,
contaminated,cl,2025-01,trades_buy,decision_T,0,0,801411,SCORED,
contaminated,cl,2025-01,trades_sell,decision_T,232865,0,801411,SCORED,
contaminated,cl,2025-01,trades_large,decision_T,14268,0,801411,SCORED,
corrected,cl,2025-01,mbo_all,decision_T,53249,2194,801410,SCORED,
corrected,cl,2025-01,mbo_all,prev_row_B,534779,3204,801410,SCORED,
corrected,cl,2025-01,mbo_bid_add,decision_T,40600,1259,801410,SCORED,
corrected,cl,2025-01,mbo_bid_add,prev_row_B,421352,1805,801410,SCORED,
corrected,cl,2025-01,mbo_ask_add,decision_T,40435,927,801410,SCORED,
corrected,cl,2025-01,mbo_ask_add,prev_row_B,420221,1367,801410,SCORED,
corrected,cl,2025-01,mbo_bid_cancel,decision_T,39581,2,801410,SCORED,
corrected,cl,2025-01,mbo_bid_cancel,prev_row_B,415077,13,801410,SCORED,
corrected,cl,2025-01,mbo_ask_cancel,decision_T,39559,6,801410,SCORED,
corrected,cl,2025-01,mbo_ask_cancel,prev_row_B,415311,19,801410,SCORED,
corrected,cl,2025-01,mbo_cancel_any,decision_T,46643,8,801410,SCORED,
corrected,cl,2025-01,mbo_cancel_any,prev_row_B,480191,32,801410,SCORED,
corrected,cl,2025-01,mbo_all_rows,decision_T,54341,2197,801410,SCORED_DIAGNOSTIC_11TH_CLASS,
corrected,cl,2025-01,mbo_all_rows,prev_row_B,545832,3210,801410,SCORED_DIAGNOSTIC_11TH_CLASS,
contaminated,cl,2025-01,mbo_all,decision_T,534779,3205,801411,SCORED,
contaminated,cl,2025-01,mbo_bid_add,decision_T,421352,1806,801411,SCORED,
contaminated,cl,2025-01,mbo_ask_add,decision_T,420221,1367,801411,SCORED,
contaminated,cl,2025-01,mbo_bid_cancel,decision_T,415077,13,801411,SCORED,
contaminated,cl,2025-01,mbo_ask_cancel,decision_T,415311,19,801411,SCORED,
contaminated,cl,2025-01,mbo_cancel_any,decision_T,480191,32,801411,SCORED,
contaminated,cl,2025-01,mbo_all_rows,decision_T,545832,3211,801411,SCORED_DIAGNOSTIC_11TH_CLASS,
corrected,gc,2025-01,trades_all,decision_T,13907,3,761736,SCORED,
corrected,gc,2025-01,trades_all,prev_row_B,210374,35,761736,SCORED,
corrected,gc,2025-01,trades_buy,decision_T,0,0,761736,SCORED,
corrected,gc,2025-01,trades_buy,prev_row_B,0,0,761736,SCORED,
corrected,gc,2025-01,trades_sell,decision_T,13907,3,761736,SCORED,
corrected,gc,2025-01,trades_sell,prev_row_B,210374,35,761736,SCORED,
corrected,gc,2025-01,trades_large,decision_T,267,0,761736,SCORED,
corrected,gc,2025-01,trades_large,prev_row_B,3280,1,761736,SCORED,
contaminated,gc,2025-01,trades_all,decision_T,210374,35,761737,SCORED,
contaminated,gc,2025-01,trades_buy,decision_T,0,0,761737,SCORED,
contaminated,gc,2025-01,trades_sell,decision_T,210374,35,761737,SCORED,
contaminated,gc,2025-01,trades_large,decision_T,3280,1,761737,SCORED,
corrected,gc,2025-01,mbo_all,decision_T,37065,1853,761736,SCORED,
corrected,gc,2025-01,mbo_all,prev_row_B,523228,2712,761736,SCORED,
corrected,gc,2025-01,mbo_bid_add,decision_T,26290,1068,761736,SCORED,
corrected,gc,2025-01,mbo_bid_add,prev_row_B,384039,1490,761736,SCORED,
corrected,gc,2025-01,mbo_ask_add,decision_T,25919,767,761736,SCORED,
corrected,gc,2025-01,mbo_ask_add,prev_row_B,380700,1136,761736,SCORED,
corrected,gc,2025-01,mbo_bid_cancel,decision_T,25095,10,761736,SCORED,
corrected,gc,2025-01,mbo_bid_cancel,prev_row_B,376465,26,761736,SCORED,
corrected,gc,2025-01,mbo_ask_cancel,decision_T,24993,5,761736,SCORED,
corrected,gc,2025-01,mbo_ask_cancel,prev_row_B,375572,24,761736,SCORED,
corrected,gc,2025-01,mbo_cancel_any,decision_T,30403,15,761736,SCORED,
corrected,gc,2025-01,mbo_cancel_any,prev_row_B,448387,50,761736,SCORED,
contaminated,gc,2025-01,mbo_all,decision_T,523228,2713,761737,SCORED,
contaminated,gc,2025-01,mbo_bid_add,decision_T,384039,1490,761737,SCORED,
contaminated,gc,2025-01,mbo_ask_add,decision_T,380700,1137,761737,SCORED,
contaminated,gc,2025-01,mbo_bid_cancel,decision_T,376465,26,761737,SCORED,
contaminated,gc,2025-01,mbo_ask_cancel,decision_T,375572,24,761737,SCORED,
contaminated,gc,2025-01,mbo_cancel_any,decision_T,448387,50,761737,SCORED,
corrected,zc,2025-01,trades_all,decision_T,0,0,338158,SCORED,
corrected,zc,2025-01,trades_all,prev_row_B,89568,20,338158,SCORED,
corrected,zc,2025-01,trades_buy,decision_T,0,0,338158,SCORED,
corrected,zc,2025-01,trades_buy,prev_row_B,0,0,338158,SCORED,
corrected,zc,2025-01,trades_sell,decision_T,0,0,338158,SCORED,
corrected,zc,2025-01,trades_sell,prev_row_B,89568,20,338158,SCORED,
corrected,zc,2025-01,trades_large,decision_T,0,0,338158,SCORED,
corrected,zc,2025-01,trades_large,prev_row_B,23633,20,338158,SCORED,
contaminated,zc,2025-01,trades_all,decision_T,89568,20,338159,SCORED,
contaminated,zc,2025-01,trades_buy,decision_T,0,0,338159,SCORED,
contaminated,zc,2025-01,trades_sell,decision_T,89568,20,338159,SCORED,
contaminated,zc,2025-01,trades_large,decision_T,23633,20,338159,SCORED,
corrected,zc,2025-01,mbo_all,decision_T,0,0,338158,SCORED,
corrected,zc,2025-01,mbo_all,prev_row_B,254314,29,338158,SCORED,
corrected,zc,2025-01,mbo_bid_add,decision_T,0,0,338158,SCORED,
corrected,zc,2025-01,mbo_bid_add,prev_row_B,164958,1,338158,SCORED,
corrected,zc,2025-01,mbo_ask_add,decision_T,0,0,338158,SCORED,
corrected,zc,2025-01,mbo_ask_add,prev_row_B,162753,4,338158,SCORED,
corrected,zc,2025-01,mbo_bid_cancel,decision_T,0,0,338158,SCORED,
corrected,zc,2025-01,mbo_bid_cancel,prev_row_B,135980,23,338158,SCORED,
corrected,zc,2025-01,mbo_ask_cancel,decision_T,0,0,338158,SCORED,
corrected,zc,2025-01,mbo_ask_cancel,prev_row_B,129333,22,338158,SCORED,
corrected,zc,2025-01,mbo_cancel_any,decision_T,0,0,338158,SCORED,
corrected,zc,2025-01,mbo_cancel_any,prev_row_B,179856,24,338158,SCORED,
contaminated,zc,2025-01,mbo_all,decision_T,254315,29,338159,SCORED,
contaminated,zc,2025-01,mbo_bid_add,decision_T,164959,1,338159,SCORED,
contaminated,zc,2025-01,mbo_ask_add,decision_T,162754,4,338159,SCORED,
contaminated,zc,2025-01,mbo_bid_cancel,decision_T,135981,23,338159,SCORED,
contaminated,zc,2025-01,mbo_ask_cancel,decision_T,129334,22,338159,SCORED,
contaminated,zc,2025-01,mbo_cancel_any,decision_T,179857,24,338159,SCORED,
corrected,zs,2025-01,trades_all,decision_T,0,0,337844,SCORED,
corrected,zs,2025-01,trades_all,prev_row_B,78300,16,337844,SCORED,
corrected,zs,2025-01,trades_buy,decision_T,0,0,337844,SCORED,
corrected,zs,2025-01,trades_buy,prev_row_B,0,0,337844,SCORED,
corrected,zs,2025-01,trades_sell,decision_T,0,0,337844,SCORED,
corrected,zs,2025-01,trades_sell,prev_row_B,78300,16,337844,SCORED,
corrected,zs,2025-01,trades_large,decision_T,0,0,337844,SCORED,
corrected,zs,2025-01,trades_large,prev_row_B,17552,16,337844,SCORED,
contaminated,zs,2025-01,trades_all,decision_T,78300,16,337845,SCORED,
contaminated,zs,2025-01,trades_buy,decision_T,0,0,337845,SCORED,
contaminated,zs,2025-01,trades_sell,decision_T,78300,16,337845,SCORED,
contaminated,zs,2025-01,trades_large,decision_T,17552,16,337845,SCORED,
corrected,zs,2025-01,mbo_all,decision_T,0,0,337844,SCORED,
corrected,zs,2025-01,mbo_all,prev_row_B,210254,29,337844,SCORED,
corrected,zs,2025-01,mbo_bid_add,decision_T,0,0,337844,SCORED,
corrected,zs,2025-01,mbo_bid_add,prev_row_B,150676,3,337844,SCORED,
corrected,zs,2025-01,mbo_ask_add,decision_T,0,0,337844,SCORED,
corrected,zs,2025-01,mbo_ask_add,prev_row_B,144800,5,337844,SCORED,
corrected,zs,2025-01,mbo_bid_cancel,decision_T,0,0,337844,SCORED,
corrected,zs,2025-01,mbo_bid_cancel,prev_row_B,137505,19,337844,SCORED,
corrected,zs,2025-01,mbo_ask_cancel,decision_T,0,0,337844,SCORED,
corrected,zs,2025-01,mbo_ask_cancel,prev_row_B,131636,18,337844,SCORED,
corrected,zs,2025-01,mbo_cancel_any,decision_T,0,0,337844,SCORED,
corrected,zs,2025-01,mbo_cancel_any,prev_row_B,169487,20,337844,SCORED,
contaminated,zs,2025-01,mbo_all,decision_T,210254,29,337845,SCORED,
contaminated,zs,2025-01,mbo_bid_add,decision_T,150676,3,337845,SCORED,
contaminated,zs,2025-01,mbo_ask_add,decision_T,144800,5,337845,SCORED,
contaminated,zs,2025-01,mbo_bid_cancel,decision_T,137505,19,337845,SCORED,
contaminated,zs,2025-01,mbo_ask_cancel,decision_T,131636,18,337845,SCORED,
contaminated,zs,2025-01,mbo_cancel_any,decision_T,169487,20,337845,SCORED,
corrected,he,2025-01,trades_all,decision_T,0,0,337488,SCORED,
corrected,he,2025-01,trades_all,prev_row_B,39596,0,337488,SCORED,
corrected,he,2025-01,trades_buy,decision_T,0,0,337488,SCORED,
corrected,he,2025-01,trades_buy,prev_row_B,0,0,337488,SCORED,
corrected,he,2025-01,trades_sell,decision_T,0,0,337488,SCORED,
corrected,he,2025-01,trades_sell,prev_row_B,39596,0,337488,SCORED,
corrected,he,2025-01,trades_large,decision_T,0,0,337488,SCORED,
corrected,he,2025-01,trades_large,prev_row_B,1846,0,337488,SCORED,
contaminated,he,2025-01,trades_all,decision_T,39596,0,337489,SCORED,
contaminated,he,2025-01,trades_buy,decision_T,0,0,337489,SCORED,
contaminated,he,2025-01,trades_sell,decision_T,39596,0,337489,SCORED,
contaminated,he,2025-01,trades_large,decision_T,1846,0,337489,SCORED,
corrected,he,2025-01,mbo_all,decision_T,0,1,337488,SCORED,
corrected,he,2025-01,mbo_all,prev_row_B,132122,2,337488,SCORED,
corrected,he,2025-01,mbo_bid_add,decision_T,0,0,337488,SCORED,
corrected,he,2025-01,mbo_bid_add,prev_row_B,81777,0,337488,SCORED,
corrected,he,2025-01,mbo_ask_add,decision_T,0,0,337488,SCORED,
corrected,he,2025-01,mbo_ask_add,prev_row_B,85367,0,337488,SCORED,
corrected,he,2025-01,mbo_bid_cancel,decision_T,0,1,337488,SCORED,
corrected,he,2025-01,mbo_bid_cancel,prev_row_B,78414,2,337488,SCORED,
corrected,he,2025-01,mbo_ask_cancel,decision_T,0,0,337488,SCORED,
corrected,he,2025-01,mbo_ask_cancel,prev_row_B,77220,0,337488,SCORED,
corrected,he,2025-01,mbo_cancel_any,decision_T,0,1,337488,SCORED,
corrected,he,2025-01,mbo_cancel_any,prev_row_B,102602,2,337488,SCORED,
contaminated,he,2025-01,mbo_all,decision_T,132122,2,337489,SCORED,
contaminated,he,2025-01,mbo_bid_add,decision_T,81777,0,337489,SCORED,
contaminated,he,2025-01,mbo_ask_add,decision_T,85367,0,337489,SCORED,
contaminated,he,2025-01,mbo_bid_cancel,decision_T,78414,2,337489,SCORED,
contaminated,he,2025-01,mbo_ask_cancel,decision_T,77220,0,337489,SCORED,
contaminated,he,2025-01,mbo_cancel_any,decision_T,102602,2,337489,SCORED,
corrected,le,2025-01,trades_all,decision_T,0,0,337493,SCORED,
corrected,le,2025-01,trades_all,prev_row_B,44691,0,337493,SCORED,
corrected,le,2025-01,trades_buy,decision_T,0,0,337493,SCORED,
corrected,le,2025-01,trades_buy,prev_row_B,0,0,337493,SCORED,
corrected,le,2025-01,trades_sell,decision_T,0,0,337493,SCORED,
corrected,le,2025-01,trades_sell,prev_row_B,44691,0,337493,SCORED,
corrected,le,2025-01,trades_large,decision_T,0,0,337493,SCORED,
corrected,le,2025-01,trades_large,prev_row_B,1680,0,337493,SCORED,
contaminated,le,2025-01,trades_all,decision_T,44691,0,337494,SCORED,
contaminated,le,2025-01,trades_buy,decision_T,0,0,337494,SCORED,
contaminated,le,2025-01,trades_sell,decision_T,44691,0,337494,SCORED,
contaminated,le,2025-01,trades_large,decision_T,1680,0,337494,SCORED,
corrected,le,2025-01,mbo_all,decision_T,0,1,337493,SCORED,
corrected,le,2025-01,mbo_all,prev_row_B,140720,4,337493,SCORED,
corrected,le,2025-01,mbo_bid_add,decision_T,0,1,337493,SCORED,
corrected,le,2025-01,mbo_bid_add,prev_row_B,93211,2,337493,SCORED,
corrected,le,2025-01,mbo_ask_add,decision_T,0,0,337493,SCORED,
corrected,le,2025-01,mbo_ask_add,prev_row_B,93626,0,337493,SCORED,
corrected,le,2025-01,mbo_bid_cancel,decision_T,0,0,337493,SCORED,
corrected,le,2025-01,mbo_bid_cancel,prev_row_B,91114,1,337493,SCORED,
corrected,le,2025-01,mbo_ask_cancel,decision_T,0,0,337493,SCORED,
corrected,le,2025-01,mbo_ask_cancel,prev_row_B,91240,1,337493,SCORED,
corrected,le,2025-01,mbo_cancel_any,decision_T,0,0,337493,SCORED,
corrected,le,2025-01,mbo_cancel_any,prev_row_B,117036,2,337493,SCORED,
contaminated,le,2025-01,mbo_all,decision_T,140720,4,337494,SCORED,
contaminated,le,2025-01,mbo_bid_add,decision_T,93211,2,337494,SCORED,
contaminated,le,2025-01,mbo_ask_add,decision_T,93626,0,337494,SCORED,
contaminated,le,2025-01,mbo_bid_cancel,decision_T,91114,1,337494,SCORED,
contaminated,le,2025-01,mbo_ask_cancel,decision_T,91240,1,337494,SCORED,
contaminated,le,2025-01,mbo_cancel_any,decision_T,117036,2,337494,SCORED,
corrected,es,2025-08,trades_all,decision_T,0,0,546609,SCORED,
corrected,es,2025-08,trades_all,prev_row_B,424624,0,546609,SCORED,
corrected,es,2025-08,trades_buy,decision_T,0,0,546609,SCORED,
corrected,es,2025-08,trades_buy,prev_row_B,0,0,546609,SCORED,
corrected,es,2025-08,trades_sell,decision_T,0,0,546609,SCORED,
corrected,es,2025-08,trades_sell,prev_row_B,424624,0,546609,SCORED,
corrected,es,2025-08,trades_large,decision_T,0,0,546609,SCORED,
corrected,es,2025-08,trades_large,prev_row_B,186229,0,546609,SCORED,
contaminated,es,2025-08,trades_all,decision_T,424624,0,546610,SCORED,
contaminated,es,2025-08,trades_buy,decision_T,0,0,546610,SCORED,
contaminated,es,2025-08,trades_sell,decision_T,424624,0,546610,SCORED,
contaminated,es,2025-08,trades_large,decision_T,186229,0,546610,SCORED,
corrected,es,2025-08,mbo_all,decision_T,0,6,546609,SCORED,
corrected,es,2025-08,mbo_all,prev_row_B,524929,289,546609,SCORED,
corrected,es,2025-08,mbo_bid_add,decision_T,0,4,546609,SCORED,
corrected,es,2025-08,mbo_bid_add,prev_row_B,513061,137,546609,SCORED,
corrected,es,2025-08,mbo_ask_add,decision_T,0,2,546609,SCORED,
corrected,es,2025-08,mbo_ask_add,prev_row_B,512005,152,546609,SCORED,
corrected,es,2025-08,mbo_bid_cancel,decision_T,0,0,546609,SCORED,
corrected,es,2025-08,mbo_bid_cancel,prev_row_B,511428,0,546609,SCORED,
corrected,es,2025-08,mbo_ask_cancel,decision_T,0,0,546609,SCORED,
corrected,es,2025-08,mbo_ask_cancel,prev_row_B,510248,0,546609,SCORED,
corrected,es,2025-08,mbo_cancel_any,decision_T,0,0,546609,SCORED,
corrected,es,2025-08,mbo_cancel_any,prev_row_B,519749,0,546609,SCORED,
corrected,es,2025-08,mbo_all_rows,decision_T,0,6,546609,SCORED_DIAGNOSTIC_11TH_CLASS,
corrected,es,2025-08,mbo_all_rows,prev_row_B,525628,289,546609,SCORED_DIAGNOSTIC_11TH_CLASS,
contaminated,es,2025-08,mbo_all,decision_T,524929,290,546610,SCORED,
contaminated,es,2025-08,mbo_bid_add,decision_T,513061,138,546610,SCORED,
contaminated,es,2025-08,mbo_ask_add,decision_T,512005,152,546610,SCORED,
contaminated,es,2025-08,mbo_bid_cancel,decision_T,511428,0,546610,SCORED,
contaminated,es,2025-08,mbo_ask_cancel,decision_T,510248,0,546610,SCORED,
contaminated,es,2025-08,mbo_cancel_any,decision_T,519749,0,546610,SCORED,
contaminated,es,2025-08,mbo_all_rows,decision_T,525628,290,546610,SCORED_DIAGNOSTIC_11TH_CLASS,
corrected,nq,2025-08,mbo_all,decision_T,,,540530,UNSCORED_FOR_LACK_OF_DATA,C:\Users\ttbea\OneDrive\Desktop\MBO_2025\processed\nq\nq_mbo_2025-08.parquet
contaminated,nq,2025-08,mbo_all,decision_T,,,540531,UNSCORED_FOR_LACK_OF_DATA,C:\Users\ttbea\OneDrive\Desktop\MBO_2025\processed\nq\nq_mbo_2025-08.parquet
corrected,nq,2025-08,mbo_bid_add,decision_T,,,540530,UNSCORED_FOR_LACK_OF_DATA,C:\Users\ttbea\OneDrive\Desktop\MBO_2025\processed\nq\nq_mbo_2025-08.parquet
contaminated,nq,2025-08,mbo_bid_add,decision_T,,,540531,UNSCORED_FOR_LACK_OF_DATA,C:\Users\ttbea\OneDrive\Desktop\MBO_2025\processed\nq\nq_mbo_2025-08.parquet
corrected,nq,2025-08,mbo_ask_add,decision_T,,,540530,UNSCORED_FOR_LACK_OF_DATA,C:\Users\ttbea\OneDrive\Desktop\MBO_2025\processed\nq\nq_mbo_2025-08.parquet
contaminated,nq,2025-08,mbo_ask_add,decision_T,,,540531,UNSCORED_FOR_LACK_OF_DATA,C:\Users\ttbea\OneDrive\Desktop\MBO_2025\processed\nq\nq_mbo_2025-08.parquet
corrected,nq,2025-08,mbo_bid_cancel,decision_T,,,540530,UNSCORED_FOR_LACK_OF_DATA,C:\Users\ttbea\OneDrive\Desktop\MBO_2025\processed\nq\nq_mbo_2025-08.parquet
contaminated,nq,2025-08,mbo_bid_cancel,decision_T,,,540531,UNSCORED_FOR_LACK_OF_DATA,C:\Users\ttbea\OneDrive\Desktop\MBO_2025\processed\nq\nq_mbo_2025-08.parquet
corrected,nq,2025-08,mbo_ask_cancel,decision_T,,,540530,UNSCORED_FOR_LACK_OF_DATA,C:\Users\ttbea\OneDrive\Desktop\MBO_2025\processed\nq\nq_mbo_2025-08.parquet
contaminated,nq,2025-08,mbo_ask_cancel,decision_T,,,540531,UNSCORED_FOR_LACK_OF_DATA,C:\Users\ttbea\OneDrive\Desktop\MBO_2025\processed\nq\nq_mbo_2025-08.parquet
corrected,nq,2025-08,mbo_cancel_any,decision_T,,,540530,UNSCORED_FOR_LACK_OF_DATA,C:\Users\ttbea\OneDrive\Desktop\MBO_2025\processed\nq\nq_mbo_2025-08.parquet
contaminated,nq,2025-08,mbo_cancel_any,decision_T,,,540531,UNSCORED_FOR_LACK_OF_DATA,C:\Users\ttbea\OneDrive\Desktop\MBO_2025\processed\nq\nq_mbo_2025-08.parquet
corrected,nq,2025-08,trades_all,decision_T,0,0,540530,SCORED,
corrected,nq,2025-08,trades_all,prev_row_B,470095,0,540530,SCORED,
corrected,nq,2025-08,trades_buy,decision_T,0,0,540530,SCORED,
corrected,nq,2025-08,trades_buy,prev_row_B,0,0,540530,SCORED,
corrected,nq,2025-08,trades_sell,decision_T,0,0,540530,SCORED,
corrected,nq,2025-08,trades_sell,prev_row_B,470095,0,540530,SCORED,
corrected,nq,2025-08,trades_large,decision_T,0,0,540530,SCORED,
corrected,nq,2025-08,trades_large,prev_row_B,9234,0,540530,SCORED,
contaminated,nq,2025-08,trades_all,decision_T,470095,0,540531,SCORED,
contaminated,nq,2025-08,trades_buy,decision_T,0,0,540531,SCORED,
contaminated,nq,2025-08,trades_sell,decision_T,470095,0,540531,SCORED,
contaminated,nq,2025-08,trades_large,decision_T,9234,0,540531,SCORED,
corrected,cl,2025-08,trades_all,decision_T,9048,0,664076,SCORED,
corrected,cl,2025-08,trades_all,prev_row_B,142974,0,664076,SCORED,
corrected,cl,2025-08,trades_buy,decision_T,0,0,664076,SCORED,
corrected,cl,2025-08,trades_buy,prev_row_B,0,0,664076,SCORED,
corrected,cl,2025-08,trades_sell,decision_T,9048,0,664076,SCORED,
corrected,cl,2025-08,trades_sell,prev_row_B,142974,0,664076,SCORED,
corrected,cl,2025-08,trades_large,decision_T,771,0,664076,SCORED,
corrected,cl,2025-08,trades_large,prev_row_B,9919,0,664076,SCORED,
contaminated,cl,2025-08,trades_all,decision_T,142974,0,664077,SCORED,
contaminated,cl,2025-08,trades_buy,decision_T,0,0,664077,SCORED,
contaminated,cl,2025-08,trades_sell,decision_T,142974,0,664077,SCORED,
contaminated,cl,2025-08,trades_large,decision_T,9919,0,664077,SCORED,
corrected,cl,2025-08,mbo_all,decision_T,27852,1427,664076,SCORED,
corrected,cl,2025-08,mbo_all,prev_row_B,406797,2468,664076,SCORED,
corrected,cl,2025-08,mbo_bid_add,decision_T,18374,603,664076,SCORED,
corrected,cl,2025-08,mbo_bid_add,prev_row_B,283878,1105,664076,SCORED,
corrected,cl,2025-08,mbo_ask_add,decision_T,18586,812,664076,SCORED,
corrected,cl,2025-08,mbo_ask_add,prev_row_B,284551,1347,664076,SCORED,
corrected,cl,2025-08,mbo_bid_cancel,decision_T,17902,3,664076,SCORED,
corrected,cl,2025-08,mbo_bid_cancel,prev_row_B,278277,5,664076,SCORED,
corrected,cl,2025-08,mbo_ask_cancel,decision_T,17988,6,664076,SCORED,
corrected,cl,2025-08,mbo_ask_cancel,prev_row_B,278073,9,664076,SCORED,
corrected,cl,2025-08,mbo_cancel_any,decision_T,22428,9,664076,SCORED,
corrected,cl,2025-08,mbo_cancel_any,prev_row_B,339211,14,664076,SCORED,
contaminated,cl,2025-08,mbo_all,decision_T,406797,2469,664077,SCORED,
contaminated,cl,2025-08,mbo_bid_add,decision_T,283878,1105,664077,SCORED,
contaminated,cl,2025-08,mbo_ask_add,decision_T,284551,1347,664077,SCORED,
contaminated,cl,2025-08,mbo_bid_cancel,decision_T,278277,5,664077,SCORED,
contaminated,cl,2025-08,mbo_ask_cancel,decision_T,278073,9,664077,SCORED,
contaminated,cl,2025-08,mbo_cancel_any,decision_T,339211,14,664077,SCORED,
corrected,gc,2025-08,trades_all,decision_T,16051,0,692041,SCORED,
corrected,gc,2025-08,trades_all,prev_row_B,204014,0,692041,SCORED,
corrected,gc,2025-08,trades_buy,decision_T,0,0,692041,SCORED,
corrected,gc,2025-08,trades_buy,prev_row_B,0,0,692041,SCORED,
corrected,gc,2025-08,trades_sell,decision_T,16051,0,692041,SCORED,
corrected,gc,2025-08,trades_sell,prev_row_B,204014,0,692041,SCORED,
corrected,gc,2025-08,trades_large,decision_T,232,0,692041,SCORED,
corrected,gc,2025-08,trades_large,prev_row_B,3064,0,692041,SCORED,
contaminated,gc,2025-08,trades_all,decision_T,204014,0,692042,SCORED,
contaminated,gc,2025-08,trades_buy,decision_T,0,0,692042,SCORED,
contaminated,gc,2025-08,trades_sell,decision_T,204014,0,692042,SCORED,
contaminated,gc,2025-08,trades_large,decision_T,3064,0,692042,SCORED,
corrected,gc,2025-08,mbo_all,decision_T,42886,1907,692041,SCORED,
corrected,gc,2025-08,mbo_all,prev_row_B,461530,2864,692041,SCORED,
corrected,gc,2025-08,mbo_bid_add,decision_T,29001,949,692041,SCORED,
corrected,gc,2025-08,mbo_bid_add,prev_row_B,342764,1427,692041,SCORED,
corrected,gc,2025-08,mbo_ask_add,decision_T,28636,947,692041,SCORED,
corrected,gc,2025-08,mbo_ask_add,prev_row_B,335400,1426,692041,SCORED,
corrected,gc,2025-08,mbo_bid_cancel,decision_T,28194,6,692041,SCORED,
corrected,gc,2025-08,mbo_bid_cancel,prev_row_B,338915,7,692041,SCORED,
corrected,gc,2025-08,mbo_ask_cancel,decision_T,28457,3,692041,SCORED,
corrected,gc,2025-08,mbo_ask_cancel,prev_row_B,337334,3,692041,SCORED,
corrected,gc,2025-08,mbo_cancel_any,decision_T,35509,9,692041,SCORED,
corrected,gc,2025-08,mbo_cancel_any,prev_row_B,402064,10,692041,SCORED,
contaminated,gc,2025-08,mbo_all,decision_T,461530,2865,692042,SCORED,
contaminated,gc,2025-08,mbo_bid_add,decision_T,342764,1427,692042,SCORED,
contaminated,gc,2025-08,mbo_ask_add,decision_T,335400,1426,692042,SCORED,
contaminated,gc,2025-08,mbo_bid_cancel,decision_T,338915,7,692042,SCORED,
contaminated,gc,2025-08,mbo_ask_cancel,decision_T,337334,3,692042,SCORED,
contaminated,gc,2025-08,mbo_cancel_any,decision_T,402064,10,692042,SCORED,
corrected,zc,2025-08,trades_all,decision_T,23755,3,554303,SCORED,
corrected,zc,2025-08,trades_all,prev_row_B,92136,3,554303,SCORED,
corrected,zc,2025-08,trades_buy,decision_T,0,0,554303,SCORED,
corrected,zc,2025-08,trades_buy,prev_row_B,0,0,554303,SCORED,
corrected,zc,2025-08,trades_sell,decision_T,23755,3,554303,SCORED,
corrected,zc,2025-08,trades_sell,prev_row_B,92136,3,554303,SCORED,
corrected,zc,2025-08,trades_large,decision_T,5567,0,554303,SCORED,
corrected,zc,2025-08,trades_large,prev_row_B,20546,0,554303,SCORED,
contaminated,zc,2025-08,trades_all,decision_T,92136,3,554304,SCORED,
contaminated,zc,2025-08,trades_buy,decision_T,0,0,554304,SCORED,
contaminated,zc,2025-08,trades_sell,decision_T,92136,3,554304,SCORED,
contaminated,zc,2025-08,trades_large,decision_T,20546,0,554304,SCORED,
corrected,zc,2025-08,mbo_all,decision_T,90868,2857,554303,SCORED,
corrected,zc,2025-08,mbo_all,prev_row_B,314170,3209,554303,SCORED,
corrected,zc,2025-08,mbo_bid_add,decision_T,46280,1040,554303,SCORED,
corrected,zc,2025-08,mbo_bid_add,prev_row_B,175168,1187,554303,SCORED,
corrected,zc,2025-08,mbo_ask_add,decision_T,47496,1807,554303,SCORED,
corrected,zc,2025-08,mbo_ask_add,prev_row_B,172165,2011,554303,SCORED,
corrected,zc,2025-08,mbo_bid_cancel,decision_T,34610,6,554303,SCORED,
corrected,zc,2025-08,mbo_bid_cancel,prev_row_B,131552,6,554303,SCORED,
corrected,zc,2025-08,mbo_ask_cancel,decision_T,34311,4,554303,SCORED,
corrected,zc,2025-08,mbo_ask_cancel,prev_row_B,129614,4,554303,SCORED,
corrected,zc,2025-08,mbo_cancel_any,decision_T,53074,9,554303,SCORED,
corrected,zc,2025-08,mbo_cancel_any,prev_row_B,196174,9,554303,SCORED,
contaminated,zc,2025-08,mbo_all,decision_T,314170,3210,554304,SCORED,
contaminated,zc,2025-08,mbo_bid_add,decision_T,175168,1188,554304,SCORED,
contaminated,zc,2025-08,mbo_ask_add,decision_T,172165,2011,554304,SCORED,
contaminated,zc,2025-08,mbo_bid_cancel,decision_T,131552,6,554304,SCORED,
contaminated,zc,2025-08,mbo_ask_cancel,decision_T,129614,4,554304,SCORED,
contaminated,zc,2025-08,mbo_cancel_any,decision_T,196174,9,554304,SCORED,
corrected,zs,2025-08,trades_all,decision_T,17717,2,465381,SCORED,
corrected,zs,2025-08,trades_all,prev_row_B,88011,3,465381,SCORED,
corrected,zs,2025-08,trades_buy,decision_T,0,0,465381,SCORED,
corrected,zs,2025-08,trades_buy,prev_row_B,0,0,465381,SCORED,
corrected,zs,2025-08,trades_sell,decision_T,17717,2,465381,SCORED,
corrected,zs,2025-08,trades_sell,prev_row_B,88011,3,465381,SCORED,
corrected,zs,2025-08,trades_large,decision_T,4511,0,465381,SCORED,
corrected,zs,2025-08,trades_large,prev_row_B,21071,0,465381,SCORED,
contaminated,zs,2025-08,trades_all,decision_T,88011,3,465382,SCORED,
contaminated,zs,2025-08,trades_buy,decision_T,0,0,465382,SCORED,
contaminated,zs,2025-08,trades_sell,decision_T,88011,3,465382,SCORED,
contaminated,zs,2025-08,trades_large,decision_T,21071,0,465382,SCORED,
corrected,zs,2025-08,mbo_all,decision_T,64404,2161,465381,SCORED,
corrected,zs,2025-08,mbo_all,prev_row_B,296502,2724,465381,SCORED,
corrected,zs,2025-08,mbo_bid_add,decision_T,39806,624,465381,SCORED,
corrected,zs,2025-08,mbo_bid_add,prev_row_B,196791,801,465381,SCORED,
corrected,zs,2025-08,mbo_ask_add,decision_T,39319,1526,465381,SCORED,
corrected,zs,2025-08,mbo_ask_add,prev_row_B,192217,1911,465381,SCORED,
corrected,zs,2025-08,mbo_bid_cancel,decision_T,34379,5,465381,SCORED,
corrected,zs,2025-08,mbo_bid_cancel,prev_row_B,173403,5,465381,SCORED,
corrected,zs,2025-08,mbo_ask_cancel,decision_T,33614,4,465381,SCORED,
corrected,zs,2025-08,mbo_ask_cancel,prev_row_B,167470,4,465381,SCORED,
corrected,zs,2025-08,mbo_cancel_any,decision_T,46125,8,465381,SCORED,
corrected,zs,2025-08,mbo_cancel_any,prev_row_B,225561,8,465381,SCORED,
contaminated,zs,2025-08,mbo_all,decision_T,296502,2725,465382,SCORED,
contaminated,zs,2025-08,mbo_bid_add,decision_T,196791,801,465382,SCORED,
contaminated,zs,2025-08,mbo_ask_add,decision_T,192217,1911,465382,SCORED,
contaminated,zs,2025-08,mbo_bid_cancel,decision_T,173403,6,465382,SCORED,
contaminated,zs,2025-08,mbo_ask_cancel,decision_T,167470,4,465382,SCORED,
contaminated,zs,2025-08,mbo_cancel_any,decision_T,225561,9,465382,SCORED,
corrected,he,2025-08,trades_all,decision_T,0,0,308710,SCORED,
corrected,he,2025-08,trades_all,prev_row_B,29188,0,308710,SCORED,
corrected,he,2025-08,trades_buy,decision_T,0,0,308710,SCORED,
corrected,he,2025-08,trades_buy,prev_row_B,0,0,308710,SCORED,
corrected,he,2025-08,trades_sell,decision_T,0,0,308710,SCORED,
corrected,he,2025-08,trades_sell,prev_row_B,29188,0,308710,SCORED,
corrected,he,2025-08,trades_large,decision_T,0,0,308710,SCORED,
corrected,he,2025-08,trades_large,prev_row_B,1485,0,308710,SCORED,
contaminated,he,2025-08,trades_all,decision_T,29188,0,308711,SCORED,
contaminated,he,2025-08,trades_buy,decision_T,0,0,308711,SCORED,
contaminated,he,2025-08,trades_sell,decision_T,29188,0,308711,SCORED,
contaminated,he,2025-08,trades_large,decision_T,1485,0,308711,SCORED,
corrected,he,2025-08,mbo_all,decision_T,0,15,308710,SCORED,
corrected,he,2025-08,mbo_all,prev_row_B,100848,20,308710,SCORED,
corrected,he,2025-08,mbo_bid_add,decision_T,0,5,308710,SCORED,
corrected,he,2025-08,mbo_bid_add,prev_row_B,50259,8,308710,SCORED,
corrected,he,2025-08,mbo_ask_add,decision_T,0,4,308710,SCORED,
corrected,he,2025-08,mbo_ask_add,prev_row_B,50764,4,308710,SCORED,
corrected,he,2025-08,mbo_bid_cancel,decision_T,0,4,308710,SCORED,
corrected,he,2025-08,mbo_bid_cancel,prev_row_B,46003,5,308710,SCORED,
corrected,he,2025-08,mbo_ask_cancel,decision_T,0,0,308710,SCORED,
corrected,he,2025-08,mbo_ask_cancel,prev_row_B,45429,1,308710,SCORED,
corrected,he,2025-08,mbo_cancel_any,decision_T,0,4,308710,SCORED,
corrected,he,2025-08,mbo_cancel_any,prev_row_B,65709,6,308710,SCORED,
contaminated,he,2025-08,mbo_all,decision_T,100848,21,308711,SCORED,
contaminated,he,2025-08,mbo_bid_add,decision_T,50259,8,308711,SCORED,
contaminated,he,2025-08,mbo_ask_add,decision_T,50764,4,308711,SCORED,
contaminated,he,2025-08,mbo_bid_cancel,decision_T,46003,6,308711,SCORED,
contaminated,he,2025-08,mbo_ask_cancel,decision_T,45429,1,308711,SCORED,
contaminated,he,2025-08,mbo_cancel_any,decision_T,65709,7,308711,SCORED,
corrected,le,2025-08,trades_all,decision_T,0,0,308710,SCORED,
corrected,le,2025-08,trades_all,prev_row_B,43707,1,308710,SCORED,
corrected,le,2025-08,trades_buy,decision_T,0,0,308710,SCORED,
corrected,le,2025-08,trades_buy,prev_row_B,0,0,308710,SCORED,
corrected,le,2025-08,trades_sell,decision_T,0,0,308710,SCORED,
corrected,le,2025-08,trades_sell,prev_row_B,43707,1,308710,SCORED,
corrected,le,2025-08,trades_large,decision_T,0,0,308710,SCORED,
corrected,le,2025-08,trades_large,prev_row_B,969,0,308710,SCORED,
contaminated,le,2025-08,trades_all,decision_T,43707,1,308711,SCORED,
contaminated,le,2025-08,trades_buy,decision_T,0,0,308711,SCORED,
contaminated,le,2025-08,trades_sell,decision_T,43707,1,308711,SCORED,
contaminated,le,2025-08,trades_large,decision_T,969,0,308711,SCORED,
corrected,le,2025-08,mbo_all,decision_T,0,13,308710,SCORED,
corrected,le,2025-08,mbo_all,prev_row_B,119867,20,308710,SCORED,
corrected,le,2025-08,mbo_bid_add,decision_T,0,1,308710,SCORED,
corrected,le,2025-08,mbo_bid_add,prev_row_B,74252,2,308710,SCORED,
corrected,le,2025-08,mbo_ask_add,decision_T,0,4,308710,SCORED,
corrected,le,2025-08,mbo_ask_add,prev_row_B,75663,7,308710,SCORED,
corrected,le,2025-08,mbo_bid_cancel,decision_T,0,3,308710,SCORED,
corrected,le,2025-08,mbo_bid_cancel,prev_row_B,72634,3,308710,SCORED,
corrected,le,2025-08,mbo_ask_cancel,decision_T,0,4,308710,SCORED,
corrected,le,2025-08,mbo_ask_cancel,prev_row_B,73501,7,308710,SCORED,
corrected,le,2025-08,mbo_cancel_any,decision_T,0,7,308710,SCORED,
corrected,le,2025-08,mbo_cancel_any,prev_row_B,93525,10,308710,SCORED,
contaminated,le,2025-08,mbo_all,decision_T,119867,21,308711,SCORED,
contaminated,le,2025-08,mbo_bid_add,decision_T,74252,2,308711,SCORED,
contaminated,le,2025-08,mbo_ask_add,decision_T,75663,7,308711,SCORED,
contaminated,le,2025-08,mbo_bid_cancel,decision_T,72634,4,308711,SCORED,
contaminated,le,2025-08,mbo_ask_cancel,decision_T,73501,7,308711,SCORED,
contaminated,le,2025-08,mbo_cancel_any,decision_T,93525,11,308711,SCORED,
corrected,es,2025-09,trades_all,decision_T,0,0,553279,SCORED,
corrected,es,2025-09,trades_all,prev_row_B,420017,0,553279,SCORED,
corrected,es,2025-09,trades_buy,decision_T,0,0,553279,SCORED,
corrected,es,2025-09,trades_buy,prev_row_B,0,0,553279,SCORED,
corrected,es,2025-09,trades_sell,decision_T,0,0,553279,SCORED,
corrected,es,2025-09,trades_sell,prev_row_B,420017,0,553279,SCORED,
corrected,es,2025-09,trades_large,decision_T,0,0,553279,SCORED,
corrected,es,2025-09,trades_large,prev_row_B,192172,0,553279,SCORED,
contaminated,es,2025-09,trades_all,decision_T,420017,0,553280,SCORED,
contaminated,es,2025-09,trades_buy,decision_T,0,0,553280,SCORED,
contaminated,es,2025-09,trades_sell,decision_T,420017,0,553280,SCORED,
contaminated,es,2025-09,trades_large,decision_T,192172,0,553280,SCORED,
corrected,es,2025-09,mbo_all,decision_T,0,5,553279,SCORED,
corrected,es,2025-09,mbo_all,prev_row_B,532496,187,553279,SCORED,
corrected,es,2025-09,mbo_bid_add,decision_T,0,2,553279,SCORED,
corrected,es,2025-09,mbo_bid_add,prev_row_B,518210,84,553279,SCORED,
corrected,es,2025-09,mbo_ask_add,decision_T,0,0,553279,SCORED,
corrected,es,2025-09,mbo_ask_add,prev_row_B,517324,78,553279,SCORED,
corrected,es,2025-09,mbo_bid_cancel,decision_T,0,2,553279,SCORED,
corrected,es,2025-09,mbo_bid_cancel,prev_row_B,517019,12,553279,SCORED,
corrected,es,2025-09,mbo_ask_cancel,decision_T,0,1,553279,SCORED,
corrected,es,2025-09,mbo_ask_cancel,prev_row_B,515847,13,553279,SCORED,
corrected,es,2025-09,mbo_cancel_any,decision_T,0,3,553279,SCORED,
corrected,es,2025-09,mbo_cancel_any,prev_row_B,526902,25,553279,SCORED,
corrected,es,2025-09,mbo_all_rows,decision_T,0,5,553279,SCORED_DIAGNOSTIC_11TH_CLASS,
corrected,es,2025-09,mbo_all_rows,prev_row_B,533391,187,553279,SCORED_DIAGNOSTIC_11TH_CLASS,
contaminated,es,2025-09,mbo_all,decision_T,532496,188,553280,SCORED,
contaminated,es,2025-09,mbo_bid_add,decision_T,518210,84,553280,SCORED,
contaminated,es,2025-09,mbo_ask_add,decision_T,517324,78,553280,SCORED,
contaminated,es,2025-09,mbo_bid_cancel,decision_T,517019,12,553280,SCORED,
contaminated,es,2025-09,mbo_ask_cancel,decision_T,515847,14,553280,SCORED,
contaminated,es,2025-09,mbo_cancel_any,decision_T,526902,26,553280,SCORED,
contaminated,es,2025-09,mbo_all_rows,decision_T,533391,188,553280,SCORED_DIAGNOSTIC_11TH_CLASS,
corrected,nq,2025-09,mbo_all,decision_T,,,549430,UNSCORED_FOR_LACK_OF_DATA,C:\Users\ttbea\OneDrive\Desktop\MBO_2025\processed\nq\nq_mbo_2025-09.parquet
contaminated,nq,2025-09,mbo_all,decision_T,,,549431,UNSCORED_FOR_LACK_OF_DATA,C:\Users\ttbea\OneDrive\Desktop\MBO_2025\processed\nq\nq_mbo_2025-09.parquet
corrected,nq,2025-09,mbo_bid_add,decision_T,,,549430,UNSCORED_FOR_LACK_OF_DATA,C:\Users\ttbea\OneDrive\Desktop\MBO_2025\processed\nq\nq_mbo_2025-09.parquet
contaminated,nq,2025-09,mbo_bid_add,decision_T,,,549431,UNSCORED_FOR_LACK_OF_DATA,C:\Users\ttbea\OneDrive\Desktop\MBO_2025\processed\nq\nq_mbo_2025-09.parquet
corrected,nq,2025-09,mbo_ask_add,decision_T,,,549430,UNSCORED_FOR_LACK_OF_DATA,C:\Users\ttbea\OneDrive\Desktop\MBO_2025\processed\nq\nq_mbo_2025-09.parquet
contaminated,nq,2025-09,mbo_ask_add,decision_T,,,549431,UNSCORED_FOR_LACK_OF_DATA,C:\Users\ttbea\OneDrive\Desktop\MBO_2025\processed\nq\nq_mbo_2025-09.parquet
corrected,nq,2025-09,mbo_bid_cancel,decision_T,,,549430,UNSCORED_FOR_LACK_OF_DATA,C:\Users\ttbea\OneDrive\Desktop\MBO_2025\processed\nq\nq_mbo_2025-09.parquet
contaminated,nq,2025-09,mbo_bid_cancel,decision_T,,,549431,UNSCORED_FOR_LACK_OF_DATA,C:\Users\ttbea\OneDrive\Desktop\MBO_2025\processed\nq\nq_mbo_2025-09.parquet
corrected,nq,2025-09,mbo_ask_cancel,decision_T,,,549430,UNSCORED_FOR_LACK_OF_DATA,C:\Users\ttbea\OneDrive\Desktop\MBO_2025\processed\nq\nq_mbo_2025-09.parquet
contaminated,nq,2025-09,mbo_ask_cancel,decision_T,,,549431,UNSCORED_FOR_LACK_OF_DATA,C:\Users\ttbea\OneDrive\Desktop\MBO_2025\processed\nq\nq_mbo_2025-09.parquet
corrected,nq,2025-09,mbo_cancel_any,decision_T,,,549430,UNSCORED_FOR_LACK_OF_DATA,C:\Users\ttbea\OneDrive\Desktop\MBO_2025\processed\nq\nq_mbo_2025-09.parquet
contaminated,nq,2025-09,mbo_cancel_any,decision_T,,,549431,UNSCORED_FOR_LACK_OF_DATA,C:\Users\ttbea\OneDrive\Desktop\MBO_2025\processed\nq\nq_mbo_2025-09.parquet
corrected,nq,2025-09,trades_all,decision_T,0,0,549430,SCORED,
corrected,nq,2025-09,trades_all,prev_row_B,455826,0,549430,SCORED,
corrected,nq,2025-09,trades_buy,decision_T,0,0,549430,SCORED,
corrected,nq,2025-09,trades_buy,prev_row_B,0,0,549430,SCORED,
corrected,nq,2025-09,trades_sell,decision_T,0,0,549430,SCORED,
corrected,nq,2025-09,trades_sell,prev_row_B,455826,0,549430,SCORED,
corrected,nq,2025-09,trades_large,decision_T,0,0,549430,SCORED,
corrected,nq,2025-09,trades_large,prev_row_B,8269,0,549430,SCORED,
contaminated,nq,2025-09,trades_all,decision_T,455826,0,549431,SCORED,
contaminated,nq,2025-09,trades_buy,decision_T,0,0,549431,SCORED,
contaminated,nq,2025-09,trades_sell,decision_T,455826,0,549431,SCORED,
contaminated,nq,2025-09,trades_large,decision_T,8269,0,549431,SCORED,
corrected,cl,2025-09,trades_all,decision_T,10803,1,687658,SCORED,
corrected,cl,2025-09,trades_all,prev_row_B,132950,4,687658,SCORED,
corrected,cl,2025-09,trades_buy,decision_T,0,0,687658,SCORED,
corrected,cl,2025-09,trades_buy,prev_row_B,0,0,687658,SCORED,
corrected,cl,2025-09,trades_sell,decision_T,10803,1,687658,SCORED,
corrected,cl,2025-09,trades_sell,prev_row_B,132950,4,687658,SCORED,
corrected,cl,2025-09,trades_large,decision_T,1055,0,687658,SCORED,
corrected,cl,2025-09,trades_large,prev_row_B,11991,0,687658,SCORED,
contaminated,cl,2025-09,trades_all,decision_T,132950,4,687659,SCORED,
contaminated,cl,2025-09,trades_buy,decision_T,0,0,687659,SCORED,
contaminated,cl,2025-09,trades_sell,decision_T,132950,4,687659,SCORED,
contaminated,cl,2025-09,trades_large,decision_T,11991,0,687659,SCORED,
corrected,cl,2025-09,mbo_all,decision_T,34010,1388,687658,SCORED,
corrected,cl,2025-09,mbo_all,prev_row_B,414893,2276,687658,SCORED,
corrected,cl,2025-09,mbo_bid_add,decision_T,23072,723,687658,SCORED,
corrected,cl,2025-09,mbo_bid_add,prev_row_B,285473,1124,687658,SCORED,
corrected,cl,2025-09,mbo_ask_add,decision_T,23009,650,687658,SCORED,
corrected,cl,2025-09,mbo_ask_add,prev_row_B,284387,1123,687658,SCORED,
corrected,cl,2025-09,mbo_bid_cancel,decision_T,22200,4,687658,SCORED,
corrected,cl,2025-09,mbo_bid_cancel,prev_row_B,276775,9,687658,SCORED,
corrected,cl,2025-09,mbo_ask_cancel,decision_T,22232,7,687658,SCORED,
corrected,cl,2025-09,mbo_ask_cancel,prev_row_B,278514,14,687658,SCORED,
corrected,cl,2025-09,mbo_cancel_any,decision_T,27739,11,687658,SCORED,
corrected,cl,2025-09,mbo_cancel_any,prev_row_B,344490,23,687658,SCORED,
contaminated,cl,2025-09,mbo_all,decision_T,414893,2277,687659,SCORED,
contaminated,cl,2025-09,mbo_bid_add,decision_T,285473,1124,687659,SCORED,
contaminated,cl,2025-09,mbo_ask_add,decision_T,284387,1123,687659,SCORED,
contaminated,cl,2025-09,mbo_bid_cancel,decision_T,276775,10,687659,SCORED,
contaminated,cl,2025-09,mbo_ask_cancel,decision_T,278514,14,687659,SCORED,
contaminated,cl,2025-09,mbo_cancel_any,decision_T,344490,24,687659,SCORED,
corrected,gc,2025-09,trades_all,decision_T,25862,0,734280,SCORED,
corrected,gc,2025-09,trades_all,prev_row_B,252461,0,734280,SCORED,
corrected,gc,2025-09,trades_buy,decision_T,0,0,734280,SCORED,
corrected,gc,2025-09,trades_buy,prev_row_B,0,0,734280,SCORED,
corrected,gc,2025-09,trades_sell,decision_T,25862,0,734280,SCORED,
corrected,gc,2025-09,trades_sell,prev_row_B,252461,0,734280,SCORED,
corrected,gc,2025-09,trades_large,decision_T,322,0,734280,SCORED,
corrected,gc,2025-09,trades_large,prev_row_B,3263,0,734280,SCORED,
contaminated,gc,2025-09,trades_all,decision_T,252461,0,734281,SCORED,
contaminated,gc,2025-09,trades_buy,decision_T,0,0,734281,SCORED,
contaminated,gc,2025-09,trades_sell,decision_T,252461,0,734281,SCORED,
contaminated,gc,2025-09,trades_large,decision_T,3263,0,734281,SCORED,
corrected,gc,2025-09,mbo_all,decision_T,59691,2053,734280,SCORED,
corrected,gc,2025-09,mbo_all,prev_row_B,515322,3368,734280,SCORED,
corrected,gc,2025-09,mbo_bid_add,decision_T,45079,1088,734280,SCORED,
corrected,gc,2025-09,mbo_bid_add,prev_row_B,412643,1747,734280,SCORED,
corrected,gc,2025-09,mbo_ask_add,decision_T,44184,953,734280,SCORED,
corrected,gc,2025-09,mbo_ask_add,prev_row_B,406471,1572,734280,SCORED,
corrected,gc,2025-09,mbo_bid_cancel,decision_T,44675,7,734280,SCORED,
corrected,gc,2025-09,mbo_bid_cancel,prev_row_B,412049,32,734280,SCORED,
corrected,gc,2025-09,mbo_ask_cancel,decision_T,44498,5,734280,SCORED,
corrected,gc,2025-09,mbo_ask_cancel,prev_row_B,410785,17,734280,SCORED,
corrected,gc,2025-09,mbo_cancel_any,decision_T,52942,12,734280,SCORED,
corrected,gc,2025-09,mbo_cancel_any,prev_row_B,471889,49,734280,SCORED,
corrected,gc,2025-09,mbo_all_rows,decision_T,61023,2054,734280,SCORED_DIAGNOSTIC_11TH_CLASS,
corrected,gc,2025-09,mbo_all_rows,prev_row_B,525054,3370,734280,SCORED_DIAGNOSTIC_11TH_CLASS,
contaminated,gc,2025-09,mbo_all,decision_T,515322,3369,734281,SCORED,
contaminated,gc,2025-09,mbo_bid_add,decision_T,412643,1747,734281,SCORED,
contaminated,gc,2025-09,mbo_ask_add,decision_T,406471,1572,734281,SCORED,
contaminated,gc,2025-09,mbo_bid_cancel,decision_T,412049,33,734281,SCORED,
contaminated,gc,2025-09,mbo_ask_cancel,decision_T,410785,17,734281,SCORED,
contaminated,gc,2025-09,mbo_cancel_any,decision_T,471889,50,734281,SCORED,
contaminated,gc,2025-09,mbo_all_rows,decision_T,525054,3371,734281,SCORED_DIAGNOSTIC_11TH_CLASS,
corrected,zc,2025-09,trades_all,decision_T,30617,1,580944,SCORED,
corrected,zc,2025-09,trades_all,prev_row_B,109981,1,580944,SCORED,
corrected,zc,2025-09,trades_buy,decision_T,0,0,580944,SCORED,
corrected,zc,2025-09,trades_buy,prev_row_B,0,0,580944,SCORED,
corrected,zc,2025-09,trades_sell,decision_T,30617,1,580944,SCORED,
corrected,zc,2025-09,trades_sell,prev_row_B,109981,1,580944,SCORED,
corrected,zc,2025-09,trades_large,decision_T,6041,0,580944,SCORED,
corrected,zc,2025-09,trades_large,prev_row_B,22047,0,580944,SCORED,
contaminated,zc,2025-09,trades_all,decision_T,109981,1,580945,SCORED,
contaminated,zc,2025-09,trades_buy,decision_T,0,0,580945,SCORED,
contaminated,zc,2025-09,trades_sell,decision_T,109981,1,580945,SCORED,
contaminated,zc,2025-09,trades_large,decision_T,22047,0,580945,SCORED,
corrected,zc,2025-09,mbo_all,decision_T,111334,2640,580944,SCORED,
corrected,zc,2025-09,mbo_all,prev_row_B,344076,2770,580944,SCORED,
corrected,zc,2025-09,mbo_bid_add,decision_T,56272,1014,580944,SCORED,
corrected,zc,2025-09,mbo_bid_add,prev_row_B,187274,1063,580944,SCORED,
corrected,zc,2025-09,mbo_ask_add,decision_T,56898,1613,580944,SCORED,
corrected,zc,2025-09,mbo_ask_add,prev_row_B,193551,1695,580944,SCORED,
corrected,zc,2025-09,mbo_bid_cancel,decision_T,39378,4,580944,SCORED,
corrected,zc,2025-09,mbo_bid_cancel,prev_row_B,138091,4,580944,SCORED,
corrected,zc,2025-09,mbo_ask_cancel,decision_T,38971,4,580944,SCORED,
corrected,zc,2025-09,mbo_ask_cancel,prev_row_B,137131,3,580944,SCORED,
corrected,zc,2025-09,mbo_cancel_any,decision_T,59801,8,580944,SCORED,
corrected,zc,2025-09,mbo_cancel_any,prev_row_B,203358,7,580944,SCORED,
contaminated,zc,2025-09,mbo_all,decision_T,344076,2771,580945,SCORED,
contaminated,zc,2025-09,mbo_bid_add,decision_T,187274,1063,580945,SCORED,
contaminated,zc,2025-09,mbo_ask_add,decision_T,193551,1695,580945,SCORED,
contaminated,zc,2025-09,mbo_bid_cancel,decision_T,138091,4,580945,SCORED,
contaminated,zc,2025-09,mbo_ask_cancel,decision_T,137131,4,580945,SCORED,
contaminated,zc,2025-09,mbo_cancel_any,decision_T,203358,8,580945,SCORED,
corrected,zs,2025-09,trades_all,decision_T,10382,0,429465,SCORED,
corrected,zs,2025-09,trades_all,prev_row_B,72942,0,429465,SCORED,
corrected,zs,2025-09,trades_buy,decision_T,0,0,429465,SCORED,
corrected,zs,2025-09,trades_buy,prev_row_B,0,0,429465,SCORED,
corrected,zs,2025-09,trades_sell,decision_T,10382,0,429465,SCORED,
corrected,zs,2025-09,trades_sell,prev_row_B,72942,0,429465,SCORED,
corrected,zs,2025-09,trades_large,decision_T,2628,0,429465,SCORED,
corrected,zs,2025-09,trades_large,prev_row_B,17697,0,429465,SCORED,
contaminated,zs,2025-09,trades_all,decision_T,72942,0,429466,SCORED,
contaminated,zs,2025-09,trades_buy,decision_T,0,0,429466,SCORED,
contaminated,zs,2025-09,trades_sell,decision_T,72942,0,429466,SCORED,
contaminated,zs,2025-09,trades_large,decision_T,17697,0,429466,SCORED,
corrected,zs,2025-09,mbo_all,decision_T,45255,2281,429465,SCORED,
corrected,zs,2025-09,mbo_all,prev_row_B,268482,2461,429465,SCORED,
corrected,zs,2025-09,mbo_bid_add,decision_T,26505,762,429465,SCORED,
corrected,zs,2025-09,mbo_bid_add,prev_row_B,169768,840,429465,SCORED,
corrected,zs,2025-09,mbo_ask_add,decision_T,26512,1511,429465,SCORED,
corrected,zs,2025-09,mbo_ask_add,prev_row_B,171277,1614,429465,SCORED,
corrected,zs,2025-09,mbo_bid_cancel,decision_T,22056,4,429465,SCORED,
corrected,zs,2025-09,mbo_bid_cancel,prev_row_B,146177,3,429465,SCORED,
corrected,zs,2025-09,mbo_ask_cancel,decision_T,21180,4,429465,SCORED,
corrected,zs,2025-09,mbo_ask_cancel,prev_row_B,141497,4,429465,SCORED,
corrected,zs,2025-09,mbo_cancel_any,decision_T,30381,8,429465,SCORED,
corrected,zs,2025-09,mbo_cancel_any,prev_row_B,195026,7,429465,SCORED,
contaminated,zs,2025-09,mbo_all,decision_T,268482,2462,429466,SCORED,
contaminated,zs,2025-09,mbo_bid_add,decision_T,169768,840,429466,SCORED,
contaminated,zs,2025-09,mbo_ask_add,decision_T,171277,1614,429466,SCORED,
contaminated,zs,2025-09,mbo_bid_cancel,decision_T,146177,4,429466,SCORED,
contaminated,zs,2025-09,mbo_ask_cancel,decision_T,141497,4,429466,SCORED,
contaminated,zs,2025-09,mbo_cancel_any,decision_T,195026,8,429466,SCORED,
corrected,he,2025-09,trades_all,decision_T,0,0,308701,SCORED,
corrected,he,2025-09,trades_all,prev_row_B,27044,0,308701,SCORED,
corrected,he,2025-09,trades_buy,decision_T,0,0,308701,SCORED,
corrected,he,2025-09,trades_buy,prev_row_B,0,0,308701,SCORED,
corrected,he,2025-09,trades_sell,decision_T,0,0,308701,SCORED,
corrected,he,2025-09,trades_sell,prev_row_B,27044,0,308701,SCORED,
corrected,he,2025-09,trades_large,decision_T,0,0,308701,SCORED,
corrected,he,2025-09,trades_large,prev_row_B,1231,0,308701,SCORED,
contaminated,he,2025-09,trades_all,decision_T,27044,0,308702,SCORED,
contaminated,he,2025-09,trades_buy,decision_T,0,0,308702,SCORED,
contaminated,he,2025-09,trades_sell,decision_T,27044,0,308702,SCORED,
contaminated,he,2025-09,trades_large,decision_T,1231,0,308702,SCORED,
corrected,he,2025-09,mbo_all,decision_T,0,14,308701,SCORED,
corrected,he,2025-09,mbo_all,prev_row_B,88859,20,308701,SCORED,
corrected,he,2025-09,mbo_bid_add,decision_T,0,3,308701,SCORED,
corrected,he,2025-09,mbo_bid_add,prev_row_B,46708,5,308701,SCORED,
corrected,he,2025-09,mbo_ask_add,decision_T,0,3,308701,SCORED,
corrected,he,2025-09,mbo_ask_add,prev_row_B,46116,4,308701,SCORED,
corrected,he,2025-09,mbo_bid_cancel,decision_T,0,3,308701,SCORED,
corrected,he,2025-09,mbo_bid_cancel,prev_row_B,42982,2,308701,SCORED,
corrected,he,2025-09,mbo_ask_cancel,decision_T,0,4,308701,SCORED,
corrected,he,2025-09,mbo_ask_cancel,prev_row_B,42911,7,308701,SCORED,
corrected,he,2025-09,mbo_cancel_any,decision_T,0,7,308701,SCORED,
corrected,he,2025-09,mbo_cancel_any,prev_row_B,61357,9,308701,SCORED,
contaminated,he,2025-09,mbo_all,decision_T,88859,21,308702,SCORED,
contaminated,he,2025-09,mbo_bid_add,decision_T,46708,5,308702,SCORED,
contaminated,he,2025-09,mbo_ask_add,decision_T,46116,4,308702,SCORED,
contaminated,he,2025-09,mbo_bid_cancel,decision_T,42982,3,308702,SCORED,
contaminated,he,2025-09,mbo_ask_cancel,decision_T,42911,7,308702,SCORED,
contaminated,he,2025-09,mbo_cancel_any,decision_T,61357,10,308702,SCORED,
corrected,le,2025-09,trades_all,decision_T,0,0,308709,SCORED,
corrected,le,2025-09,trades_all,prev_row_B,42140,1,308709,SCORED,
corrected,le,2025-09,trades_buy,decision_T,0,0,308709,SCORED,
corrected,le,2025-09,trades_buy,prev_row_B,0,0,308709,SCORED,
corrected,le,2025-09,trades_sell,decision_T,0,0,308709,SCORED,
corrected,le,2025-09,trades_sell,prev_row_B,42140,1,308709,SCORED,
corrected,le,2025-09,trades_large,decision_T,0,0,308709,SCORED,
corrected,le,2025-09,trades_large,prev_row_B,785,0,308709,SCORED,
contaminated,le,2025-09,trades_all,decision_T,42140,1,308710,SCORED,
contaminated,le,2025-09,trades_buy,decision_T,0,0,308710,SCORED,
contaminated,le,2025-09,trades_sell,decision_T,42140,1,308710,SCORED,
contaminated,le,2025-09,trades_large,decision_T,785,0,308710,SCORED,
corrected,le,2025-09,mbo_all,decision_T,0,15,308709,SCORED,
corrected,le,2025-09,mbo_all,prev_row_B,126122,20,308709,SCORED,
corrected,le,2025-09,mbo_bid_add,decision_T,0,6,308709,SCORED,
corrected,le,2025-09,mbo_bid_add,prev_row_B,75142,7,308709,SCORED,
corrected,le,2025-09,mbo_ask_add,decision_T,0,0,308709,SCORED,
corrected,le,2025-09,mbo_ask_add,prev_row_B,78680,0,308709,SCORED,
corrected,le,2025-09,mbo_bid_cancel,decision_T,0,2,308709,SCORED,
corrected,le,2025-09,mbo_bid_cancel,prev_row_B,76304,4,308709,SCORED,
corrected,le,2025-09,mbo_ask_cancel,decision_T,0,6,308709,SCORED,
corrected,le,2025-09,mbo_ask_cancel,prev_row_B,74038,6,308709,SCORED,
corrected,le,2025-09,mbo_cancel_any,decision_T,0,8,308709,SCORED,
corrected,le,2025-09,mbo_cancel_any,prev_row_B,98464,10,308709,SCORED,
contaminated,le,2025-09,mbo_all,decision_T,126122,21,308710,SCORED,
contaminated,le,2025-09,mbo_bid_add,decision_T,75142,7,308710,SCORED,
contaminated,le,2025-09,mbo_ask_add,decision_T,78680,1,308710,SCORED,
contaminated,le,2025-09,mbo_bid_cancel,decision_T,76304,4,308710,SCORED,
contaminated,le,2025-09,mbo_ask_cancel,decision_T,74038,6,308710,SCORED,
contaminated,le,2025-09,mbo_cancel_any,decision_T,98464,10,308710,SCORED,
corrected,es,2025-10,trades_all,decision_T,0,1,599189,SCORED,
corrected,es,2025-10,trades_all,prev_row_B,490161,1,599189,SCORED,
corrected,es,2025-10,trades_buy,decision_T,0,0,599189,SCORED,
corrected,es,2025-10,trades_buy,prev_row_B,0,0,599189,SCORED,
corrected,es,2025-10,trades_sell,decision_T,0,1,599189,SCORED,
corrected,es,2025-10,trades_sell,prev_row_B,490161,1,599189,SCORED,
corrected,es,2025-10,trades_large,decision_T,0,0,599189,SCORED,
corrected,es,2025-10,trades_large,prev_row_B,229042,0,599189,SCORED,
contaminated,es,2025-10,trades_all,decision_T,490161,1,599190,SCORED,
contaminated,es,2025-10,trades_buy,decision_T,0,0,599190,SCORED,
contaminated,es,2025-10,trades_sell,decision_T,490161,1,599190,SCORED,
contaminated,es,2025-10,trades_large,decision_T,229042,0,599190,SCORED,
corrected,es,2025-10,mbo_all,decision_T,0,4,599189,SCORED,
corrected,es,2025-10,mbo_all,prev_row_B,576377,274,599189,SCORED,
corrected,es,2025-10,mbo_bid_add,decision_T,0,2,599189,SCORED,
corrected,es,2025-10,mbo_bid_add,prev_row_B,565714,182,599189,SCORED,
corrected,es,2025-10,mbo_ask_add,decision_T,0,1,599189,SCORED,
corrected,es,2025-10,mbo_ask_add,prev_row_B,565260,91,599189,SCORED,
corrected,es,2025-10,mbo_bid_cancel,decision_T,0,1,599189,SCORED,
corrected,es,2025-10,mbo_bid_cancel,prev_row_B,564411,1,599189,SCORED,
corrected,es,2025-10,mbo_ask_cancel,decision_T,0,0,599189,SCORED,
corrected,es,2025-10,mbo_ask_cancel,prev_row_B,563360,0,599189,SCORED,
corrected,es,2025-10,mbo_cancel_any,decision_T,0,1,599189,SCORED,
corrected,es,2025-10,mbo_cancel_any,prev_row_B,571754,1,599189,SCORED,
corrected,es,2025-10,mbo_all_rows,decision_T,0,5,599189,SCORED_DIAGNOSTIC_11TH_CLASS,
corrected,es,2025-10,mbo_all_rows,prev_row_B,576876,276,599189,SCORED_DIAGNOSTIC_11TH_CLASS,
contaminated,es,2025-10,mbo_all,decision_T,576377,275,599190,SCORED,
contaminated,es,2025-10,mbo_bid_add,decision_T,565714,183,599190,SCORED,
contaminated,es,2025-10,mbo_ask_add,decision_T,565260,91,599190,SCORED,
contaminated,es,2025-10,mbo_bid_cancel,decision_T,564411,1,599190,SCORED,
contaminated,es,2025-10,mbo_ask_cancel,decision_T,563360,0,599190,SCORED,
contaminated,es,2025-10,mbo_cancel_any,decision_T,571754,1,599190,SCORED,
contaminated,es,2025-10,mbo_all_rows,decision_T,576876,277,599190,SCORED_DIAGNOSTIC_11TH_CLASS,
corrected,nq,2025-10,mbo_all,decision_T,,,590785,UNSCORED_FOR_LACK_OF_DATA,C:\Users\ttbea\OneDrive\Desktop\MBO_2025\processed\nq\nq_mbo_2025-10.parquet
contaminated,nq,2025-10,mbo_all,decision_T,,,590786,UNSCORED_FOR_LACK_OF_DATA,C:\Users\ttbea\OneDrive\Desktop\MBO_2025\processed\nq\nq_mbo_2025-10.parquet
corrected,nq,2025-10,mbo_bid_add,decision_T,,,590785,UNSCORED_FOR_LACK_OF_DATA,C:\Users\ttbea\OneDrive\Desktop\MBO_2025\processed\nq\nq_mbo_2025-10.parquet
contaminated,nq,2025-10,mbo_bid_add,decision_T,,,590786,UNSCORED_FOR_LACK_OF_DATA,C:\Users\ttbea\OneDrive\Desktop\MBO_2025\processed\nq\nq_mbo_2025-10.parquet
corrected,nq,2025-10,mbo_ask_add,decision_T,,,590785,UNSCORED_FOR_LACK_OF_DATA,C:\Users\ttbea\OneDrive\Desktop\MBO_2025\processed\nq\nq_mbo_2025-10.parquet
contaminated,nq,2025-10,mbo_ask_add,decision_T,,,590786,UNSCORED_FOR_LACK_OF_DATA,C:\Users\ttbea\OneDrive\Desktop\MBO_2025\processed\nq\nq_mbo_2025-10.parquet
corrected,nq,2025-10,mbo_bid_cancel,decision_T,,,590785,UNSCORED_FOR_LACK_OF_DATA,C:\Users\ttbea\OneDrive\Desktop\MBO_2025\processed\nq\nq_mbo_2025-10.parquet
contaminated,nq,2025-10,mbo_bid_cancel,decision_T,,,590786,UNSCORED_FOR_LACK_OF_DATA,C:\Users\ttbea\OneDrive\Desktop\MBO_2025\processed\nq\nq_mbo_2025-10.parquet
corrected,nq,2025-10,mbo_ask_cancel,decision_T,,,590785,UNSCORED_FOR_LACK_OF_DATA,C:\Users\ttbea\OneDrive\Desktop\MBO_2025\processed\nq\nq_mbo_2025-10.parquet
contaminated,nq,2025-10,mbo_ask_cancel,decision_T,,,590786,UNSCORED_FOR_LACK_OF_DATA,C:\Users\ttbea\OneDrive\Desktop\MBO_2025\processed\nq\nq_mbo_2025-10.parquet
corrected,nq,2025-10,mbo_cancel_any,decision_T,,,590785,UNSCORED_FOR_LACK_OF_DATA,C:\Users\ttbea\OneDrive\Desktop\MBO_2025\processed\nq\nq_mbo_2025-10.parquet
contaminated,nq,2025-10,mbo_cancel_any,decision_T,,,590786,UNSCORED_FOR_LACK_OF_DATA,C:\Users\ttbea\OneDrive\Desktop\MBO_2025\processed\nq\nq_mbo_2025-10.parquet
corrected,nq,2025-10,trades_all,decision_T,0,0,590785,SCORED,
corrected,nq,2025-10,trades_all,prev_row_B,524165,0,590785,SCORED,
corrected,nq,2025-10,trades_buy,decision_T,0,0,590785,SCORED,
corrected,nq,2025-10,trades_buy,prev_row_B,0,0,590785,SCORED,
corrected,nq,2025-10,trades_sell,decision_T,0,0,590785,SCORED,
corrected,nq,2025-10,trades_sell,prev_row_B,524165,0,590785,SCORED,
corrected,nq,2025-10,trades_large,decision_T,0,0,590785,SCORED,
corrected,nq,2025-10,trades_large,prev_row_B,10539,0,590785,SCORED,
contaminated,nq,2025-10,trades_all,decision_T,524165,0,590786,SCORED,
contaminated,nq,2025-10,trades_buy,decision_T,0,0,590786,SCORED,
contaminated,nq,2025-10,trades_sell,decision_T,524165,0,590786,SCORED,
contaminated,nq,2025-10,trades_large,decision_T,10539,0,590786,SCORED,
corrected,cl,2025-10,trades_all,decision_T,15002,3,745569,SCORED,
corrected,cl,2025-10,trades_all,prev_row_B,190595,3,745569,SCORED,
corrected,cl,2025-10,trades_buy,decision_T,0,0,745569,SCORED,
corrected,cl,2025-10,trades_buy,prev_row_B,0,0,745569,SCORED,
corrected,cl,2025-10,trades_sell,decision_T,15002,3,745569,SCORED,
corrected,cl,2025-10,trades_sell,prev_row_B,190595,3,745569,SCORED,
corrected,cl,2025-10,trades_large,decision_T,1309,0,745569,SCORED,
corrected,cl,2025-10,trades_large,prev_row_B,15289,0,745569,SCORED,
contaminated,cl,2025-10,trades_all,decision_T,190595,3,745570,SCORED,
contaminated,cl,2025-10,trades_buy,decision_T,0,0,745570,SCORED,
contaminated,cl,2025-10,trades_sell,decision_T,190595,3,745570,SCORED,
contaminated,cl,2025-10,trades_large,decision_T,15289,0,745570,SCORED,
corrected,cl,2025-10,mbo_all,decision_T,42377,1893,745569,SCORED,
corrected,cl,2025-10,mbo_all,prev_row_B,493760,2980,745569,SCORED,
corrected,cl,2025-10,mbo_bid_add,decision_T,30491,878,745569,SCORED,
corrected,cl,2025-10,mbo_bid_add,prev_row_B,369514,1339,745569,SCORED,
corrected,cl,2025-10,mbo_ask_add,decision_T,30337,1004,745569,SCORED,
corrected,cl,2025-10,mbo_ask_add,prev_row_B,370027,1630,745569,SCORED,
corrected,cl,2025-10,mbo_bid_cancel,decision_T,29685,5,745569,SCORED,
corrected,cl,2025-10,mbo_bid_cancel,prev_row_B,363002,5,745569,SCORED,
corrected,cl,2025-10,mbo_ask_cancel,decision_T,29182,6,745569,SCORED,
corrected,cl,2025-10,mbo_ask_cancel,prev_row_B,362327,6,745569,SCORED,
corrected,cl,2025-10,mbo_cancel_any,decision_T,35860,11,745569,SCORED,
corrected,cl,2025-10,mbo_cancel_any,prev_row_B,431544,11,745569,SCORED,
corrected,cl,2025-10,mbo_all_rows,decision_T,43380,1899,745569,SCORED_DIAGNOSTIC_11TH_CLASS,
corrected,cl,2025-10,mbo_all_rows,prev_row_B,504108,2986,745569,SCORED_DIAGNOSTIC_11TH_CLASS,
contaminated,cl,2025-10,mbo_all,decision_T,493760,2981,745570,SCORED,
contaminated,cl,2025-10,mbo_bid_add,decision_T,369514,1340,745570,SCORED,
contaminated,cl,2025-10,mbo_ask_add,decision_T,370027,1630,745570,SCORED,
contaminated,cl,2025-10,mbo_bid_cancel,decision_T,363002,5,745570,SCORED,
contaminated,cl,2025-10,mbo_ask_cancel,decision_T,362327,6,745570,SCORED,
contaminated,cl,2025-10,mbo_cancel_any,decision_T,431544,11,745570,SCORED,
contaminated,cl,2025-10,mbo_all_rows,decision_T,504108,2987,745570,SCORED_DIAGNOSTIC_11TH_CLASS,
corrected,gc,2025-10,trades_all,decision_T,37913,0,772447,SCORED,
corrected,gc,2025-10,trades_all,prev_row_B,371565,1,772447,SCORED,
corrected,gc,2025-10,trades_buy,decision_T,0,0,772447,SCORED,
corrected,gc,2025-10,trades_buy,prev_row_B,0,0,772447,SCORED,
corrected,gc,2025-10,trades_sell,decision_T,37913,0,772447,SCORED,
corrected,gc,2025-10,trades_sell,prev_row_B,371565,1,772447,SCORED,
corrected,gc,2025-10,trades_large,decision_T,459,0,772447,SCORED,
corrected,gc,2025-10,trades_large,prev_row_B,4087,0,772447,SCORED,
contaminated,gc,2025-10,trades_all,decision_T,371565,1,772448,SCORED,
contaminated,gc,2025-10,trades_buy,decision_T,0,0,772448,SCORED,
contaminated,gc,2025-10,trades_sell,decision_T,371565,1,772448,SCORED,
contaminated,gc,2025-10,trades_large,decision_T,4087,0,772448,SCORED,
corrected,gc,2025-10,mbo_all,decision_T,71584,2588,772447,SCORED,
corrected,gc,2025-10,mbo_all,prev_row_B,646575,3731,772447,SCORED,
corrected,gc,2025-10,mbo_bid_add,decision_T,60317,1526,772447,SCORED,
corrected,gc,2025-10,mbo_bid_add,prev_row_B,565066,2190,772447,SCORED,
corrected,gc,2025-10,mbo_ask_add,decision_T,60180,1055,772447,SCORED,
corrected,gc,2025-10,mbo_ask_add,prev_row_B,563831,1532,772447,SCORED,
corrected,gc,2025-10,mbo_bid_cancel,decision_T,58569,5,772447,SCORED,
corrected,gc,2025-10,mbo_bid_cancel,prev_row_B,557665,5,772447,SCORED,
corrected,gc,2025-10,mbo_ask_cancel,decision_T,59018,2,772447,SCORED,
corrected,gc,2025-10,mbo_ask_cancel,prev_row_B,559630,4,772447,SCORED,
corrected,gc,2025-10,mbo_cancel_any,decision_T,65553,7,772447,SCORED,
corrected,gc,2025-10,mbo_cancel_any,prev_row_B,608673,9,772447,SCORED,
corrected,gc,2025-10,mbo_all_rows,decision_T,72537,2589,772447,SCORED_DIAGNOSTIC_11TH_CLASS,
corrected,gc,2025-10,mbo_all_rows,prev_row_B,653812,3732,772447,SCORED_DIAGNOSTIC_11TH_CLASS,
contaminated,gc,2025-10,mbo_all,decision_T,646575,3732,772448,SCORED,
contaminated,gc,2025-10,mbo_bid_add,decision_T,565066,2191,772448,SCORED,
contaminated,gc,2025-10,mbo_ask_add,decision_T,563831,1532,772448,SCORED,
contaminated,gc,2025-10,mbo_bid_cancel,decision_T,557665,5,772448,SCORED,
contaminated,gc,2025-10,mbo_ask_cancel,decision_T,559630,4,772448,SCORED,
contaminated,gc,2025-10,mbo_cancel_any,decision_T,608673,9,772448,SCORED,
contaminated,gc,2025-10,mbo_all_rows,decision_T,653812,3733,772448,SCORED_DIAGNOSTIC_11TH_CLASS,
corrected,zc,2025-10,trades_all,decision_T,34492,2,634445,SCORED,
corrected,zc,2025-10,trades_all,prev_row_B,117267,2,634445,SCORED,
corrected,zc,2025-10,trades_buy,decision_T,0,0,634445,SCORED,
corrected,zc,2025-10,trades_buy,prev_row_B,0,0,634445,SCORED,
corrected,zc,2025-10,trades_sell,decision_T,34492,2,634445,SCORED,
corrected,zc,2025-10,trades_sell,prev_row_B,117267,2,634445,SCORED,
corrected,zc,2025-10,trades_large,decision_T,6945,1,634445,SCORED,
corrected,zc,2025-10,trades_large,prev_row_B,23316,1,634445,SCORED,
contaminated,zc,2025-10,trades_all,decision_T,117267,2,634446,SCORED,
contaminated,zc,2025-10,trades_buy,decision_T,0,0,634446,SCORED,
contaminated,zc,2025-10,trades_sell,decision_T,117267,2,634446,SCORED,
contaminated,zc,2025-10,trades_large,decision_T,23316,1,634446,SCORED,
corrected,zc,2025-10,mbo_all,decision_T,109332,2873,634445,SCORED,
corrected,zc,2025-10,mbo_all,prev_row_B,342560,3326,634445,SCORED,
corrected,zc,2025-10,mbo_bid_add,decision_T,57674,1171,634445,SCORED,
corrected,zc,2025-10,mbo_bid_add,prev_row_B,190289,1328,634445,SCORED,
corrected,zc,2025-10,mbo_ask_add,decision_T,56355,1693,634445,SCORED,
corrected,zc,2025-10,mbo_ask_add,prev_row_B,189943,1987,634445,SCORED,
corrected,zc,2025-10,mbo_bid_cancel,decision_T,41113,3,634445,SCORED,
corrected,zc,2025-10,mbo_bid_cancel,prev_row_B,138804,3,634445,SCORED,
corrected,zc,2025-10,mbo_ask_cancel,decision_T,39159,3,634445,SCORED,
corrected,zc,2025-10,mbo_ask_cancel,prev_row_B,134822,5,634445,SCORED,
corrected,zc,2025-10,mbo_cancel_any,decision_T,60660,6,634445,SCORED,
corrected,zc,2025-10,mbo_cancel_any,prev_row_B,203002,8,634445,SCORED,
contaminated,zc,2025-10,mbo_all,decision_T,342560,3327,634446,SCORED,
contaminated,zc,2025-10,mbo_bid_add,decision_T,190289,1328,634446,SCORED,
contaminated,zc,2025-10,mbo_ask_add,decision_T,189943,1987,634446,SCORED,
contaminated,zc,2025-10,mbo_bid_cancel,decision_T,138804,4,634446,SCORED,
contaminated,zc,2025-10,mbo_ask_cancel,decision_T,134822,5,634446,SCORED,
contaminated,zc,2025-10,mbo_cancel_any,decision_T,203002,9,634446,SCORED,
corrected,zs,2025-10,trades_all,decision_T,16397,0,508910,SCORED,
corrected,zs,2025-10,trades_all,prev_row_B,91965,0,508910,SCORED,
corrected,zs,2025-10,trades_buy,decision_T,0,0,508910,SCORED,
corrected,zs,2025-10,trades_buy,prev_row_B,0,0,508910,SCORED,
corrected,zs,2025-10,trades_sell,decision_T,16397,0,508910,SCORED,
corrected,zs,2025-10,trades_sell,prev_row_B,91965,0,508910,SCORED,
corrected,zs,2025-10,trades_large,decision_T,3543,0,508910,SCORED,
corrected,zs,2025-10,trades_large,prev_row_B,19574,0,508910,SCORED,
contaminated,zs,2025-10,trades_all,decision_T,91965,0,508911,SCORED,
contaminated,zs,2025-10,trades_buy,decision_T,0,0,508911,SCORED,
contaminated,zs,2025-10,trades_sell,decision_T,91965,0,508911,SCORED,
contaminated,zs,2025-10,trades_large,decision_T,19574,0,508911,SCORED,
corrected,zs,2025-10,mbo_all,decision_T,60559,2353,508910,SCORED,
corrected,zs,2025-10,mbo_all,prev_row_B,296861,2948,508910,SCORED,
corrected,zs,2025-10,mbo_bid_add,decision_T,36563,719,508910,SCORED,
corrected,zs,2025-10,mbo_bid_add,prev_row_B,194459,891,508910,SCORED,
corrected,zs,2025-10,mbo_ask_add,decision_T,36303,1621,508910,SCORED,
corrected,zs,2025-10,mbo_ask_add,prev_row_B,192105,2043,508910,SCORED,
corrected,zs,2025-10,mbo_bid_cancel,decision_T,31435,1,508910,SCORED,
corrected,zs,2025-10,mbo_bid_cancel,prev_row_B,169124,1,508910,SCORED,
corrected,zs,2025-10,mbo_ask_cancel,decision_T,30059,9,508910,SCORED,
corrected,zs,2025-10,mbo_ask_cancel,prev_row_B,162459,10,508910,SCORED,
corrected,zs,2025-10,mbo_cancel_any,decision_T,42588,10,508910,SCORED,
corrected,zs,2025-10,mbo_cancel_any,prev_row_B,221886,11,508910,SCORED,
contaminated,zs,2025-10,mbo_all,decision_T,296861,2949,508911,SCORED,
contaminated,zs,2025-10,mbo_bid_add,decision_T,194459,891,508911,SCORED,
contaminated,zs,2025-10,mbo_ask_add,decision_T,192105,2043,508911,SCORED,
contaminated,zs,2025-10,mbo_bid_cancel,decision_T,169124,1,508911,SCORED,
contaminated,zs,2025-10,mbo_ask_cancel,decision_T,162459,11,508911,SCORED,
contaminated,zs,2025-10,mbo_cancel_any,decision_T,221886,12,508911,SCORED,
corrected,he,2025-10,trades_all,decision_T,0,0,338110,SCORED,
corrected,he,2025-10,trades_all,prev_row_B,30132,1,338110,SCORED,
corrected,he,2025-10,trades_buy,decision_T,0,0,338110,SCORED,
corrected,he,2025-10,trades_buy,prev_row_B,0,0,338110,SCORED,
corrected,he,2025-10,trades_sell,decision_T,0,0,338110,SCORED,
corrected,he,2025-10,trades_sell,prev_row_B,30132,1,338110,SCORED,
corrected,he,2025-10,trades_large,decision_T,0,0,338110,SCORED,
corrected,he,2025-10,trades_large,prev_row_B,2313,0,338110,SCORED,
contaminated,he,2025-10,trades_all,decision_T,30132,1,338111,SCORED,
contaminated,he,2025-10,trades_buy,decision_T,0,0,338111,SCORED,
contaminated,he,2025-10,trades_sell,decision_T,30132,1,338111,SCORED,
contaminated,he,2025-10,trades_large,decision_T,2313,0,338111,SCORED,
corrected,he,2025-10,mbo_all,decision_T,0,17,338110,SCORED,
corrected,he,2025-10,mbo_all,prev_row_B,106120,22,338110,SCORED,
corrected,he,2025-10,mbo_bid_add,decision_T,0,7,338110,SCORED,
corrected,he,2025-10,mbo_bid_add,prev_row_B,51524,7,338110,SCORED,
corrected,he,2025-10,mbo_ask_add,decision_T,0,4,338110,SCORED,
corrected,he,2025-10,mbo_ask_add,prev_row_B,56370,4,338110,SCORED,
corrected,he,2025-10,mbo_bid_cancel,decision_T,0,1,338110,SCORED,
corrected,he,2025-10,mbo_bid_cancel,prev_row_B,47555,3,338110,SCORED,
corrected,he,2025-10,mbo_ask_cancel,decision_T,0,5,338110,SCORED,
corrected,he,2025-10,mbo_ask_cancel,prev_row_B,46387,7,338110,SCORED,
corrected,he,2025-10,mbo_cancel_any,decision_T,0,6,338110,SCORED,
corrected,he,2025-10,mbo_cancel_any,prev_row_B,67859,10,338110,SCORED,
contaminated,he,2025-10,mbo_all,decision_T,106120,23,338111,SCORED,
contaminated,he,2025-10,mbo_bid_add,decision_T,51524,8,338111,SCORED,
contaminated,he,2025-10,mbo_ask_add,decision_T,56370,4,338111,SCORED,
contaminated,he,2025-10,mbo_bid_cancel,decision_T,47555,3,338111,SCORED,
contaminated,he,2025-10,mbo_ask_cancel,decision_T,46387,7,338111,SCORED,
contaminated,he,2025-10,mbo_cancel_any,decision_T,67859,10,338111,SCORED,
corrected,le,2025-10,trades_all,decision_T,0,0,338112,SCORED,
corrected,le,2025-10,trades_all,prev_row_B,47045,1,338112,SCORED,
corrected,le,2025-10,trades_buy,decision_T,0,0,338112,SCORED,
corrected,le,2025-10,trades_buy,prev_row_B,0,0,338112,SCORED,
corrected,le,2025-10,trades_sell,decision_T,0,0,338112,SCORED,
corrected,le,2025-10,trades_sell,prev_row_B,47045,1,338112,SCORED,
corrected,le,2025-10,trades_large,decision_T,0,0,338112,SCORED,
corrected,le,2025-10,trades_large,prev_row_B,1057,0,338112,SCORED,
contaminated,le,2025-10,trades_all,decision_T,47045,1,338113,SCORED,
contaminated,le,2025-10,trades_buy,decision_T,0,0,338113,SCORED,
contaminated,le,2025-10,trades_sell,decision_T,47045,1,338113,SCORED,
contaminated,le,2025-10,trades_large,decision_T,1057,0,338113,SCORED,
corrected,le,2025-10,mbo_all,decision_T,0,14,338112,SCORED,
corrected,le,2025-10,mbo_all,prev_row_B,125589,22,338112,SCORED,
corrected,le,2025-10,mbo_bid_add,decision_T,0,4,338112,SCORED,
corrected,le,2025-10,mbo_bid_add,prev_row_B,79228,7,338112,SCORED,
corrected,le,2025-10,mbo_ask_add,decision_T,0,3,338112,SCORED,
corrected,le,2025-10,mbo_ask_add,prev_row_B,80235,3,338112,SCORED,
corrected,le,2025-10,mbo_bid_cancel,decision_T,0,2,338112,SCORED,
corrected,le,2025-10,mbo_bid_cancel,prev_row_B,78375,4,338112,SCORED,
corrected,le,2025-10,mbo_ask_cancel,decision_T,0,5,338112,SCORED,
corrected,le,2025-10,mbo_ask_cancel,prev_row_B,78428,8,338112,SCORED,
corrected,le,2025-10,mbo_cancel_any,decision_T,0,7,338112,SCORED,
corrected,le,2025-10,mbo_cancel_any,prev_row_B,99987,12,338112,SCORED,
contaminated,le,2025-10,mbo_all,decision_T,125589,23,338113,SCORED,
contaminated,le,2025-10,mbo_bid_add,decision_T,79228,7,338113,SCORED,
contaminated,le,2025-10,mbo_ask_add,decision_T,80235,3,338113,SCORED,
contaminated,le,2025-10,mbo_bid_cancel,decision_T,78375,4,338113,SCORED,
contaminated,le,2025-10,mbo_ask_cancel,decision_T,78428,9,338113,SCORED,
contaminated,le,2025-10,mbo_cancel_any,decision_T,99987,13,338113,SCORED,
corrected,es,2025-11,trades_all,decision_T,0,1,549423,SCORED,
corrected,es,2025-11,trades_all,prev_row_B,484420,1,549423,SCORED,
corrected,es,2025-11,trades_buy,decision_T,0,0,549423,SCORED,
corrected,es,2025-11,trades_buy,prev_row_B,0,0,549423,SCORED,
corrected,es,2025-11,trades_sell,decision_T,0,1,549423,SCORED,
corrected,es,2025-11,trades_sell,prev_row_B,484420,1,549423,SCORED,
corrected,es,2025-11,trades_large,decision_T,0,0,549423,SCORED,
corrected,es,2025-11,trades_large,prev_row_B,227883,0,549423,SCORED,
contaminated,es,2025-11,trades_all,decision_T,484420,1,549424,SCORED,
contaminated,es,2025-11,trades_buy,decision_T,0,0,549424,SCORED,
contaminated,es,2025-11,trades_sell,decision_T,484420,1,549424,SCORED,
contaminated,es,2025-11,trades_large,decision_T,227883,0,549424,SCORED,
corrected,es,2025-11,mbo_all,decision_T,0,3,549423,SCORED,
corrected,es,2025-11,mbo_all,prev_row_B,542495,50,549423,SCORED,
corrected,es,2025-11,mbo_bid_add,decision_T,0,0,549423,SCORED,
corrected,es,2025-11,mbo_bid_add,prev_row_B,533190,13,549423,SCORED,
corrected,es,2025-11,mbo_ask_add,decision_T,0,1,549423,SCORED,
corrected,es,2025-11,mbo_ask_add,prev_row_B,532799,7,549423,SCORED,
corrected,es,2025-11,mbo_bid_cancel,decision_T,0,0,549423,SCORED,
corrected,es,2025-11,mbo_bid_cancel,prev_row_B,532334,19,549423,SCORED,
corrected,es,2025-11,mbo_ask_cancel,decision_T,0,2,549423,SCORED,
corrected,es,2025-11,mbo_ask_cancel,prev_row_B,531843,11,549423,SCORED,
corrected,es,2025-11,mbo_cancel_any,decision_T,0,2,549423,SCORED,
corrected,es,2025-11,mbo_cancel_any,prev_row_B,539252,30,549423,SCORED,
corrected,es,2025-11,mbo_all_rows,decision_T,0,3,549423,SCORED_DIAGNOSTIC_11TH_CLASS,
corrected,es,2025-11,mbo_all_rows,prev_row_B,543010,53,549423,SCORED_DIAGNOSTIC_11TH_CLASS,
contaminated,es,2025-11,mbo_all,decision_T,542495,51,549424,SCORED,
contaminated,es,2025-11,mbo_bid_add,decision_T,533190,13,549424,SCORED,
contaminated,es,2025-11,mbo_ask_add,decision_T,532799,7,549424,SCORED,
contaminated,es,2025-11,mbo_bid_cancel,decision_T,532334,20,549424,SCORED,
contaminated,es,2025-11,mbo_ask_cancel,decision_T,531843,12,549424,SCORED,
contaminated,es,2025-11,mbo_cancel_any,decision_T,539252,31,549424,SCORED,
contaminated,es,2025-11,mbo_all_rows,decision_T,543010,54,549424,SCORED_DIAGNOSTIC_11TH_CLASS,
corrected,nq,2025-11,mbo_all,decision_T,,,550463,UNSCORED_FOR_LACK_OF_DATA,C:\Users\ttbea\OneDrive\Desktop\MBO_2025\processed\nq\nq_mbo_2025-11.parquet
contaminated,nq,2025-11,mbo_all,decision_T,,,550464,UNSCORED_FOR_LACK_OF_DATA,C:\Users\ttbea\OneDrive\Desktop\MBO_2025\processed\nq\nq_mbo_2025-11.parquet
corrected,nq,2025-11,mbo_bid_add,decision_T,,,550463,UNSCORED_FOR_LACK_OF_DATA,C:\Users\ttbea\OneDrive\Desktop\MBO_2025\processed\nq\nq_mbo_2025-11.parquet
contaminated,nq,2025-11,mbo_bid_add,decision_T,,,550464,UNSCORED_FOR_LACK_OF_DATA,C:\Users\ttbea\OneDrive\Desktop\MBO_2025\processed\nq\nq_mbo_2025-11.parquet
corrected,nq,2025-11,mbo_ask_add,decision_T,,,550463,UNSCORED_FOR_LACK_OF_DATA,C:\Users\ttbea\OneDrive\Desktop\MBO_2025\processed\nq\nq_mbo_2025-11.parquet
contaminated,nq,2025-11,mbo_ask_add,decision_T,,,550464,UNSCORED_FOR_LACK_OF_DATA,C:\Users\ttbea\OneDrive\Desktop\MBO_2025\processed\nq\nq_mbo_2025-11.parquet
corrected,nq,2025-11,mbo_bid_cancel,decision_T,,,550463,UNSCORED_FOR_LACK_OF_DATA,C:\Users\ttbea\OneDrive\Desktop\MBO_2025\processed\nq\nq_mbo_2025-11.parquet
contaminated,nq,2025-11,mbo_bid_cancel,decision_T,,,550464,UNSCORED_FOR_LACK_OF_DATA,C:\Users\ttbea\OneDrive\Desktop\MBO_2025\processed\nq\nq_mbo_2025-11.parquet
corrected,nq,2025-11,mbo_ask_cancel,decision_T,,,550463,UNSCORED_FOR_LACK_OF_DATA,C:\Users\ttbea\OneDrive\Desktop\MBO_2025\processed\nq\nq_mbo_2025-11.parquet
contaminated,nq,2025-11,mbo_ask_cancel,decision_T,,,550464,UNSCORED_FOR_LACK_OF_DATA,C:\Users\ttbea\OneDrive\Desktop\MBO_2025\processed\nq\nq_mbo_2025-11.parquet
corrected,nq,2025-11,mbo_cancel_any,decision_T,,,550463,UNSCORED_FOR_LACK_OF_DATA,C:\Users\ttbea\OneDrive\Desktop\MBO_2025\processed\nq\nq_mbo_2025-11.parquet
contaminated,nq,2025-11,mbo_cancel_any,decision_T,,,550464,UNSCORED_FOR_LACK_OF_DATA,C:\Users\ttbea\OneDrive\Desktop\MBO_2025\processed\nq\nq_mbo_2025-11.parquet
corrected,nq,2025-11,trades_all,decision_T,0,0,550463,SCORED,
corrected,nq,2025-11,trades_all,prev_row_B,494380,0,550463,SCORED,
corrected,nq,2025-11,trades_buy,decision_T,0,0,550463,SCORED,
corrected,nq,2025-11,trades_buy,prev_row_B,0,0,550463,SCORED,
corrected,nq,2025-11,trades_sell,decision_T,0,0,550463,SCORED,
corrected,nq,2025-11,trades_sell,prev_row_B,494380,0,550463,SCORED,
corrected,nq,2025-11,trades_large,decision_T,0,0,550463,SCORED,
corrected,nq,2025-11,trades_large,prev_row_B,9701,0,550463,SCORED,
contaminated,nq,2025-11,trades_all,decision_T,494380,0,550464,SCORED,
contaminated,nq,2025-11,trades_buy,decision_T,0,0,550464,SCORED,
contaminated,nq,2025-11,trades_sell,decision_T,494380,0,550464,SCORED,
contaminated,nq,2025-11,trades_large,decision_T,9701,0,550464,SCORED,
corrected,cl,2025-11,trades_all,decision_T,15345,0,703999,SCORED,
corrected,cl,2025-11,trades_all,prev_row_B,158683,0,703999,SCORED,
corrected,cl,2025-11,trades_buy,decision_T,0,0,703999,SCORED,
corrected,cl,2025-11,trades_buy,prev_row_B,0,0,703999,SCORED,
corrected,cl,2025-11,trades_sell,decision_T,15345,0,703999,SCORED,
corrected,cl,2025-11,trades_sell,prev_row_B,158683,0,703999,SCORED,
corrected,cl,2025-11,trades_large,decision_T,1515,0,703999,SCORED,
corrected,cl,2025-11,trades_large,prev_row_B,13280,0,703999,SCORED,
contaminated,cl,2025-11,trades_all,decision_T,158683,0,704000,SCORED,
contaminated,cl,2025-11,trades_buy,decision_T,0,0,704000,SCORED,
contaminated,cl,2025-11,trades_sell,decision_T,158683,0,704000,SCORED,
contaminated,cl,2025-11,trades_large,decision_T,13280,0,704000,SCORED,
corrected,cl,2025-11,mbo_all,decision_T,48607,1680,703999,SCORED,
corrected,cl,2025-11,mbo_all,prev_row_B,497360,2465,703999,SCORED,
corrected,cl,2025-11,mbo_bid_add,decision_T,34382,750,703999,SCORED,
corrected,cl,2025-11,mbo_bid_add,prev_row_B,356928,1104,703999,SCORED,
corrected,cl,2025-11,mbo_ask_add,decision_T,34636,917,703999,SCORED,
corrected,cl,2025-11,mbo_ask_add,prev_row_B,356601,1317,703999,SCORED,
corrected,cl,2025-11,mbo_bid_cancel,decision_T,33867,5,703999,SCORED,
corrected,cl,2025-11,mbo_bid_cancel,prev_row_B,353393,17,703999,SCORED,
corrected,cl,2025-11,mbo_ask_cancel,decision_T,33642,6,703999,SCORED,
corrected,cl,2025-11,mbo_ask_cancel,prev_row_B,351175,22,703999,SCORED,
corrected,cl,2025-11,mbo_cancel_any,decision_T,40924,10,703999,SCORED,
corrected,cl,2025-11,mbo_cancel_any,prev_row_B,424084,39,703999,SCORED,
contaminated,cl,2025-11,mbo_all,decision_T,497360,2466,704000,SCORED,
contaminated,cl,2025-11,mbo_bid_add,decision_T,356928,1104,704000,SCORED,
contaminated,cl,2025-11,mbo_ask_add,decision_T,356601,1317,704000,SCORED,
contaminated,cl,2025-11,mbo_bid_cancel,decision_T,353393,18,704000,SCORED,
contaminated,cl,2025-11,mbo_ask_cancel,decision_T,351175,23,704000,SCORED,
contaminated,cl,2025-11,mbo_cancel_any,decision_T,424084,40,704000,SCORED,
corrected,gc,2025-11,trades_all,decision_T,12764,1,674038,SCORED,
corrected,gc,2025-11,trades_all,prev_row_B,213333,16,674038,SCORED,
corrected,gc,2025-11,trades_buy,decision_T,0,0,674038,SCORED,
corrected,gc,2025-11,trades_buy,prev_row_B,0,0,674038,SCORED,
corrected,gc,2025-11,trades_sell,decision_T,12764,1,674038,SCORED,
corrected,gc,2025-11,trades_sell,prev_row_B,213333,16,674038,SCORED,
corrected,gc,2025-11,trades_large,decision_T,75,0,674038,SCORED,
corrected,gc,2025-11,trades_large,prev_row_B,1471,0,674038,SCORED,
contaminated,gc,2025-11,trades_all,decision_T,213333,16,674039,SCORED,
contaminated,gc,2025-11,trades_buy,decision_T,0,0,674039,SCORED,
contaminated,gc,2025-11,trades_sell,decision_T,213333,16,674039,SCORED,
contaminated,gc,2025-11,trades_large,decision_T,1471,0,674039,SCORED,
corrected,gc,2025-11,mbo_all,decision_T,30577,1686,674038,SCORED,
corrected,gc,2025-11,mbo_all,prev_row_B,470500,2669,674038,SCORED,
corrected,gc,2025-11,mbo_bid_add,decision_T,24039,968,674038,SCORED,
corrected,gc,2025-11,mbo_bid_add,prev_row_B,386167,1453,674038,SCORED,
corrected,gc,2025-11,mbo_ask_add,decision_T,24204,709,674038,SCORED,
corrected,gc,2025-11,mbo_ask_add,prev_row_B,387407,1166,674038,SCORED,
corrected,gc,2025-11,mbo_bid_cancel,decision_T,23196,7,674038,SCORED,
corrected,gc,2025-11,mbo_bid_cancel,prev_row_B,378386,37,674038,SCORED,
corrected,gc,2025-11,mbo_ask_cancel,decision_T,23425,2,674038,SCORED,
corrected,gc,2025-11,mbo_ask_cancel,prev_row_B,381016,13,674038,SCORED,
corrected,gc,2025-11,mbo_cancel_any,decision_T,26964,9,674038,SCORED,
corrected,gc,2025-11,mbo_cancel_any,prev_row_B,428873,50,674038,SCORED,
corrected,gc,2025-11,mbo_all_rows,decision_T,31218,1686,674038,SCORED_DIAGNOSTIC_11TH_CLASS,
corrected,gc,2025-11,mbo_all_rows,prev_row_B,479397,2681,674038,SCORED_DIAGNOSTIC_11TH_CLASS,
contaminated,gc,2025-11,mbo_all,decision_T,470500,2670,674039,SCORED,
contaminated,gc,2025-11,mbo_bid_add,decision_T,386167,1453,674039,SCORED,
contaminated,gc,2025-11,mbo_ask_add,decision_T,387407,1166,674039,SCORED,
contaminated,gc,2025-11,mbo_bid_cancel,decision_T,378386,38,674039,SCORED,
contaminated,gc,2025-11,mbo_ask_cancel,decision_T,381016,14,674039,SCORED,
contaminated,gc,2025-11,mbo_cancel_any,decision_T,428873,51,674039,SCORED,
contaminated,gc,2025-11,mbo_all_rows,decision_T,479397,2682,674039,SCORED_DIAGNOSTIC_11TH_CLASS,
corrected,zc,2025-11,trades_all,decision_T,0,0,304505,SCORED,
corrected,zc,2025-11,trades_all,prev_row_B,57662,14,304505,SCORED,
corrected,zc,2025-11,trades_buy,decision_T,0,0,304505,SCORED,
corrected,zc,2025-11,trades_buy,prev_row_B,0,0,304505,SCORED,
corrected,zc,2025-11,trades_sell,decision_T,0,0,304505,SCORED,
corrected,zc,2025-11,trades_sell,prev_row_B,57662,14,304505,SCORED,
corrected,zc,2025-11,trades_large,decision_T,0,0,304505,SCORED,
corrected,zc,2025-11,trades_large,prev_row_B,12260,14,304505,SCORED,
contaminated,zc,2025-11,trades_all,decision_T,57662,14,304506,SCORED,
contaminated,zc,2025-11,trades_buy,decision_T,0,0,304506,SCORED,
contaminated,zc,2025-11,trades_sell,decision_T,57662,14,304506,SCORED,
contaminated,zc,2025-11,trades_large,decision_T,12260,14,304506,SCORED,
corrected,zc,2025-11,mbo_all,decision_T,0,0,304505,SCORED,
corrected,zc,2025-11,mbo_all,prev_row_B,163822,19,304505,SCORED,
corrected,zc,2025-11,mbo_bid_add,decision_T,0,0,304505,SCORED,
corrected,zc,2025-11,mbo_bid_add,prev_row_B,98574,5,304505,SCORED,
corrected,zc,2025-11,mbo_ask_add,decision_T,0,0,304505,SCORED,
corrected,zc,2025-11,mbo_ask_add,prev_row_B,94221,0,304505,SCORED,
corrected,zc,2025-11,mbo_bid_cancel,decision_T,0,0,304505,SCORED,
corrected,zc,2025-11,mbo_bid_cancel,prev_row_B,76569,14,304505,SCORED,
corrected,zc,2025-11,mbo_ask_cancel,decision_T,0,0,304505,SCORED,
corrected,zc,2025-11,mbo_ask_cancel,prev_row_B,71236,14,304505,SCORED,
corrected,zc,2025-11,mbo_cancel_any,decision_T,0,0,304505,SCORED,
corrected,zc,2025-11,mbo_cancel_any,prev_row_B,107476,14,304505,SCORED,
contaminated,zc,2025-11,mbo_all,decision_T,163822,20,304506,SCORED,
contaminated,zc,2025-11,mbo_bid_add,decision_T,98574,5,304506,SCORED,
contaminated,zc,2025-11,mbo_ask_add,decision_T,94221,0,304506,SCORED,
contaminated,zc,2025-11,mbo_bid_cancel,decision_T,76569,15,304506,SCORED,
contaminated,zc,2025-11,mbo_ask_cancel,decision_T,71236,15,304506,SCORED,
contaminated,zc,2025-11,mbo_cancel_any,decision_T,107476,15,304506,SCORED,
corrected,zs,2025-11,trades_all,decision_T,0,0,304505,SCORED,
corrected,zs,2025-11,trades_all,prev_row_B,62578,14,304505,SCORED,
corrected,zs,2025-11,trades_buy,decision_T,0,0,304505,SCORED,
corrected,zs,2025-11,trades_buy,prev_row_B,0,0,304505,SCORED,
corrected,zs,2025-11,trades_sell,decision_T,0,0,304505,SCORED,
corrected,zs,2025-11,trades_sell,prev_row_B,62578,14,304505,SCORED,
corrected,zs,2025-11,trades_large,decision_T,0,0,304505,SCORED,
corrected,zs,2025-11,trades_large,prev_row_B,13073,14,304505,SCORED,
contaminated,zs,2025-11,trades_all,decision_T,62578,14,304506,SCORED,
contaminated,zs,2025-11,trades_buy,decision_T,0,0,304506,SCORED,
contaminated,zs,2025-11,trades_sell,decision_T,62578,14,304506,SCORED,
contaminated,zs,2025-11,trades_large,decision_T,13073,14,304506,SCORED,
corrected,zs,2025-11,mbo_all,decision_T,0,0,304505,SCORED,
corrected,zs,2025-11,mbo_all,prev_row_B,185931,19,304505,SCORED,
corrected,zs,2025-11,mbo_bid_add,decision_T,0,0,304505,SCORED,
corrected,zs,2025-11,mbo_bid_add,prev_row_B,131498,2,304505,SCORED,
corrected,zs,2025-11,mbo_ask_add,decision_T,0,0,304505,SCORED,
corrected,zs,2025-11,mbo_ask_add,prev_row_B,126072,3,304505,SCORED,
corrected,zs,2025-11,mbo_bid_cancel,decision_T,0,0,304505,SCORED,
corrected,zs,2025-11,mbo_bid_cancel,prev_row_B,119096,14,304505,SCORED,
corrected,zs,2025-11,mbo_ask_cancel,decision_T,0,0,304505,SCORED,
corrected,zs,2025-11,mbo_ask_cancel,prev_row_B,114360,14,304505,SCORED,
corrected,zs,2025-11,mbo_cancel_any,decision_T,0,0,304505,SCORED,
corrected,zs,2025-11,mbo_cancel_any,prev_row_B,148931,14,304505,SCORED,
contaminated,zs,2025-11,mbo_all,decision_T,185931,20,304506,SCORED,
contaminated,zs,2025-11,mbo_bid_add,decision_T,131498,2,304506,SCORED,
contaminated,zs,2025-11,mbo_ask_add,decision_T,126072,3,304506,SCORED,
contaminated,zs,2025-11,mbo_bid_cancel,decision_T,119096,15,304506,SCORED,
contaminated,zs,2025-11,mbo_ask_cancel,decision_T,114360,15,304506,SCORED,
contaminated,zs,2025-11,mbo_cancel_any,decision_T,148931,15,304506,SCORED,
corrected,he,2025-11,trades_all,decision_T,0,0,304486,SCORED,
corrected,he,2025-11,trades_all,prev_row_B,35084,0,304486,SCORED,
corrected,he,2025-11,trades_buy,decision_T,0,0,304486,SCORED,
corrected,he,2025-11,trades_buy,prev_row_B,0,0,304486,SCORED,
corrected,he,2025-11,trades_sell,decision_T,0,0,304486,SCORED,
corrected,he,2025-11,trades_sell,prev_row_B,35084,0,304486,SCORED,
corrected,he,2025-11,trades_large,decision_T,0,0,304486,SCORED,
corrected,he,2025-11,trades_large,prev_row_B,1840,0,304486,SCORED,
contaminated,he,2025-11,trades_all,decision_T,35084,0,304487,SCORED,
contaminated,he,2025-11,trades_buy,decision_T,0,0,304487,SCORED,
contaminated,he,2025-11,trades_sell,decision_T,35084,0,304487,SCORED,
contaminated,he,2025-11,trades_large,decision_T,1840,0,304487,SCORED,
corrected,he,2025-11,mbo_all,decision_T,0,0,304486,SCORED,
corrected,he,2025-11,mbo_all,prev_row_B,108223,0,304486,SCORED,
corrected,he,2025-11,mbo_bid_add,decision_T,0,0,304486,SCORED,
corrected,he,2025-11,mbo_bid_add,prev_row_B,58020,0,304486,SCORED,
corrected,he,2025-11,mbo_ask_add,decision_T,0,0,304486,SCORED,
corrected,he,2025-11,mbo_ask_add,prev_row_B,61172,0,304486,SCORED,
corrected,he,2025-11,mbo_bid_cancel,decision_T,0,0,304486,SCORED,
corrected,he,2025-11,mbo_bid_cancel,prev_row_B,54976,0,304486,SCORED,
corrected,he,2025-11,mbo_ask_cancel,decision_T,0,0,304486,SCORED,
corrected,he,2025-11,mbo_ask_cancel,prev_row_B,53711,0,304486,SCORED,
corrected,he,2025-11,mbo_cancel_any,decision_T,0,0,304486,SCORED,
corrected,he,2025-11,mbo_cancel_any,prev_row_B,75594,0,304486,SCORED,
contaminated,he,2025-11,mbo_all,decision_T,108223,1,304487,SCORED,
contaminated,he,2025-11,mbo_bid_add,decision_T,58020,0,304487,SCORED,
contaminated,he,2025-11,mbo_ask_add,decision_T,61172,0,304487,SCORED,
contaminated,he,2025-11,mbo_bid_cancel,decision_T,54976,1,304487,SCORED,
contaminated,he,2025-11,mbo_ask_cancel,decision_T,53711,1,304487,SCORED,
contaminated,he,2025-11,mbo_cancel_any,decision_T,75594,1,304487,SCORED,
corrected,le,2025-11,trades_all,decision_T,0,0,304491,SCORED,
corrected,le,2025-11,trades_all,prev_row_B,26854,0,304491,SCORED,
corrected,le,2025-11,trades_buy,decision_T,0,0,304491,SCORED,
corrected,le,2025-11,trades_buy,prev_row_B,0,0,304491,SCORED,
corrected,le,2025-11,trades_sell,decision_T,0,0,304491,SCORED,
corrected,le,2025-11,trades_sell,prev_row_B,26854,0,304491,SCORED,
corrected,le,2025-11,trades_large,decision_T,0,0,304491,SCORED,
corrected,le,2025-11,trades_large,prev_row_B,557,0,304491,SCORED,
contaminated,le,2025-11,trades_all,decision_T,26854,0,304492,SCORED,
contaminated,le,2025-11,trades_buy,decision_T,0,0,304492,SCORED,
contaminated,le,2025-11,trades_sell,decision_T,26854,0,304492,SCORED,
contaminated,le,2025-11,trades_large,decision_T,557,0,304492,SCORED,
corrected,le,2025-11,mbo_all,decision_T,0,0,304491,SCORED,
corrected,le,2025-11,mbo_all,prev_row_B,77483,0,304491,SCORED,
corrected,le,2025-11,mbo_bid_add,decision_T,0,0,304491,SCORED,
corrected,le,2025-11,mbo_bid_add,prev_row_B,47018,0,304491,SCORED,
corrected,le,2025-11,mbo_ask_add,decision_T,0,0,304491,SCORED,
corrected,le,2025-11,mbo_ask_add,prev_row_B,52499,0,304491,SCORED,
corrected,le,2025-11,mbo_bid_cancel,decision_T,0,0,304491,SCORED,
corrected,le,2025-11,mbo_bid_cancel,prev_row_B,46885,0,304491,SCORED,
corrected,le,2025-11,mbo_ask_cancel,decision_T,0,0,304491,SCORED,
corrected,le,2025-11,mbo_ask_cancel,prev_row_B,50026,0,304491,SCORED,
corrected,le,2025-11,mbo_cancel_any,decision_T,0,0,304491,SCORED,
corrected,le,2025-11,mbo_cancel_any,prev_row_B,62516,0,304491,SCORED,
contaminated,le,2025-11,mbo_all,decision_T,77483,1,304492,SCORED,
contaminated,le,2025-11,mbo_bid_add,decision_T,47018,0,304492,SCORED,
contaminated,le,2025-11,mbo_ask_add,decision_T,52499,0,304492,SCORED,
contaminated,le,2025-11,mbo_bid_cancel,decision_T,46885,1,304492,SCORED,
contaminated,le,2025-11,mbo_ask_cancel,decision_T,50026,1,304492,SCORED,
contaminated,le,2025-11,mbo_cancel_any,decision_T,62516,1,304492,SCORED,
corrected,es,2025-12,trades_all,decision_T,0,0,620107,SCORED,
corrected,es,2025-12,trades_all,prev_row_B,499061,0,620107,SCORED,
corrected,es,2025-12,trades_buy,decision_T,0,0,620107,SCORED,
corrected,es,2025-12,trades_buy,prev_row_B,0,0,620107,SCORED,
corrected,es,2025-12,trades_sell,decision_T,0,0,620107,SCORED,
corrected,es,2025-12,trades_sell,prev_row_B,499061,0,620107,SCORED,
corrected,es,2025-12,trades_large,decision_T,0,0,620107,SCORED,
corrected,es,2025-12,trades_large,prev_row_B,211175,0,620107,SCORED,
contaminated,es,2025-12,trades_all,decision_T,499061,0,620108,SCORED,
contaminated,es,2025-12,trades_buy,decision_T,0,0,620108,SCORED,
contaminated,es,2025-12,trades_sell,decision_T,499061,0,620108,SCORED,
contaminated,es,2025-12,trades_large,decision_T,211175,0,620108,SCORED,
corrected,es,2025-12,mbo_all,decision_T,0,6,620107,SCORED,
corrected,es,2025-12,mbo_all,prev_row_B,613447,6,620107,SCORED,
corrected,es,2025-12,mbo_bid_add,decision_T,0,2,620107,SCORED,
corrected,es,2025-12,mbo_bid_add,prev_row_B,598923,2,620107,SCORED,
corrected,es,2025-12,mbo_ask_add,decision_T,0,0,620107,SCORED,
corrected,es,2025-12,mbo_ask_add,prev_row_B,599028,0,620107,SCORED,
corrected,es,2025-12,mbo_bid_cancel,decision_T,0,1,620107,SCORED,
corrected,es,2025-12,mbo_bid_cancel,prev_row_B,597641,2,620107,SCORED,
corrected,es,2025-12,mbo_ask_cancel,decision_T,0,4,620107,SCORED,
corrected,es,2025-12,mbo_ask_cancel,prev_row_B,598258,3,620107,SCORED,
corrected,es,2025-12,mbo_cancel_any,decision_T,0,4,620107,SCORED,
corrected,es,2025-12,mbo_cancel_any,prev_row_B,608895,4,620107,SCORED,
corrected,es,2025-12,mbo_all_rows,decision_T,0,6,620107,SCORED_DIAGNOSTIC_11TH_CLASS,
corrected,es,2025-12,mbo_all_rows,prev_row_B,614136,6,620107,SCORED_DIAGNOSTIC_11TH_CLASS,
contaminated,es,2025-12,mbo_all,decision_T,613447,7,620108,SCORED,
contaminated,es,2025-12,mbo_bid_add,decision_T,598923,2,620108,SCORED,
contaminated,es,2025-12,mbo_ask_add,decision_T,599028,0,620108,SCORED,
contaminated,es,2025-12,mbo_bid_cancel,decision_T,597641,2,620108,SCORED,
contaminated,es,2025-12,mbo_ask_cancel,decision_T,598258,4,620108,SCORED,
contaminated,es,2025-12,mbo_cancel_any,decision_T,608895,5,620108,SCORED,
contaminated,es,2025-12,mbo_all_rows,decision_T,614136,7,620108,SCORED_DIAGNOSTIC_11TH_CLASS,
corrected,nq,2025-12,mbo_all,decision_T,,,620107,UNSCORED_FOR_LACK_OF_DATA,C:\Users\ttbea\OneDrive\Desktop\MBO_2025\processed\nq\nq_mbo_2025-12.parquet
contaminated,nq,2025-12,mbo_all,decision_T,,,620108,UNSCORED_FOR_LACK_OF_DATA,C:\Users\ttbea\OneDrive\Desktop\MBO_2025\processed\nq\nq_mbo_2025-12.parquet
corrected,nq,2025-12,mbo_bid_add,decision_T,,,620107,UNSCORED_FOR_LACK_OF_DATA,C:\Users\ttbea\OneDrive\Desktop\MBO_2025\processed\nq\nq_mbo_2025-12.parquet
contaminated,nq,2025-12,mbo_bid_add,decision_T,,,620108,UNSCORED_FOR_LACK_OF_DATA,C:\Users\ttbea\OneDrive\Desktop\MBO_2025\processed\nq\nq_mbo_2025-12.parquet
corrected,nq,2025-12,mbo_ask_add,decision_T,,,620107,UNSCORED_FOR_LACK_OF_DATA,C:\Users\ttbea\OneDrive\Desktop\MBO_2025\processed\nq\nq_mbo_2025-12.parquet
contaminated,nq,2025-12,mbo_ask_add,decision_T,,,620108,UNSCORED_FOR_LACK_OF_DATA,C:\Users\ttbea\OneDrive\Desktop\MBO_2025\processed\nq\nq_mbo_2025-12.parquet
corrected,nq,2025-12,mbo_bid_cancel,decision_T,,,620107,UNSCORED_FOR_LACK_OF_DATA,C:\Users\ttbea\OneDrive\Desktop\MBO_2025\processed\nq\nq_mbo_2025-12.parquet
contaminated,nq,2025-12,mbo_bid_cancel,decision_T,,,620108,UNSCORED_FOR_LACK_OF_DATA,C:\Users\ttbea\OneDrive\Desktop\MBO_2025\processed\nq\nq_mbo_2025-12.parquet
corrected,nq,2025-12,mbo_ask_cancel,decision_T,,,620107,UNSCORED_FOR_LACK_OF_DATA,C:\Users\ttbea\OneDrive\Desktop\MBO_2025\processed\nq\nq_mbo_2025-12.parquet
contaminated,nq,2025-12,mbo_ask_cancel,decision_T,,,620108,UNSCORED_FOR_LACK_OF_DATA,C:\Users\ttbea\OneDrive\Desktop\MBO_2025\processed\nq\nq_mbo_2025-12.parquet
corrected,nq,2025-12,mbo_cancel_any,decision_T,,,620107,UNSCORED_FOR_LACK_OF_DATA,C:\Users\ttbea\OneDrive\Desktop\MBO_2025\processed\nq\nq_mbo_2025-12.parquet
contaminated,nq,2025-12,mbo_cancel_any,decision_T,,,620108,UNSCORED_FOR_LACK_OF_DATA,C:\Users\ttbea\OneDrive\Desktop\MBO_2025\processed\nq\nq_mbo_2025-12.parquet
corrected,nq,2025-12,trades_all,decision_T,0,0,620107,SCORED,
corrected,nq,2025-12,trades_all,prev_row_B,525629,0,620107,SCORED,
corrected,nq,2025-12,trades_buy,decision_T,0,0,620107,SCORED,
corrected,nq,2025-12,trades_buy,prev_row_B,0,0,620107,SCORED,
corrected,nq,2025-12,trades_sell,decision_T,0,0,620107,SCORED,
corrected,nq,2025-12,trades_sell,prev_row_B,525629,0,620107,SCORED,
corrected,nq,2025-12,trades_large,decision_T,0,0,620107,SCORED,
corrected,nq,2025-12,trades_large,prev_row_B,8085,0,620107,SCORED,
contaminated,nq,2025-12,trades_all,decision_T,525629,0,620108,SCORED,
contaminated,nq,2025-12,trades_buy,decision_T,0,0,620108,SCORED,
contaminated,nq,2025-12,trades_sell,decision_T,525629,0,620108,SCORED,
contaminated,nq,2025-12,trades_large,decision_T,8085,0,620108,SCORED,
corrected,cl,2025-12,trades_all,decision_T,10837,2,768531,SCORED,
corrected,cl,2025-12,trades_all,prev_row_B,126520,2,768531,SCORED,
corrected,cl,2025-12,trades_buy,decision_T,0,0,768531,SCORED,
corrected,cl,2025-12,trades_buy,prev_row_B,0,0,768531,SCORED,
corrected,cl,2025-12,trades_sell,decision_T,10837,2,768531,SCORED,
corrected,cl,2025-12,trades_sell,prev_row_B,126520,2,768531,SCORED,
corrected,cl,2025-12,trades_large,decision_T,1325,0,768531,SCORED,
corrected,cl,2025-12,trades_large,prev_row_B,12202,0,768531,SCORED,
contaminated,cl,2025-12,trades_all,decision_T,126520,2,768532,SCORED,
contaminated,cl,2025-12,trades_buy,decision_T,0,0,768532,SCORED,
contaminated,cl,2025-12,trades_sell,decision_T,126520,2,768532,SCORED,
contaminated,cl,2025-12,trades_large,decision_T,12202,0,768532,SCORED,
corrected,cl,2025-12,mbo_all,decision_T,38945,1985,768531,SCORED,
corrected,cl,2025-12,mbo_all,prev_row_B,454867,2739,768531,SCORED,
corrected,cl,2025-12,mbo_bid_add,decision_T,26121,861,768531,SCORED,
corrected,cl,2025-12,mbo_bid_add,prev_row_B,313007,1227,768531,SCORED,
corrected,cl,2025-12,mbo_ask_add,decision_T,25906,1113,768531,SCORED,
corrected,cl,2025-12,mbo_ask_add,prev_row_B,308097,1495,768531,SCORED,
corrected,cl,2025-12,mbo_bid_cancel,decision_T,25298,3,768531,SCORED,
corrected,cl,2025-12,mbo_bid_cancel,prev_row_B,305225,6,768531,SCORED,
corrected,cl,2025-12,mbo_ask_cancel,decision_T,25368,6,768531,SCORED,
corrected,cl,2025-12,mbo_ask_cancel,prev_row_B,304910,9,768531,SCORED,
corrected,cl,2025-12,mbo_cancel_any,decision_T,31696,9,768531,SCORED,
corrected,cl,2025-12,mbo_cancel_any,prev_row_B,377138,14,768531,SCORED,
contaminated,cl,2025-12,mbo_all,decision_T,454867,2740,768532,SCORED,
contaminated,cl,2025-12,mbo_bid_add,decision_T,313007,1227,768532,SCORED,
contaminated,cl,2025-12,mbo_ask_add,decision_T,308097,1495,768532,SCORED,
contaminated,cl,2025-12,mbo_bid_cancel,decision_T,305225,6,768532,SCORED,
contaminated,cl,2025-12,mbo_ask_cancel,decision_T,304910,9,768532,SCORED,
contaminated,cl,2025-12,mbo_cancel_any,decision_T,377138,14,768532,SCORED,
corrected,gc,2025-12,trades_all,decision_T,20195,0,772202,SCORED,
corrected,gc,2025-12,trades_all,prev_row_B,264176,0,772202,SCORED,
corrected,gc,2025-12,trades_buy,decision_T,0,0,772202,SCORED,
corrected,gc,2025-12,trades_buy,prev_row_B,0,0,772202,SCORED,
corrected,gc,2025-12,trades_sell,decision_T,20195,0,772202,SCORED,
corrected,gc,2025-12,trades_sell,prev_row_B,264176,0,772202,SCORED,
corrected,gc,2025-12,trades_large,decision_T,147,0,772202,SCORED,
corrected,gc,2025-12,trades_large,prev_row_B,1857,0,772202,SCORED,
contaminated,gc,2025-12,trades_all,decision_T,264176,0,772203,SCORED,
contaminated,gc,2025-12,trades_buy,decision_T,0,0,772203,SCORED,
contaminated,gc,2025-12,trades_sell,decision_T,264176,0,772203,SCORED,
contaminated,gc,2025-12,trades_large,decision_T,1857,0,772203,SCORED,
corrected,gc,2025-12,mbo_all,decision_T,49649,1793,772202,SCORED,
corrected,gc,2025-12,mbo_all,prev_row_B,604763,2889,772202,SCORED,
corrected,gc,2025-12,mbo_bid_add,decision_T,40594,984,772202,SCORED,
corrected,gc,2025-12,mbo_bid_add,prev_row_B,508268,1540,772202,SCORED,
corrected,gc,2025-12,mbo_ask_add,decision_T,40239,801,772202,SCORED,
corrected,gc,2025-12,mbo_ask_add,prev_row_B,506310,1339,772202,SCORED,
corrected,gc,2025-12,mbo_bid_cancel,decision_T,39294,2,772202,SCORED,
corrected,gc,2025-12,mbo_bid_cancel,prev_row_B,500230,3,772202,SCORED,
corrected,gc,2025-12,mbo_ask_cancel,decision_T,39326,7,772202,SCORED,
corrected,gc,2025-12,mbo_ask_cancel,prev_row_B,501445,8,772202,SCORED,
corrected,gc,2025-12,mbo_cancel_any,decision_T,44674,8,772202,SCORED,
corrected,gc,2025-12,mbo_cancel_any,prev_row_B,558284,10,772202,SCORED,
corrected,gc,2025-12,mbo_all_rows,decision_T,50580,1793,772202,SCORED_DIAGNOSTIC_11TH_CLASS,
corrected,gc,2025-12,mbo_all_rows,prev_row_B,613862,2890,772202,SCORED_DIAGNOSTIC_11TH_CLASS,
contaminated,gc,2025-12,mbo_all,decision_T,604763,2890,772203,SCORED,
contaminated,gc,2025-12,mbo_bid_add,decision_T,508268,1540,772203,SCORED,
contaminated,gc,2025-12,mbo_ask_add,decision_T,506310,1339,772203,SCORED,
contaminated,gc,2025-12,mbo_bid_cancel,decision_T,500230,3,772203,SCORED,
contaminated,gc,2025-12,mbo_ask_cancel,decision_T,501445,9,772203,SCORED,
contaminated,gc,2025-12,mbo_cancel_any,decision_T,558284,11,772203,SCORED,
contaminated,gc,2025-12,mbo_all_rows,decision_T,613862,2891,772203,SCORED_DIAGNOSTIC_11TH_CLASS,
corrected,zc,2025-12,trades_all,decision_T,0,0,353103,SCORED,
corrected,zc,2025-12,trades_all,prev_row_B,76969,20,353103,SCORED,
corrected,zc,2025-12,trades_buy,decision_T,0,0,353103,SCORED,
corrected,zc,2025-12,trades_buy,prev_row_B,0,0,353103,SCORED,
corrected,zc,2025-12,trades_sell,decision_T,0,0,353103,SCORED,
corrected,zc,2025-12,trades_sell,prev_row_B,76969,20,353103,SCORED,
corrected,zc,2025-12,trades_large,decision_T,0,0,353103,SCORED,
corrected,zc,2025-12,trades_large,prev_row_B,15292,20,353103,SCORED,
contaminated,zc,2025-12,trades_all,decision_T,76969,20,353104,SCORED,
contaminated,zc,2025-12,trades_buy,decision_T,0,0,353104,SCORED,
contaminated,zc,2025-12,trades_sell,decision_T,76969,20,353104,SCORED,
contaminated,zc,2025-12,trades_large,decision_T,15292,20,353104,SCORED,
corrected,zc,2025-12,mbo_all,decision_T,0,1,353103,SCORED,
corrected,zc,2025-12,mbo_all,prev_row_B,222939,23,353103,SCORED,
corrected,zc,2025-12,mbo_bid_add,decision_T,0,0,353103,SCORED,
corrected,zc,2025-12,mbo_bid_add,prev_row_B,122123,0,353103,SCORED,
corrected,zc,2025-12,mbo_ask_add,decision_T,0,0,353103,SCORED,
corrected,zc,2025-12,mbo_ask_add,prev_row_B,129901,2,353103,SCORED,
corrected,zc,2025-12,mbo_bid_cancel,decision_T,0,1,353103,SCORED,
corrected,zc,2025-12,mbo_bid_cancel,prev_row_B,92605,21,353103,SCORED,
corrected,zc,2025-12,mbo_ask_cancel,decision_T,0,1,353103,SCORED,
corrected,zc,2025-12,mbo_ask_cancel,prev_row_B,90606,21,353103,SCORED,
corrected,zc,2025-12,mbo_cancel_any,decision_T,0,1,353103,SCORED,
corrected,zc,2025-12,mbo_cancel_any,prev_row_B,134241,21,353103,SCORED,
contaminated,zc,2025-12,mbo_all,decision_T,222940,23,353104,SCORED,
contaminated,zc,2025-12,mbo_bid_add,decision_T,122123,0,353104,SCORED,
contaminated,zc,2025-12,mbo_ask_add,decision_T,129902,2,353104,SCORED,
contaminated,zc,2025-12,mbo_bid_cancel,decision_T,92605,21,353104,SCORED,
contaminated,zc,2025-12,mbo_ask_cancel,decision_T,90607,21,353104,SCORED,
contaminated,zc,2025-12,mbo_cancel_any,decision_T,134242,21,353104,SCORED,
corrected,zs,2025-12,trades_all,decision_T,0,0,353103,SCORED,
corrected,zs,2025-12,trades_all,prev_row_B,60795,19,353103,SCORED,
corrected,zs,2025-12,trades_buy,decision_T,0,0,353103,SCORED,
corrected,zs,2025-12,trades_buy,prev_row_B,0,0,353103,SCORED,
corrected,zs,2025-12,trades_sell,decision_T,0,0,353103,SCORED,
corrected,zs,2025-12,trades_sell,prev_row_B,60795,19,353103,SCORED,
corrected,zs,2025-12,trades_large,decision_T,0,0,353103,SCORED,
corrected,zs,2025-12,trades_large,prev_row_B,13781,19,353103,SCORED,
contaminated,zs,2025-12,trades_all,decision_T,60796,19,353104,SCORED,
contaminated,zs,2025-12,trades_buy,decision_T,0,0,353104,SCORED,
contaminated,zs,2025-12,trades_sell,decision_T,60796,19,353104,SCORED,
contaminated,zs,2025-12,trades_large,decision_T,13781,19,353104,SCORED,
corrected,zs,2025-12,mbo_all,decision_T,0,0,353103,SCORED,
corrected,zs,2025-12,mbo_all,prev_row_B,222556,23,353103,SCORED,
corrected,zs,2025-12,mbo_bid_add,decision_T,0,0,353103,SCORED,
corrected,zs,2025-12,mbo_bid_add,prev_row_B,138946,2,353103,SCORED,
corrected,zs,2025-12,mbo_ask_add,decision_T,0,0,353103,SCORED,
corrected,zs,2025-12,mbo_ask_add,prev_row_B,145081,2,353103,SCORED,
corrected,zs,2025-12,mbo_bid_cancel,decision_T,0,0,353103,SCORED,
corrected,zs,2025-12,mbo_bid_cancel,prev_row_B,126027,20,353103,SCORED,
corrected,zs,2025-12,mbo_ask_cancel,decision_T,0,0,353103,SCORED,
corrected,zs,2025-12,mbo_ask_cancel,prev_row_B,121489,20,353103,SCORED,
corrected,zs,2025-12,mbo_cancel_any,decision_T,0,0,353103,SCORED,
corrected,zs,2025-12,mbo_cancel_any,prev_row_B,164433,20,353103,SCORED,
contaminated,zs,2025-12,mbo_all,decision_T,222557,23,353104,SCORED,
contaminated,zs,2025-12,mbo_bid_add,decision_T,138947,2,353104,SCORED,
contaminated,zs,2025-12,mbo_ask_add,decision_T,145082,2,353104,SCORED,
contaminated,zs,2025-12,mbo_bid_cancel,decision_T,126028,20,353104,SCORED,
contaminated,zs,2025-12,mbo_ask_cancel,decision_T,121490,20,353104,SCORED,
contaminated,zs,2025-12,mbo_cancel_any,decision_T,164434,20,353104,SCORED,
corrected,he,2025-12,trades_all,decision_T,0,0,353682,SCORED,
corrected,he,2025-12,trades_all,prev_row_B,36866,0,353682,SCORED,
corrected,he,2025-12,trades_buy,decision_T,0,0,353682,SCORED,
corrected,he,2025-12,trades_buy,prev_row_B,0,0,353682,SCORED,
corrected,he,2025-12,trades_sell,decision_T,0,0,353682,SCORED,
corrected,he,2025-12,trades_sell,prev_row_B,36866,0,353682,SCORED,
corrected,he,2025-12,trades_large,decision_T,0,0,353682,SCORED,
corrected,he,2025-12,trades_large,prev_row_B,2073,0,353682,SCORED,
contaminated,he,2025-12,trades_all,decision_T,36867,0,353683,SCORED,
contaminated,he,2025-12,trades_buy,decision_T,0,0,353683,SCORED,
contaminated,he,2025-12,trades_sell,decision_T,36867,0,353683,SCORED,
contaminated,he,2025-12,trades_large,decision_T,2073,0,353683,SCORED,
corrected,he,2025-12,mbo_all,decision_T,0,1,353682,SCORED,
corrected,he,2025-12,mbo_all,prev_row_B,127765,1,353682,SCORED,
corrected,he,2025-12,mbo_bid_add,decision_T,0,0,353682,SCORED,
corrected,he,2025-12,mbo_bid_add,prev_row_B,67937,0,353682,SCORED,
corrected,he,2025-12,mbo_ask_add,decision_T,0,0,353682,SCORED,
corrected,he,2025-12,mbo_ask_add,prev_row_B,64065,0,353682,SCORED,
corrected,he,2025-12,mbo_bid_cancel,decision_T,0,1,353682,SCORED,
corrected,he,2025-12,mbo_bid_cancel,prev_row_B,57632,1,353682,SCORED,
corrected,he,2025-12,mbo_ask_cancel,decision_T,0,1,353682,SCORED,
corrected,he,2025-12,mbo_ask_cancel,prev_row_B,58075,1,353682,SCORED,
corrected,he,2025-12,mbo_cancel_any,decision_T,0,1,353682,SCORED,
corrected,he,2025-12,mbo_cancel_any,prev_row_B,82442,1,353682,SCORED,
contaminated,he,2025-12,mbo_all,decision_T,127766,1,353683,SCORED,
contaminated,he,2025-12,mbo_bid_add,decision_T,67938,0,353683,SCORED,
contaminated,he,2025-12,mbo_ask_add,decision_T,64066,0,353683,SCORED,
contaminated,he,2025-12,mbo_bid_cancel,decision_T,57633,1,353683,SCORED,
contaminated,he,2025-12,mbo_ask_cancel,decision_T,58076,1,353683,SCORED,
contaminated,he,2025-12,mbo_cancel_any,decision_T,82443,1,353683,SCORED,
corrected,le,2025-12,trades_all,decision_T,0,0,353689,SCORED,
corrected,le,2025-12,trades_all,prev_row_B,31870,0,353689,SCORED,
corrected,le,2025-12,trades_buy,decision_T,0,0,353689,SCORED,
corrected,le,2025-12,trades_buy,prev_row_B,0,0,353689,SCORED,
corrected,le,2025-12,trades_sell,decision_T,0,0,353689,SCORED,
corrected,le,2025-12,trades_sell,prev_row_B,31870,0,353689,SCORED,
corrected,le,2025-12,trades_large,decision_T,0,0,353689,SCORED,
corrected,le,2025-12,trades_large,prev_row_B,437,0,353689,SCORED,
contaminated,le,2025-12,trades_all,decision_T,31871,0,353690,SCORED,
contaminated,le,2025-12,trades_buy,decision_T,0,0,353690,SCORED,
contaminated,le,2025-12,trades_sell,decision_T,31871,0,353690,SCORED,
contaminated,le,2025-12,trades_large,decision_T,437,0,353690,SCORED,
corrected,le,2025-12,mbo_all,decision_T,0,1,353689,SCORED,
corrected,le,2025-12,mbo_all,prev_row_B,90031,1,353689,SCORED,
corrected,le,2025-12,mbo_bid_add,decision_T,0,0,353689,SCORED,
corrected,le,2025-12,mbo_bid_add,prev_row_B,53021,0,353689,SCORED,
corrected,le,2025-12,mbo_ask_add,decision_T,0,0,353689,SCORED,
corrected,le,2025-12,mbo_ask_add,prev_row_B,52993,0,353689,SCORED,
corrected,le,2025-12,mbo_bid_cancel,decision_T,0,1,353689,SCORED,
corrected,le,2025-12,mbo_bid_cancel,prev_row_B,50721,1,353689,SCORED,
corrected,le,2025-12,mbo_ask_cancel,decision_T,0,1,353689,SCORED,
corrected,le,2025-12,mbo_ask_cancel,prev_row_B,51197,1,353689,SCORED,
corrected,le,2025-12,mbo_cancel_any,decision_T,0,1,353689,SCORED,
corrected,le,2025-12,mbo_cancel_any,prev_row_B,67334,1,353689,SCORED,
contaminated,le,2025-12,mbo_all,decision_T,90032,1,353690,SCORED,
contaminated,le,2025-12,mbo_bid_add,decision_T,53022,0,353690,SCORED,
contaminated,le,2025-12,mbo_ask_add,decision_T,52994,0,353690,SCORED,
contaminated,le,2025-12,mbo_bid_cancel,decision_T,50722,1,353690,SCORED,
contaminated,le,2025-12,mbo_ask_cancel,decision_T,51198,1,353690,SCORED,
contaminated,le,2025-12,mbo_cancel_any,decision_T,67335,1,353690,SCORED,
