f0,f1,f2,f3,f4,f5,f6,f7,f8,f9,f10,f11,f12,f13,f14,f15,f16,f17,f18,f19,f20,f21,f22,f23,f24,f25,f26,f27,f28,f29,target
-0.76808429745681,-0.4463553118383933,-0.8744560690443673,0.23578600264962815,-0.6771601044666223,1.6242620065837292,-1.0485020157168248,-1.0099472557326485,-1.3173105938137892,0.40171544846691687,-1.1644696760395856,1.066978991508556,-0.7868039840283123,0.7422893917859269,1.9228952809365258,-0.7793734846873691,-3.10907415659312,0.6399950567945963,0.6385226774977728,-0.05568238701571995,0.0069359011015858165,1.1797411923315266,-1.6352993239622202,-0.029529506569362582,1.831822138962641,-0.5705933088526377,-0.0670280481215882,-0.09610106602308185,1.0573250006708752,-1.5994330911202996,1
-0.3881387871039483,0.8670121452044153,1.2799783674050536,-1.149802185073756,0.4529859241180459,-0.18128846739698695,0.4449680373002139,1.5374353696891636,-1.5098232155470956,-0.8264989488340735,-0.2739732285547891,-2.063222017253628,-1.7275410617177758,-0.21293432478350657,0.6350574526324398,0.16860484534519907,-0.4558208418722866,0.034654078705243056,0.5183311119358358,0.4310168375872001,-1.425774962595936,-1.5273124150970196,0.8764908375963447,-1.7157257970011348,0.919079184096093,0.6639549267776932,-0.6868042386508736,0.10404825078988718,0.6639299730934423,-0.3509460357663586,1
-0.7885916749126911,0.6635732003553702,0.5814564055976156,1.088523652981407,-1.0334465467812854,0.33171745758588783,-0.011058025444819083,0.9738094592721931,-0.3005127454139966,-1.046964515349137,0.3189390076507788,-1.6940199266570848,-1.006630038900292,-0.1809437524013993,1.1615186599046565,-1.4402574865307864,-0.4787892745276086,-0.43951294979047706,-1.9998311769779937,0.37396197921758595,-0.6126311968480525,-0.3093801400405115,0.17553216459646026,-1.2530760644951406,-1.2247531669370026,1.3507507473790088,-0.06952873981413334,1.0594212293566057,1.4168594436759032,0.35632199095205397,1
-0.9687087822817719,1.8323882757999141,-0.2531605863542961,-0.5764179014217576,0.3954488677198217,0.8811067539844112,0.5344998176025487,-0.38709494774456454,0.9241865099802927,-0.7381601697107915,0.40021099154266077,-0.24504313510750061,-0.9272457430116556,0.6996449223447251,0.49319745613420857,-0.5190297423835868,-0.5654358866619944,0.13036334558631119,0.9921711494333878,1.4381284318621035,-0.4536113228629049,0.6962451848044675,1.0751701698100247,-1.049271640591987,-0.054383247280970645,-1.4264308139481219,-0.07028738717870861,0.7195889155835642,0.3496875452183373,0.9421882514268399,0
0.12736649769190883,-1.1073140141499356,-0.009462768661896787,1.5089143301587533,-1.1761681639557118,2.2261922531004563,-0.042746219303198864,-0.07408573830727115,-0.8677951541317629,1.5091089266467095,-3.1205577485538667,0.5526162503525207,1.5169009587333768,0.17279041147739574,0.313289683274505,2.0412143926164084,-1.2266677099566987,0.8589133363211725,-0.8087174570314688,0.03978384723363893,1.3235527357852672,-0.7113637359127845,0.41022106592268653,-1.030636849757169,-0.07662204084517178,0.620063652395565,0.5537664685132387,-0.30826493771656244,-0.12976235842872233,0.24394286320595504,0
-0.29561731414957965,-0.6041592929548848,2.217400994210403,0.28057324648284454,-0.8597903079961287,3.1836645701083217,0.810002232957941,-0.40467000730269487,0.258412807602211,-0.3435911849477991,1.3295776071269536,1.3444644333105222,-1.623497143113383,-1.0900410003038417,0.15332319940673658,-0.8722940453390208,-0.12481505513425473,-0.04824515778320925,1.383344739319405,1.4816952843482143,1.0457097386884715,-0.9633985972017713,-0.20779340395917953,-0.5525078099493222,0.20866830174136067,0.1886010429930483,-0.14562946412861869,0.8861747454886894,0.3459308028965583,-0.6575421210792718,1
0.6597244088636564,0.19124659591802398,0.3639451952873625,0.6165215135723696,-0.1860346708593042,0.9800490958275877,-0.5021706811932032,2.464607216058071,1.080175360709704,1.1605420774337278,-0.7970296768798852,0.3925245563290554,-0.9388648436098285,-0.7784922036530676,0.6990352920582873,1.7021646968403588,0.46280476491441175,0.709231224824809,-0.8123117193653833,-2.150271210204607,1.9640732592152934,-1.2798451500168027,-0.6745325710246554,-0.020369652784448945,-1.9896951749785294,-1.6356455899511302,0.025297850824104733,-1.0813082826946583,-0.2986892839749543,0.7344815247460893,0
0.09714543233151597,-0.07754212486271221,0.33650627031946373,-1.8201403556008113,-0.4817604650854049,2.1854054459751846,1.140750070245152,-0.27549902177351393,-1.7058421852518904,-0.42277735635007596,0.4559560143197234,-1.0610392203259675,1.7091400726279156,-0.944708662740136,-0.3885071855971576,-0.18887321516833172,0.4011572049333048,-0.2467328037105636,2.6775612268738564,-1.6016599729083276,0.5905194048530297,0.5051112850588536,-1.419149366867313,-0.5304762389631812,-1.1062293418035076,-1.146670336053282,0.04217341666790903,1.2273752363745332,-0.8580449061504148,0.35483915539145927,1
-0.3490919402144667,-1.7071917573625588,-0.5501230242276712,-0.2683199098500496,2.245279641709899,0.0677533084458431,-0.3773026691331101,0.35825778678707904,0.9413079731972118,-0.033086703084840484,0.5317384284337756,-2.6146451959807866,-0.973214117325497,-1.0812749354211917,-0.25087579846251273,-0.11531812052718561,0.2425808856547663,-0.20498076690640177,-0.038558238382416864,-0.5146394072968641,0.4777491946716214,-0.3697076320504815,-1.659645236839779,0.7633220506448261,-0.49711302623058207,0.8780529172842051,-0.22622515756697034,-0.4366279602359488,-0.5821608706580002,-1.8175345389565811,1
0.5223059715655372,2.044396631548468,-0.6817077239165835,0.08844069720361708,-0.4161534449392784,-1.3317993153515149,-1.2616363046962773,0.7434794646000147,0.6052523169010509,-0.8201777443620629,0.7472918607401928,-0.6933951589619101,-0.8484637424047954,-0.7366532922821866,1.2253869280016658,0.3927063648678261,-0.6192420254989127,0.9545252651721793,0.5970615907034046,-0.4682373841528123,-2.0024430796120583,-1.202910941096082,-1.1379253783878724,0.18844311086416965,0.06527353003829393,0.5912219723819195,-0.9814663668345193,-0.8248316080497259,2.3973912229874794,0.6867461210435295,1
1.8561982003005255,0.20969817355323334,-0.034934213509280006,-0.3066995945301842,0.5509469894387645,2.482115248576274,-0.11877413204125774,-0.17294934035326529,0.1848457606211336,-1.3657424361948112,-0.45954142128952963,-0.39456887457761264,0.29782007960338214,0.6944259032388831,1.1191676636113197,-0.006292838192147943,0.6512060836440753,0.13118726827167446,-0.7189287791075062,-1.9287841813159108,0.42754914406940886,-0.42486852188811003,-0.12835862076835272,0.3478989252882086,-0.40223048024236685,0.463081565840867,0.4633126639718171,0.865382189758704,0.1555329163346233,-1.483095793881485,1
-0.6538388710056385,1.0034677199999766,0.2715378130237281,1.0229006131389584,1.987810649760115,0.9203197674419566,-0.01072044341010714,0.7176505269492793,-0.8541195726172984,1.6321613331402178,0.19924644271241393,-1.207644822465713,0.9031824749421077,-0.004017127381405525,1.170261203825448,-0.1476070592294707,-0.09900316595998129,0.5907319681401675,1.6926463794117712,-1.171633331361794,-0.41897272588102824,-0.09236811490235818,0.261657009882809,-1.5208323295915454,-0.28064644835749974,0.3362536322597961,-0.33525235154522615,0.437284384607463,-0.8074006303018113,0.7938949222521648,0
0.4176208279350788,-0.32118368196035035,0.09302294667624814,0.5732962727183819,-1.5535992068775577,0.23456546984822352,-1.5743720388644862,1.1582771378403611,0.961975654555949,-1.0486959522141956,0.7545982893711918,0.30414396466681526,-0.07670704639026148,0.19840969604510164,-0.008645852241084103,-1.6368392492314752,1.5173638458203218,-1.40275735681749,-1.087421189456185,1.2089183930173004,-1.7273098549824126,-0.4356638415663594,-0.5482607912079585,-0.7356883094878852,-0.3641901003237898,0.16534799560025917,-0.4101349718273507,-1.1378003213638517,1.0980165074504253,-0.46919697893974627,1
0.36518407172077794,-0.723760481045456,0.7325343188092382,0.6956407269656204,0.49951213925083005,-0.7968920359758136,0.7580311130140098,-0.08782977177223077,0.44314201984077506,0.4108758361727067,0.44504114007251866,-0.14213184805902912,-1.3040084393350881,0.8883009849019927,1.0559495700481794,-1.7258769126831242,-0.09088971249983717,0.17084661238217205,-0.6990242079799479,0.7595894031700064,-0.44203180664789854,-1.031075722338844,-0.3460045419492386,-0.7207845963240536,0.1475654354005667,0.8102632564740034,0.13859059123134534,-2.8519842105194293,1.3169861831452965,-0.41527887340185515,1
-0.21245179084052507,0.4911542500242842,-1.113082671708189,1.6632276816122862,-1.4223445143826574,-0.21775391532939484,0.6922654160798785,0.12439217498328901,-0.27928816509882903,0.6379831220458281,0.8718733691298334,1.5433650175219789,0.15538421113019407,-1.4582680516654327,0.04266712233212377,0.3523384815396976,-1.0023103369103223,0.6396046218205267,1.0912126772818218,-0.22027182725733777,1.2034506628591348,1.8872641126179168,1.1419904270323358,-1.0159180204289777,1.074607917928988,0.0626727650250903,0.28298230646260186,-0.9139484919363723,-1.0628477433899897,-0.726529013767593,1
-0.11888735394929587,0.1613379721501037,0.6426686201025886,-0.6741250260856008,1.2750962730762776,-1.4024028554684322,0.4441279635312753,0.1371625920785652,-0.1321340282440813,0.4445203543616231,1.3856220159816008,-0.22733934326815958,-0.11653065668358667,-0.771722324698527,1.241868649048422,0.6136869732871896,0.6833871863729529,-0.14322366603517617,1.6828089868368037,0.007340301554571959,-0.7808952180989127,-2.3773065390528574,0.5662491139142622,0.12832734800561044,0.07869813271453632,-0.2759118268156996,0.22327417332859376,-0.44080594868026424,1.5778612468168032,0.3910114902849467,0
-1.8840587282279115,0.24305363044209718,0.06559833247777945,-2.2856004084399517,-0.057148700010822805,-0.8874673968768344,-0.16417333946774432,-0.19891241384120428,0.07237641343506221,0.6535589542038335,-0.8583334105604529,-1.8393633250950623,-2.5599935492338566,0.8984445784806021,0.5138392339916541,1.4511633132260864,0.20576003582848515,0.12389842774638027,0.1438890306584617,1.4533542741479872,2.212823746927051,0.2419794790136615,-0.1230798536083977,-0.6479452334323185,-1.907825599954892,1.5790565161367964,-0.34031515132035617,1.7763894860643519,1.4853159292098324,1.48522701596198,0
0.6516481381385145,0.3407996636628131,-0.1885867556581878,0.27034344714586855,0.29083302597851385,0.17906494465467462,0.21876224769393096,0.717913843281129,-1.8092089187424765,-0.09113467869312235,-1.2831322123402635,0.2915275137084434,0.5508791139113673,0.7711031589444528,-1.5631507862940222,0.8393786993882756,-0.30763513515048074,0.21809872023853738,-0.6529379198585927,1.078067712940415,-0.5305500430521335,-0.10444410471715596,-2.150662242045071,-0.5736875205462034,0.2766579455729801,1.026446671188027,-0.4458643387227583,-0.21253947956450697,-1.1073179392695873,0.8096032914573149,1
2.470085822940114,1.1757189771947112,-0.7076694476066641,-0.48835656172078307,0.3393152913647911,0.03458252870356157,0.7446546828452167,-0.745520399232092,0.07295820313807203,-0.8155665777027941,0.3112665715535969,0.5914154200735902,-0.7504929475919927,-1.5959491386341798,-0.0002628773968920066,-0.24666251886624532,0.276701492516487,0.8116505872325233,-0.7358254668880777,1.3039671108063624,1.3220437927553579,-0.2886853521927177,-1.2504565493977138,-0.06985461871309517,-0.36588541956114307,0.8363815251306483,0.23352479076889116,0.9412356021279016,-0.09848633560778604,0.2279958744850367,0
-0.7308623993527747,-1.3935857196567767,1.4028152876282909,0.1791245022419607,-1.3291273907906396,-0.5687369748881647,0.4468376286813983,-0.35623762931000014,0.4495712190521227,0.14321977852559456,0.9670465754361598,0.17662578786017766,1.5704096710594126,-0.4493335217598168,1.0963771226542336,0.05358665405346199,-0.040486972909001606,0.25697906261152215,-1.2732329188389364,0.8161088555390866,-0.899102250552188,-0.25985838837550845,-0.15016159021774408,1.0865686827126682,0.4966630558024617,1.570168057176762,1.4788047329756866,-0.9198221980073534,-0.5505546597805159,-0.9861962461585797,0
0.6278640514274051,-1.3081683933723436,-1.5506825910749515,-1.6493826017771442,0.014763147944697701,-0.24968511321601414,0.6384638751067484,-0.23360381421532284,-0.5552204699458335,0.45597373461744045,-0.033066603009416724,-0.5704221768759478,1.307533696104925,-1.2234269059341372,0.3475984697746647,0.40806104179552355,0.7738735536831465,0.34767615771649146,-0.286660988285015,1.5537108603688756,-0.6474905970408439,-0.3546916632131963,0.055861268876284606,0.02676361491673033,0.27017234655426464,0.520936470181605,0.811372930202641,0.18983222293940405,0.2867689951441124,-0.9379819039405506,1
0.5629344050120005,0.48817106057521337,0.6319220877113686,-0.22703693126079866,-1.9020081453985493,2.4580842665078504,0.28708177542898833,0.5743902673567519,-2.3760531735572075,1.2538120365379095,-0.5683422159816638,-0.15729625713546366,-0.8391632989764396,0.6821596545321358,-0.6781141115328893,1.308046617054596,0.7462697449900167,1.1424287107583089,-1.921247124512177,0.634700883275338,-0.9511580172136828,-2.437361320356332,0.6980464596732243,0.48416409408920263,-0.13118525325201366,-0.14397542569374086,-0.959368735203484,0.7978064757302824,0.7605997135004201,0.5502890670482323,0
0.07228271597977214,-0.07635897933017147,1.1000325601123975,-1.1627605553272429,-0.6326022765524136,-0.49826381912472884,0.01592663599489013,0.12591976278723951,-1.7783600545094573,0.16259720021764557,-0.2012187575858536,-0.55505741429597,-0.08570249703190641,-0.10290977030832911,-0.899923040697392,-1.2935413838985796,1.5682687636745098,0.9807500058828084,1.1969138292083181,-1.5193498143811222,0.9285444255091627,-0.8609131471726277,0.49963707078362307,0.4328589838695825,0.3789162754191124,0.6829065579217729,0.42904574913604804,-1.4863005388061796,0.5488070217747777,0.5793347722071602,0
-0.27324216537878737,-0.9314391493797126,0.1190997518002468,-1.2003192341471922,-0.049863749106550406,0.4906793917720794,0.6851523894260604,1.1100485553389763,-0.3855996958446434,0.6228309707706753,-0.6992670756836601,1.451917358362332,0.6300088280499855,-0.9565905267070836,-1.030000364214322,-1.2658341975288239,-0.5875231082095239,0.30732921488545456,0.12254338457509786,0.6050364197305057,1.2617638172070489,1.830793280484658,0.4460807589855244,0.6731198891670522,-1.1268394125803296,-2.5266008768291495,0.39016598944988284,-1.0509176784996554,-0.3737157161030932,0.41547012015893126,1
0.9421224053830649,-1.649570782305996,1.676670205562942,0.027794465792975523,-0.39563990133306154,1.0459412084801503,0.9327083793497495,0.060226339795812316,0.5007438766831893,-0.8817618513581319,-0.08392224950252036,-0.009275035029956006,0.884174162292529,-0.4203183579290699,-0.38612945339306565,-2.3999537546095397,1.4187647738908071,-1.1267201813058263,-0.40512429415274137,0.5138525050293923,-0.07658993874139139,1.771525433614395,1.4458892372205407,-2.5616996989608647,0.0005044971988926267,-0.18370492771254168,-1.4248214496888583,-0.799079644545484,-0.5326232222046311,0.383076664718403,0
0.957643101434234,0.38924754138637274,0.6023123902948291,1.8515519479487914,-0.9413136910997126,-0.32588854452587374,-0.014238311023903015,0.03940456756910243,0.5174385720224672,0.41558885877433416,1.4629715613192382,-0.8640898327473674,0.4904530325044341,0.9487198111043574,-0.7549637390296657,1.1184733333349788,-0.7530396224079287,-0.30537125930899867,-0.638099566205795,0.5461017837361533,1.424311027903845,-0.6185710013272007,1.7219731283087527,-0.814602148215656,-0.22931842755427698,0.8312925709018577,0.19549297239528013,0.9462769673425853,-1.987963464795136,0.18587936047831066,1
-1.150038698504438,0.9079776996075339,-1.182587206723265,0.4469674233199909,-0.7123669817094707,1.2666196005669474,-1.1862480536017956,-0.883413582022758,-0.3461549275794381,0.1541728033379197,-0.8786117755929346,-1.1931371471181391,0.19633966904342295,0.0040274879868198304,-0.8639569889437922,0.09103296434167561,0.6410880433785588,-1.045190593337145,-1.3219811271491677,0.3902540846666899,0.2542488378433782,0.5106273950275195,-0.23385863792830738,0.014163345469503952,0.6637366211648047,-0.7501283396609795,0.5664875541222056,0.07547864985423547,0.28631665830259073,-0.35938181697570365,0
2.007228629239991,-0.20484040653098995,0.12365805965177441,-0.01642746201219629,-0.35991149658883587,-0.4951833870571224,0.09272230267658593,-1.5569158378282806,0.9337577842073497,1.8688896508328252,1.6731357049950641,0.707001131058898,1.0184502057846527,1.6246983595808229,1.9770664106117255,0.5290366794577844,0.24748840848289508,-1.7474551384505168,-0.042557595837126594,-0.23048252419589277,0.8609973383251396,-1.7257810299671292,1.798856668662247,-0.8353250687984439,1.830095326820555,0.40773247013536223,-0.6271950481278219,0.3255081054362434,0.3664703551357788,-0.8359212555090252,1
0.9303235670960764,-1.0738390316857203,0.3615575550477283,-0.24216589264646746,1.445540734988576,-0.4308274044132011,-0.11414330545898015,-0.046053846616329504,0.34992095099171805,0.03742938538766621,-0.6499516311901637,-0.3759125186390868,0.007307457210031866,-0.2902056701058083,1.4101342631600582,-1.1516254670666317,1.5506709656806712,-0.5919428886165622,0.9280452503381704,-0.08124048716538843,1.8189694370825584,1.1430981780087108,-1.6902856388716665,-0.5797592239148288,1.2145837663528478,0.24670562596941795,-0.11640889123514707,0.09893430936316165,0.1584742456075574,0.23627383682426034,1
0.33603415300642675,-0.30384675857251187,-0.1198132188589258,0.6268330630715927,-1.545975132942291,-1.6727354482378476,-1.1576336899284179,-0.23690415129398237,-0.26949978800909574,0.7174189204690765,-0.9236778832966853,1.3129803637405288,1.2438773565168602,1.8575430861845088,0.04427612690503326,0.5236180546986223,-1.464867798125724,0.9605204188398676,0.38429935011971106,0.2756824382620448,-0.5129362306603619,-0.10512491215852691,-0.480716419825862,0.827298228139986,-0.1980732262680062,0.9641380354771055,0.9828301538342917,0.7467315313215034,0.3018187472410193,-1.2504956327443109,0
-0.9268243706414452,0.859452432646636,-0.9836307746393537,-0.45347701773966376,0.8691601702971228,-1.557001017482395,0.6224207942365793,-0.23935429154866808,0.16947514988155699,-0.16228367719130402,-0.30937680119433036,-0.00899163701011074,0.8457073344509612,-2.3792542237708543,-1.299546503221097,0.3351881262281156,0.053646277056650524,0.3465422128065011,-0.7864360068335213,-0.7472753821648344,1.4530538373137112,0.25280204959067015,-1.874080319033663,-0.2139071623636134,-1.6737250495138445,0.8331516830707236,0.6515198822562221,-0.3161076914190012,-0.27895416624067315,1.0953336838517373,1
0.3000319857607892,-0.7479374712553102,1.3724503242233241,0.24721695276843034,0.30375630409409465,-1.043918475690674,0.4410681575417316,-1.3905813707075008,1.2788127045584246,1.069018639903871,-2.129328699755816,0.32030766588961246,0.8815627466238252,-0.2566316330039771,0.6605020222672607,1.367992215370711,-0.34095803884393105,-1.1845224514913444,0.3652083164830053,0.11833115224156097,1.8047463576429321,-2.8505807986631755,-0.4427570470356591,-0.4436196077173805,0.30817758185542793,-1.2776341566186205,-0.16067817606036408,0.5236714486742635,-0.9384644744508828,-0.6114117491199845,1
-1.581453313005995,-1.9764577182237781,-0.7582351922697915,-0.7678635702852515,0.21866783094193995,0.4215978488818575,0.3565847279093067,2.4576237545293846,0.41250052820248717,0.5083510689126077,-1.063174700805604,0.12586716475536042,0.43947148883745896,-1.1601522866215939,-1.5708237965699532,0.00980077258487879,0.10004159825786486,-0.33165274521586746,0.1109298566367234,-0.41979083008650825,-0.717396679996395,-0.23434366981904356,1.0420769078747616,-0.19743600594133423,0.22944012765422905,0.7815809850868181,0.28187213288771024,-0.7978972708279523,-1.4750411549792293,-0.10495977460737378,1
-0.2679049980801138,-2.398116135084947,-0.4231073511033482,0.6919021635403958,-0.0015284312054853542,-0.5342778262086528,0.08156157985781501,0.5035441776631995,0.7852862645546194,-0.13241355868036528,-2.085032670355103,1.60514005884371,-0.3301508549949321,-0.3995123658395203,0.19630928394521413,0.37832888475581594,0.19651291509629618,-0.028074524169737356,1.9511217341158151,0.41709862136448983,-1.457362709483463,-1.3539000188272075,-1.8788994080431267,0.4435818509718008,0.5111424336409791,-1.6505323616126053,0.5192160649120877,-0.4018656113650642,0.5633192317348222,0.4694992506383256,1
0.09314957244938106,0.6717048265747755,1.2572276125097888,-0.3620926484621379,0.7522032155417115,0.14309630143952362,-0.0070397205425766106,-1.5027546468477886,-0.9177400470925451,-0.4757894917938984,-1.2717063432961933,-1.306737285139695,-2.3743922347846684,-0.4077826936503196,-1.024394899684028,-0.43379244936942263,0.8262057550861425,-0.9577514256107609,-1.789704173913064,-1.296447116862279,0.5794551224595174,-0.46193264000506473,-0.14156857244528562,-2.381765866037301,-0.5010486802016776,1.541005760812414,0.381890483484177,0.5591188749292026,-0.8222240318690768,1.1585274569084714,0
1.3347663136960684,-1.9350911179905117,-0.3153355651905377,1.4067894186374625,1.0183316991025388,-1.5537651839768079,-1.118110577465598,-0.5406077161597448,0.5570669593671751,0.6903865451528141,-2.0919162302361305,-0.574232120327061,0.5514552708366396,-0.5710655822777949,1.5830119270304115,-0.8253882172063226,-1.364471077541143,-0.2550108029942693,1.0505433745435,-2.0551669646844006,-0.9909449459373418,-1.1449475221075465,-0.01700833903250554,1.1787370787264344,-0.4979465511037303,0.35073669068186514,-0.6455822831541149,1.043800276266815,0.46767349895983135,0.38435784076806306,0
0.5946770007457961,-0.9757175068537424,-0.6563999485087301,-0.5235947091527988,-2.647668072146097,-0.3453761211011009,1.330408467162458,-0.43429874850580624,-0.2841247422027035,0.5485955065071505,0.8911179498797095,1.2418648466402504,0.9623690986748377,0.3514169774598692,1.5646353799772967,0.43594755371995747,0.35259592850430227,-0.8514480596942838,-1.227535760206271,-0.11770220219598333,-0.11633458172725378,0.07344834447694411,0.2342272135306579,0.6021187848936773,-0.7243092264279382,0.21074873788041934,-0.6518009775302086,-0.6643314168689006,0.017543260289311444,0.07853647436044496,0
1.3646663219686246,-1.051619231801958,0.8010514396162363,0.6745054829943619,-0.6594220741180559,-1.7192991743402235,0.30479488770238927,1.3186221825359883,-0.8596073797099364,-1.1667117822129702,-0.05000558586051285,-0.19163687370711313,0.09423914607991438,-0.28304628272658755,-1.153400915689876,-1.5328841172570313,0.08907817713503077,0.37841294832691674,0.5125890070656107,0.3970035746563493,0.5590986737739534,0.4716525328686668,-1.7956256471937,-2.1946598896666742,0.05503023578699246,-1.0289898306130778,1.3714826324451594,0.06580019013084233,-0.6894496356457965,1.28058272180726,1
0.5600120120533909,-1.1398428862744798,1.0228192719993017,0.1333747950190024,0.43237874956700806,0.9669792848471832,0.08249757646594197,-0.22610106285033288,-0.7355276958820107,0.43306906094187925,-0.2568029496636892,-1.7992207878372817,-0.18582825824500251,-0.8764021130884696,0.990668912929637,1.2350352050996842,-0.05135766241611472,0.715754240263049,-0.7578444235283882,0.8761740123378884,-0.7917960681772914,0.5197823786617769,-2.0126866691577048,-1.0723684812560237,-0.07143048752832588,0.023579583717737447,0.4379797699476646,-1.0266034004762863,-1.1419467156058263,0.893096193343461,1
0.1001449284347245,-0.15085973341253012,0.27730577081847635,0.22957750045185943,-0.01196943167046561,-0.7933148482584265,-0.25076901309274163,0.6394889367720518,0.694785229396156,-0.7971991484205528,-0.9714619086197905,-1.2000070662039395,-1.3236057277424897,0.6511142074221987,1.2605587911993943,0.17022969022780562,0.6853555838728697,-0.5656175516205099,-0.09318712116695937,-0.17909134960843226,1.8204891461087902,0.37772708649278025,0.007232866447320726,0.17619123702208572,-1.4820358951301325,0.16159468215082465,-0.7822221293871926,1.6379230031670553,-0.74403577517546,-0.29582383651360555,1
0.2562837675896986,1.6210962189807043,0.6540989703562758,-1.009648219116079,1.5551060762623006,1.2122069675411193,-1.1249207677369268,-0.8805418595538012,-0.22337203971341119,-0.13193109047926121,-1.8917086259256912,-0.012246940915681454,1.1805428211958144,-1.7772329870430261,-0.5632541268537594,1.2431990870009788,0.348675660873825,0.47188625178004556,1.2701672203951755,-0.7307351814126333,-0.4330339368723,0.34034240461124926,-0.506907161131536,-0.2227025095270321,-1.9363657241826244,0.6154153120351508,-0.7929963326987111,0.09356889479059688,0.7316806283054874,0.3467184218340897,0
0.45113132662099426,-1.1313451734720548,-1.1012231030756108,0.04463695393418385,0.46181124544087715,-0.3838967840126985,-0.447729124897588,-0.4856456917963409,-0.32212736700519357,-1.483069829476843,-1.0481299635957488,0.6629449585807127,-0.8635281592018098,-0.2311628657929399,-1.6142795315341851,0.40743898248635446,1.447209745163023,-0.19751983683190436,-1.1187077366460862,0.06134434740664929,-0.17362600123397526,1.1345929411058826,0.694276234293504,0.5991581593268432,-0.018809081739710375,1.6376988900209706,-1.0523205125050252,-1.5714482900471571,0.43161491477414615,-0.7154283685573992,1
0.9691437712651597,-2.2113093934366543,-2.109821293694854,1.0271601195728093,1.5949864597488448,0.1041960810386292,0.8683238258389122,0.3200014803903105,-0.47716289227894787,0.2695109083366841,0.09508404304971607,-1.7099370688907276,-0.8379728409545322,0.15595109663000328,0.3733120293665409,0.9401959788123145,0.3211021354873038,-0.355244430382805,-0.3128689340185087,0.21931413635896674,0.621004765390767,0.7211037960239335,-0.1735387907112538,-0.6887741585868017,1.2450064456987548,-0.916671085601381,1.2961135212563206,0.6378152315900172,2.4089124407784452,-0.5379638683816248,1
-1.0020059566208437,-0.42955300443021494,-1.3318162445065838,0.4134407653471516,0.6730969529846943,-0.9319528161589286,0.14098774975051015,-0.7321894686287725,-0.9886694981457473,-1.0925609397784322,1.4207599476958985,0.5988073865105219,-0.7483355034701573,0.6954121990980799,0.14610388852689782,-1.2330812905918584,0.6055600230771433,1.5122875685707964,-0.42048667287165353,0.9898324800390262,-1.0261485272716062,-0.5130064636793151,1.6194342962247683,1.0584956824314897,0.31478931312270564,-0.846884884090304,1.2980214762214752,0.6934623705717344,0.17635211536312956,0.8538920128359782,0
-0.1605136309946198,0.25697948526030023,0.050756730651053,-0.9822133105177838,-0.427927909613972,0.1831317708716509,0.1922281768910443,1.3547941259594711,0.11369882455477226,-0.05584025953344898,-0.21385656799578337,-0.9641357824362375,-0.07302927811082766,0.860061891310515,-1.54360967145739,-0.05270461347118608,0.8101773636154926,1.797544216356585,1.4994788366807457,0.08995533365611257,-0.605672794768992,-0.3251370111248927,-0.4660525702472571,0.3096948093276558,-0.06410601792864748,-1.6107557247743485,-0.4566518880780002,-0.6656554479566268,0.25859387182038535,-0.6695171838423208,1
0.09565607433902475,-0.35123109122384905,-0.4964412414134166,0.6135073180685625,-0.18029979171460114,-0.9226735885437013,-1.0891962260313952,-0.6240136038145142,-0.8928884603227486,0.41668575807250874,0.24062615349179958,-0.48063644946470924,0.47497142539012904,0.8872956357232531,0.9895558641936978,1.5049881417266662,-0.9291394420737045,1.0968929761267905,-0.294251172492264,1.3007885151920253,0.6413364117876702,0.004349852420832483,-0.9911820626485679,-1.0146173902144953,-0.4395526937433512,0.22228871797240027,-1.2171576406439324,-1.0267893515009736,-1.0735998319133508,-0.9713452780136782,0
-0.4273406369144793,0.6096216190674926,0.02961906348527336,-0.8049605747316192,-2.5215636103681094,-1.3360715578577265,1.3258656671133244,2.020309642996701,-0.44728051930248747,1.741898823617292,0.7496013760589758,0.1288271458564006,1.4814091056596714,0.8428824493224611,0.2599193047938857,-0.6684332501803166,-1.0625744533109933,0.7006363190247469,-1.0665277177227916,0.2706008046785578,0.9391643665588939,-0.5695597061812089,-0.4750676239894943,-0.43443227375379,-0.31638078127527813,-0.8515240101593636,1.8172192608661977,0.11638916521508212,-0.14112425507163603,1.7173995019726263,1
-0.9325806317601805,0.265294965293517,0.05112402502097282,-0.476375049179968,0.05921903716786513,0.7637896761050678,-1.0204525143110992,0.1817780271928285,0.16151690886925132,0.07575373108613165,-0.12374669072782842,0.04280277303335844,-0.19584076804976694,-0.9445235385853977,0.11093677857328796,1.5462461405729697,-1.0965605439782244,1.4850542060000704,0.912872320647659,0.4786738723333491,-2.3609880999349486,0.20944045894992652,1.2062501952574443,-0.6073765801319303,0.6462914268863349,0.07341797317036604,0.15073594944560217,1.647134826649919,-0.2183791896403831,0.9159085460424385,1
0.5791938049332583,-0.5006396182125747,0.6109575750981272,1.260220374606695,0.009714194007509776,-0.8606078749476537,1.4639162609365912,0.05367357493083004,-0.6505114959028168,1.1081096165646729,-1.8608601549722052,-0.3699814933892424,-2.2180398771828105,0.7957308083978107,0.23750568543802045,-0.709418341407024,-0.20545001687859682,-0.8675265880178332,0.9315820978989279,0.6525139926189382,-0.12547981116217283,0.5697373902896877,1.9036378960069682,-0.5657861595937036,0.2727879601422206,1.2736850624596407,-0.25552914486132083,-0.5637897551627424,-1.2633349157122293,0.20133596629603537,1
0.21429661444510553,-0.19050013084364817,1.283580611902603,0.24940585943933205,0.15524893043525145,-0.04332752014841162,-0.26347608795465594,0.4048210523977903,-0.9584551060732664,-0.27477981589349726,-0.44385359830361953,1.2325651988155715,-0.15128747646503654,-1.0042619267772357,-1.1119347275145253,-1.8924086689663402,-0.21107537120979716,0.18670690326948522,-0.46315907016924457,-0.201213192793027,-0.3192487178015908,0.7092422762901722,1.0965107431163785,-0.5563000983635653,1.0611360060703228,0.08645709903346499,-0.9307739745427175,-0.6987150798519918,-0.43674821317677354,0.25436937749976724,1
-0.8453851966773841,-0.5208896428770069,-1.2714838273195144,0.617028596173084,1.59158841191229,0.47380619141261276,-0.6439000818853561,0.289237845153206,-0.7956424560905413,-1.2105470267358127,1.178970274767357,-1.4843379478315983,0.9854509008629877,1.912326249015124,0.21047207915676647,0.8719092193157987,-1.153997354918409,-0.5918842287790794,0.2744275380064356,-0.45089987859488695,0.48121796899913,1.2060403126435923,0.6066318553642897,-0.9855015444207991,-1.8902212779558765,-0.51077773882527,-0.2785567696445697,0.19699227674003,0.6854102745157066,-0.4364530109539784,0
0.24766157684838935,1.7288534626079544,-0.6014348763837539,1.4888222773802902,-1.0852383336452258,-2.1374276713362677,0.4212511919954824,-0.8979026910673952,0.5227645086809879,1.4897705027011878,-0.07161334757503003,0.3300975980176411,-0.7782373870447626,-1.0667601296893763,-0.00803821033159005,1.0797334832991416,-1.0812841165279277,0.727184538669023,1.9861946123112655,1.21381832887402,-0.8715961674051182,-1.0066590806664766,-1.8526889067556696,1.683435800088177,-1.8770067053603794,-0.09977350603496798,2.7762791124698105,0.5253087752243611,-0.6576312440804783,-0.34196294657833454,0
0.6853363932328645,-0.7169204877658147,-0.28126890879583494,-0.07315838201499682,-1.0852225602550036,0.804705322765041,-0.24143998863824423,0.3165230232282384,0.4804092799946695,0.03196046755040268,-0.2032564351851861,1.1278151788560655,-2.144102359419241,-2.2384586927402625,2.001396845521395,-0.09440652931687343,-0.6742580479454545,-0.4987697628870886,0.1318052862338745,-2.0107180999457848,1.8738182495373064,-1.5215470245836993,1.309213279311692,0.32360510414501886,-0.6992114811678375,-0.9927553526939645,0.5570925374308362,-0.7723698833068063,0.009081009433524327,0.6831830911471946,0
-1.9667048118676036,0.29462648988719314,-0.15005604535346703,-1.1934523072814918,0.5856336277456948,0.23771374935989897,0.3386853853762314,-1.2077533476048459,0.183641414130678,-0.06310845821969092,0.15796150859930977,0.03972431130650847,1.7064957222181594,0.8815148190805896,0.31949755242820815,-0.4348911889227104,2.319557896496603,0.8432796320032933,-1.435694478436586,-0.6927365897140099,1.1247500342617944,-0.3057406252371566,-0.022314450455027935,-0.3915358734434814,0.5751790623434939,1.1171802851398236,-0.7815323541446932,-0.7986951099774211,-1.4021288005753207,-0.7308131347047825,0
0.749356275485701,1.7658869304714724,1.2567212020344682,0.28431595475740074,0.3049168004424398,0.2523777897479175,-1.0998020227603236,0.6332089289160552,-2.1333549961169957,-0.671049735446144,1.1525354134838923,-0.1840076635377801,0.20988741832776414,0.46641717657288145,0.12256176015002274,0.7009308926222856,1.2215221275155626,-0.4875150669932205,-1.7379526296404866,-0.5371386813058454,0.6318593750022281,0.3005794124819674,0.38811467287439383,-1.0096721315832273,-0.11289897755744924,0.4879656583498743,-1.9033725840102185,-0.2460914076447486,-0.7486883729428471,-0.8115509068644846,0
0.29738102985057335,0.13089132404204026,1.34376413914606,0.9070214828351281,1.444993319741509,-1.843165188010375,-0.3179474335437705,-0.47031713586675994,-2.0242392877411386,0.3072271893515201,0.7346129716930903,0.4439065663357529,-1.3523359930434928,0.6554743222945646,-0.18070547422277342,2.3994901298890934,-1.177965484154889,-0.5854014921262243,-0.4937472410741087,0.9030389299530122,0.9742979873243467,0.718333255569547,2.0332887401539956,0.7839427513673173,-1.8270855433912776,-1.2473419125393284,-2.4409227755024103,0.2799846213272731,-1.647091173211958,-0.04564502814921167,1
-0.7711415444645416,0.07795493987016489,-0.17192639477281732,-1.0597561800849762,-0.23971608399157998,0.1387985625893313,-1.7864775739644718,-0.3873323569228588,1.9014291901852953,-0.265867408297315,-0.2152774378470266,-0.8938952508419618,-1.066934293907308,0.01986834401310804,0.20687941662755685,2.028363377604433,-0.6193907854471469,-0.22140571412974708,-0.3505331003496884,-2.099823331098366,-0.8867632521755541,-0.13413638647149753,0.0990155279347596,1.1355131135687073,0.4561855358001809,0.95493765014407,-0.9936531201316797,-0.12310759051533532,-1.6985940767231011,-1.9263817595592272,1
-0.3485364030488232,1.7483341504537593,1.0156416425046824,0.1306534891737371,0.32208921934011375,-0.5894230772270046,0.286745890266711,0.1334922955452093,0.4225503890265051,-0.3658464656802699,-0.028475982662457305,0.3600009266672527,-0.17391005297829543,0.6485007575533063,-0.07277521769695723,1.8155864607052794,-0.7510102577402918,-1.2744646735580214,-2.18194761312405,-0.15337854957710675,1.2364311825172265,-1.2230547852082743,0.26523878955464314,-0.6349010129031565,-0.7836627593783075,1.4052042983771664,0.8900450558838567,-0.14915238753551688,0.7201513320202954,-1.7584344839365167,1
0.2539261091402724,-1.0002850037016433,1.2649567105751005,-1.3378539916459458,0.05143177423938283,1.657758370862169,1.3688567630230115,1.063688138148367,-0.4534469560337877,1.5630390165735857,-0.5969566328868272,0.09747199356746289,1.5039728566206354,0.27789831161933093,0.2823757538838168,1.0338286021259917,-1.1960655563873501,-1.1159909855701189,-0.05406955165414588,-0.7955350412202798,-2.686025191442066,1.615557445683262,-0.41427675288161275,-1.5205612672122304,1.6146684855282942,0.43165780487638755,-0.3878560240844177,-1.5331731680146408,0.7196393592283835,0.9485149525414217,0
-1.3077883417473166,-0.18152146746321093,2.5868310834832564,-1.7344567395201766,0.642232357172696,-0.07112133031202665,-0.659737778484655,-0.5358964494623956,0.8898596653296632,1.1081084150825684,0.9319301847253579,-1.8043615448020607,0.5425356637897356,-0.08041460192992969,-0.14528023778114232,0.10680567005705474,-0.1441367526808565,0.1384591453164566,-1.3552442473896813,-0.001742462657129223,0.472542018947526,-1.2821556465651727,0.4671617882824325,1.4450818509489036,0.31208778922231506,0.18591778127144074,0.7812645194452759,0.33798181034088176,2.4845244369300157,2.332754845969386,0
0.9469704884112796,1.940914311322686,0.06923672514009561,0.09755945598372878,-0.39183627268373783,0.38579857315788224,-1.304419691243872,-0.9429664882484236,0.8211426591414503,1.1827509441455961,-1.1863928825728962,-0.7924778429488004,-0.3025873871519571,-0.5478713731565327,-0.7821783905456596,-0.2803551298432563,-0.9989002024584969,1.3812716236605336,-1.2148417859615719,-0.3567247213077933,0.0923561987772728,-1.9736480138116632,1.329318202428211,-0.17283483898811322,0.004230188708916365,-1.2322412032475736,0.4228355169473932,1.2417580622932758,0.6916796815220082,0.030789297909030032,1
0.8349140697372776,0.2038036890120581,-0.7583671627341362,-0.8396171791359234,-0.7918263447040467,0.8217406786688578,0.5113954112182055,1.9029031366466016,-0.9066033857759543,-0.3174900489096748,-0.39265069464755414,1.5921102282003399,-0.3446191070818801,0.7125142338223901,-0.4638774432795142,-1.0320486544934755,0.9854698915449009,1.0202719890969538,1.8808703668733213,-0.33894554711433705,-0.3626094285123674,1.5086608130511148,2.0007181581742146,-1.743485387246572,0.38678100646575075,-0.6952831901029072,-1.6150970877368658,-0.4010557473174072,0.16429301398558763,0.09446639811740774,1
-0.5497207685207216,-0.16484158310343575,0.1325118949341182,0.11735815372968234,1.369052191125093,0.8861009861457361,1.0849191392915998,-0.5257757652127442,1.0123623435826163,0.05256726341176357,-0.6877903963375093,-0.09158824909163371,-1.278698169191417,1.9103979776998614,0.48568458633791667,-1.4241233314707265,-0.7725536652384295,0.10686313050127451,-0.7082268524521335,0.07424845435297786,-0.6752308648585313,1.7747435753932508,-0.011147866083794887,0.6345345945463168,-0.28399816202143907,1.8760209115059259,-1.2351193309419175,0.20738758901807774,-0.11985324447046125,-0.9594908479669154,1
-0.3454776691091265,1.1161587257383432,1.2476822214775924,1.0229567042942571,-0.6348258527946009,0.2182240748512517,-1.3718158327016006,-1.723164032012673,0.8001927709508728,0.9493743044498436,0.4414810637773023,-0.8729950057988551,0.08817261587523274,-0.3419160417623036,-1.7948312692207948,-2.104920473157878,0.12991918844646325,-0.1887116598317518,0.3953273068657504,-1.1115400968135525,-1.0041369390191655,1.199115074907779,0.6953325978783278,-3.3016232304492354,-0.8925370018850984,0.0007160614801937395,0.12245124051503593,-0.16645785252177678,0.5276904069172104,0.24006859668099864,0
0.16967664268947297,1.2735791414704067,-0.7166124410066608,0.15506382063829083,-0.5900184196210695,-0.19291395392146574,-0.25581170338337655,1.3850492636202303,0.5936893438893738,-0.7930678890998675,0.48994076689727,-2.689172379599228,0.45809427414397924,0.6273507668980864,-0.6293235727209373,-0.35101526076218825,0.6274819161095673,1.7504568698840135,1.3829077686841635,0.40870302395956987,-0.352124613778443,-0.44280856633558024,-0.04350511458051509,0.6395630521386548,1.5287606724056204,0.029833625604957902,0.18615650941313927,-0.4520105167259264,0.3309434552169455,1.3920523544996937,0
-0.8282477596455556,-0.8085399830723178,-0.2560747247379891,1.687081096028091,1.337900680933374,-0.0692968316036304,-0.38991240914700837,-2.33470140174002,0.28836807694093175,0.609688433837936,-0.9884120026287201,0.1899798690470085,-0.1271654241425047,-1.885677814794216,-2.168594217287315,0.034503524415653616,0.8487081376448588,-0.4353930946474298,0.4855641594917968,-0.21358599221025418,0.8371156681808378,0.9083332593761158,0.2618125391529798,-0.45621904062886914,-0.48937039179059333,-0.1454056488423576,-0.07605144075416488,0.06358826020683528,-0.31148424225598287,-0.09713881206260054,1
1.8544222344903754,-0.15139099122375746,-0.7871188561650412,-1.4250914379056767,1.9030230847806933,1.3415117476488119,-2.6046419307290067,0.3222368012653832,1.117969987483299,0.2663230852918795,0.7150661661878702,1.527830172360757,-0.9153060912036429,1.5727772337780925,-0.9636765399359402,0.8718061511685643,1.1106660623980715,-0.17707571679605127,-0.9421311634652597,0.8225717672445535,-0.05508298682781977,0.6477729656406199,0.40404986020431577,0.10703106675356505,-1.110421025793837,0.6215072462297399,0.06421203717312633,1.2329929142194835,-0.17280049393847563,-0.005380914194927197,0
2.063994627946802,-1.2292669268429885,-0.6525547626616238,0.18149396721199323,1.7434088374068832,-1.1017109242019472,0.29234675593034165,1.8922011424717788,-0.6698789220107776,0.011859465665326785,-1.6326257708371748,1.6325622508138062,-0.21020547873513842,-0.6580808031479921,0.09246841578910762,0.7007880778636849,2.1825646523492943,-0.6850141837129129,2.057958301758701,-1.0057740524161691,0.07083625758632421,0.8748407898521654,0.11599916649263771,-1.1200034564855323,-0.4002945417483094,-1.0952324775710731,2.0831404028027305,0.947278660514026,-2.4919464489841086,1.8023708109466972,0
-1.2548504328522758,0.9909228982254464,-1.0269586925702583,0.36888322476646485,0.15102374174013605,0.06121798613569375,-0.14052891874695062,1.1657844953565477,1.0907158078849835,1.835082722578403,0.3897473793148083,-0.9834436515217301,0.32269814359669385,0.18333851048305186,-0.7529299130828366,0.23416077151013479,-0.06367843093354461,-0.3870295824458298,-0.11540308322846665,-0.7768178703161599,-0.9984034582968565,-1.6100480109890987,0.8195799431257522,0.7716088294169222,-0.30881545025710366,0.4936470210507814,0.5058136933558032,-1.2067259945716933,-0.6687917478205098,-0.5220209522649174,1
1.3620942539721899,-0.4527557377259584,-0.9780507883131229,0.9471308520364775,0.29454603752902325,-1.49648861610095,-1.637764870129174,-1.9136588870049696,-0.7657801258995648,-1.9748466061822352,0.8131606274320008,0.6822041957792896,0.1332748902466046,-0.28737333722008324,-1.4782933428262253,0.8046269672731113,-0.3365964026102703,-1.5405436751480708,-1.4067981416540212,0.8869165098913466,-0.7403968991503095,-0.4336090507077261,-0.27453119547182103,-1.371087594300728,-1.6417208275910185,-0.4764314990046915,0.6353037932895873,0.06596330738962213,1.5899752393096052,2.0170997954591106,1
0.9517467664417496,0.5784038114680502,1.492371513566151,0.08770338824665501,0.4450032274110547,-1.258155273885987,-1.3784660108606503,0.49053424773461274,-0.08106319955355094,-0.21751226810949265,-1.1459915739472406,-0.2515677136913327,2.008296179749432,1.6478196474148468,-0.20631376872876162,1.0815135893033794,1.2077244343692786,0.21646619178611048,-0.37735812074205893,-1.123350210875967,-0.5611701897510448,-0.4517461884040429,-1.3077022997082048,-0.041583427783366954,0.6356590660649588,-0.6921592943228417,-0.8110726560819181,0.6589595003322347,-0.1200179526835391,0.622866994974076,0
0.0399151983144204,0.5598161146743467,-0.28576177659443613,-1.247926165493117,0.47290835018446575,-0.09375949728485963,0.09271255839423459,0.77988279929143,-0.16031859730650705,0.07741329053669505,0.1917974149892307,-0.7159871448464084,-0.4274880073959091,-1.0965554689259285,0.41029743956022346,-0.11072673665018055,-1.4588159351491636,-0.04665680858397262,0.18571576067902157,-0.3075423019137167,0.07689740141294325,0.17594006436039353,-1.6506016247472421,1.54572104510377,-2.5706480492220525,-0.8691125656986378,1.2928568224774604,-0.237510436617061,-1.4363389540896554,-1.3688489675930775,0
0.736281438160261,-0.24783935668018073,0.014610894803437805,-0.4686614732735126,-0.3307302127209043,0.12062093242885721,-0.6725279860828437,0.38628698825553326,0.6782304467848118,0.19265494405096215,0.4207835141243723,0.8506451382093027,0.3599323408582924,0.16669466932132046,-0.6229329000914574,-2.3680375640918765,0.5129562417826757,-0.4626918016905291,0.6677203169203619,1.1666542849059038,-0.1076798052563924,1.1553632995647112,-1.0120453614484477,0.11000867970041792,-1.8193271112959304,-2.0283240068462316,0.48436480931502635,0.6856896133263799,0.4477023968281824,-1.2299424248518458,1
1.1670401250611868,-0.5341300042008537,0.42663811327541223,1.484878204063689,-1.6137693998827405,-0.9291285502112062,-0.5295147166798544,-0.3124487038302317,-1.255564633864554,-0.25014557185793257,1.977383261702159,0.03310767149900436,2.0670895372299856,0.9246984265789564,0.3029180216115055,2.1816464830473783,0.5843914227664084,-0.20816877968687603,-2.362236279538147,-1.5355942481555742,-0.25699142616467696,0.5704726169108134,0.7479430902438278,1.4211012161440264,0.19008374036213946,1.6670611378279268,0.3620518241176312,0.24015087566896767,-0.08869077944268601,0.31592758543966004,0
-1.9964681950728203,2.1924880810424843,0.4189602480606112,-1.1080113989567668,-1.4166024611690804,0.056599604830302346,-0.04754527333673078,0.04292471183796608,-1.630733414039126,1.3904714153777367,-0.7217938800756342,-1.1597026691522714,-1.0705893872658905,0.31978265841904535,-0.6029593491219275,-0.2712113623749826,1.0114709006607079,0.26702409176580316,0.06612744425377536,0.01904107071047145,-0.42835252398902696,0.5178898960330046,0.7033777616133564,-0.38017748571399684,1.395866964630235,-1.5275150347948117,-0.3792183552689765,-0.2568985369677308,0.7420274947212796,-0.018856191892208565,0
-0.020315636343002288,-1.370172106911146,0.11366467603923865,-0.4205283585396469,0.3119721141185557,-0.18653625418719738,-0.7209887530831801,1.8322403157781062,-0.2138833033265799,0.7575110253290794,-1.1166652927022291,-2.01471807700697,-0.13220237764749732,-0.3224076484926416,1.4503895026558862,0.08102168104566472,-0.042694408402241986,-1.2581319565704578,1.037313931805763,-0.3497751558827513,0.6300640626442763,-2.216671632273119,-0.8888560920656544,1.5717600362689728,0.11001814246319842,0.35932524897406004,1.416323665592412,-0.5341501010715061,0.09147289127632548,0.9494820061301249,0
1.1991370325354491,0.16764066424454005,0.8237872469954926,-0.5157450839845014,0.6477200998126169,-0.025134436647838126,1.8349863166575535,0.0697466850210387,-0.23336628021922953,0.1585591534837591,0.9143878040980518,-0.21105988564104564,0.3263562576310906,1.7375711456005727,1.31606273182922,1.2578290294615457,0.005728000659271992,1.0602940877849485,0.2531118039511486,0.17605315611222963,1.622949691862557,-0.05432967558046985,-1.1422493197732906,0.8365026891213877,-0.0969066185134564,0.9835958408096421,0.4536780886341314,0.7660842297561337,0.3155141365203285,-0.5574528117992585,1
1.2331247407787116,-0.49004270261998634,-0.8009411706167148,0.1525290486686984,-1.9607288896584225,-1.1345681064457571,0.677064777714874,-0.4339748945777934,1.0171520056797476,1.9750200981696526,1.1167427244119437,-0.28364861175353073,-1.416225877437759,-0.7964180964620622,1.3158011362426199,-0.6625677260097199,-1.7601977053737827,1.4415525766704935,0.2752543370731228,-0.17142995390735935,-0.7506152543307298,-0.007802130663075356,-1.1990179163908747,-0.6937736538629257,-0.08696156870672571,0.6323914229218124,-0.372538446658444,-0.7423991752623273,1.0765283901393183,-1.6053349184982098,1
0.08948203507795024,1.1575420238024803,0.8112741146340685,0.9590452094145556,0.540200592350797,0.6961996895016194,-0.5955954266705185,-0.638513195328062,1.5793415737980507,-0.040249389733874534,-0.8736880253197888,-1.2975000356504232,-2.3717154813505346,-0.7651310957611778,0.009161634026158348,0.9513631710391247,0.24717338499247657,1.4396469867459678,0.7859246592620435,0.934434295198191,-0.6637534236707469,0.41596937952700036,-2.472565499993118,1.1167229880507499,-1.2852546732752081,0.16517652720665135,0.9924146560155038,1.091249974238142,-0.6779428472269665,-0.016710220725316232,0
2.0500942614664504,0.5689644526055674,1.5589424358015584,0.056914316308199424,2.9639596692067527,0.32305273992112066,0.12474841655754779,-0.29904841226599477,-0.39643827952461624,0.08949241771670759,0.45688861316692675,-1.574506859537301,3.0736523163594978,-0.8250128819507967,0.6542438931882116,-0.4526602707167954,-1.6104609560433054,-0.18764979895232647,-0.30772692851150873,0.7236233031051633,0.9151481927427082,0.8851882352466172,0.24767236596122938,2.466370444643443,0.9083590542003568,0.1792735089985882,0.29587114863426767,-0.6532938942578383,1.154921159042085,-1.0245679585186909,1
1.1689250570487064,0.7658519615095993,0.45517627036241154,-1.5627807857476255,0.5005550142578715,1.891149844341791,1.780986625343018,1.2128688897891955,-1.8917121788361264,0.7873481829902768,-0.31433333823588994,-0.21368611780688992,0.5799842823673671,-0.13914179374793373,-0.05026318070868126,-0.05638883369418667,-0.770960106168441,0.924318708885475,1.8663535339287656,0.2839368997210824,0.7123253800254988,0.47683450288553053,-1.8561885933453508,0.7721011592943927,-0.6557452468206254,-0.7484833926780952,-0.6762897976773016,1.9736255228236157,1.283766383304509,1.0397183780953458,1
0.38999556221384796,0.8022833262943858,-0.31457553652059983,-0.2687958083896248,-1.1201345508809164,-0.13454439473717178,0.891639221305823,0.6701542733228587,0.014996397997907477,-1.589803584469238,0.8848346254710889,0.4091157135456618,-1.7080805184012566,-0.5614058435800356,1.7140348655513955,-1.2515006563063085,0.2803544938370009,0.9354821652298884,0.456586915908859,-0.12883271817977363,0.44787531163752886,1.1629961460916438,-1.369139495917251,-1.6328987553129815,1.6613889791788536,0.18904949378903838,2.357684360215153,-0.8353593466431454,0.741009471378838,-1.0816337844577184,1
-0.26949499217971357,-0.28241090273604763,-0.9898171216801704,1.1402993475377388,-0.2786754798881556,0.018452950099383067,2.4923407864289877,0.5268569693697259,-0.7494802474596971,-2.2649102277777815,1.4648467601140764,1.0942059958360488,-1.3821467974265513,-0.13644392218102974,-1.1983592077707956,-0.23058889864022555,-1.0929074822062628,-1.6894981262021127,-0.27066038364327083,0.2730165108068258,-1.327062170297406,1.7204466281140633,0.9216542783030377,-0.8992540847961862,-1.5722504421875934,0.3402532326041232,-0.38265594467211356,0.5574516068624932,-1.8866047568306186,0.5943136702205353,0
1.0590521444097758,0.6928812233525116,-1.6744926451690292,-1.0657831198816428,0.0933537104667542,0.9244358705422846,0.6785849719203083,-0.03767380519651269,-2.3219190133659366,1.0220115898297681,-1.6227390703102844,0.9753583690481621,1.0598445223758515,1.961444123988497,0.29267905684834766,-1.0113800239477155,-1.7152052779261922,-1.2702400105183287,-2.048111722108838,0.3708134485982385,-0.3921389249366607,-2.0621425692933357,-1.3495372603568716,-0.4720922276195756,0.13311620400368696,0.7434018417684619,0.5698647815735668,-0.9995214324842379,-1.0746765946779213,-0.20383090117368224,1
1.826135915654791,0.03627023712698332,-0.18902628630363622,-0.4761624488132904,-2.5664531325873297,-1.239747375281916,-0.9812105046035274,1.0275351702015947,-0.7500796907252641,-1.996201088147171,0.5086543419017909,-1.079404015470541,1.3965153479478676,-0.09929732727280602,-0.0057184803184238955,0.2830754732777876,0.3499329692313933,0.9371836674056078,-1.1866771056107925,0.09630825406309548,-0.2777022010955576,0.9547604869016759,-0.4970905896933498,0.5872975666575271,0.3575930177099739,-1.2553007571589967,-0.7434124143974694,-0.21229086406151212,-1.0659243038997313,0.13040865345610383,1
-0.868532765494381,0.48980816409585287,0.22038896747032935,0.2629180778919802,0.43316243532962717,0.045936919035015254,0.41854937950581433,-1.1843531213729785,-1.28273648750177,0.8101245622669846,-1.591892687010479,0.0815753519446526,0.24574035164611718,-0.45210712244210277,-0.7703604580548173,-0.3813575181560974,0.09425584469238212,-1.801224403931818,-0.03937337825293362,0.8796889567693389,-1.314270484079835,0.6853964655978297,-0.025330487940553117,-0.05002478124462488,-0.9239300027347468,-0.23090189846525475,-0.25270311989734034,-0.8056930414959055,-0.6242815871813551,0.990909319410986,0
-1.3292285394560341,-0.6684619165839542,-0.6349481654651398,0.9097179249990122,-2.8217164182003,0.08573312724510235,0.48253542960576035,-0.26076283371719383,0.6370558996434265,0.3339036748531748,-0.48134483215521406,0.34602868974056766,-0.2850079625797182,-0.25844335770135446,1.246769417885004,-0.3615166725882461,-1.7079213427816364,-1.0802608627075347,-1.7997476469748177,-1.3867701849144625,0.149854787995566,1.5916317808313298,0.9958355613865179,0.0908867304049057,1.621406335975527,0.6306198960707466,0.6155996542383388,-0.7389405260406141,-0.5722118644022299,0.284783990622745,0
1.2033138540406845,-0.8468194253343492,-0.6888981976908487,-0.7507574120042386,-1.3315412086215692,2.112496998066654,0.2778661000714763,-2.1872004708323503,-0.8892106790461354,0.586692961761741,-0.5325786784723213,-1.3214305344345192,0.6676127084349847,1.1191583135038377,0.8904622451843909,-0.6384195580018274,1.088450003051278,-0.029532120295797416,0.19104231705019514,-0.3645644336379824,0.44948766157297243,-0.3378742830628423,-0.783144761648047,0.5517359719017347,-0.03346544741961829,2.1982496581069846,0.13941634257908364,-1.1098647888606914,0.32679718048774964,0.19485754838591693,1
-0.07395313845646105,-0.052141847516014334,-0.8188600069722413,-0.7893075098021413,-2.3973175237716533,0.47133714861016884,2.0232165997514207,-2.1575269590309736,1.1877084690364834,-1.2826264909471157,0.05741594523148558,0.24246057104869895,-0.5448082899135537,0.5684789779635997,-1.5811362502654869,-0.09001876857596619,0.159005884229967,1.3361081122937992,-0.42521140870174307,1.2206092684957186,0.36407320577436386,-0.5768252373284517,1.2932995219619512,0.2991920620476441,-1.1965368093231479,0.1872535161006303,0.21139497578219987,0.7579309563593379,-0.2829596382567357,-1.3461378788105007,1
0.06968024048318835,0.1591794358821876,-0.3271259390645873,-0.46152259603904594,-0.33920638974807055,0.04325596207290715,0.19499772655927577,-0.18243771855825303,1.7578471269466185,-2.319970801410288,1.1424546298604197,-0.9437406983490169,0.07470025143313865,-0.21721410905329658,-1.85762719230101,-1.0853576960035902,-0.766049195845811,0.1464306972882085,0.7346425017340648,-0.6197115912291227,-0.1982543254752305,-1.0350560618512201,-0.18293137166210693,-0.7900419557243715,-0.19473598926803412,-0.5098697486332884,0.34312363558881565,2.0585398957626126,0.1111902285094993,-0.24363034236382997,1
1.0814790291753191,0.6248273995562438,0.17739596093257812,0.03147160617357926,0.7375712581451346,-0.4436749159878537,0.6485314075404179,-0.11672759227915466,-0.04286195234152392,0.905172976757482,0.7817738355346727,-0.8979421612785716,-1.2578275813430557,0.9521746792637155,0.7165256518448542,-0.5420095887273162,-0.16242087534366292,-1.8188916199546155,2.991715227464146,-1.1147043452312038,-0.21013116213555727,-0.8734546233057956,-1.0793315510882273,0.4685121214683638,0.1664295344632714,1.3384276965816746,1.8480102005069026,-0.6302704663050152,0.8437137463059499,0.09391266932599042,0
0.18053651616400287,-0.18663226163285568,-0.40777214840919496,-0.48999253252552677,0.648750294687285,-0.06922265323032319,0.06958456118329341,-0.004951906394640604,0.32874470636433034,-1.5910761879703181,-0.32631010020472145,-1.3158462468012289,-0.8859727941279489,-0.9718908114416358,2.2263380325490987,-0.9701015519267797,-1.4940581780674485,-1.0364173700423762,-0.32132366239943766,0.8234789324838467,0.05189904482085914,1.3021329926674845,1.0032004255048903,-0.10764189002259945,2.3395750623705354,-0.5040375842665915,2.85857674888624,-0.7723350527153465,-1.4921187053556464,0.2771710150624669,0
0.2019398658538007,-0.2637308110776967,-0.008079890305974132,2.309304506073635,-1.7523349638664867,-0.17232723898827998,1.1900219177950022,-0.3182570177101552,-0.15025484474867712,0.03805122351476012,1.365710055266846,-0.0986204533539541,-0.42697559668318547,0.8259168488637787,-1.5890630142099913,-1.149599757189666,1.2120250101055694,-0.43823697435505465,0.18425838219197804,-0.6690777333263374,0.10814215764949009,-0.6344880748896038,0.1508511849195603,0.14116884337529956,0.6037088206502981,1.0865522676032664,-0.09242652197049488,-1.160613208268827,-0.2116025529087776,1.1421492175669248,0
-0.15375501673385628,0.16493658258236574,1.932374861948138,1.7991635438406892,0.7031497201156219,0.5952619933316831,-0.6161795202373351,0.07415312296820671,1.0374119776852837,1.9536145448324902,-0.6721695978674661,-0.2211555829457463,-0.32728910711255227,0.1620291569254278,-0.46818792910591767,-0.24537662308869718,-0.5224792760015969,1.4378677209215254,0.8473354662927273,0.21283414508687662,-1.2309733646611343,1.4166969026496687,-2.2230260334054,-0.3480117153991229,-0.11530901597848076,0.07108382579723464,-1.352215273694583,-1.190096051915921,-1.0113698498059274,1.0300901846620494,0
-1.1991593718587015,-1.5943113980849517,-1.0293575384198705,-0.18324105908654845,0.8780716855909025,0.5899437926350568,1.2063458285294504,-0.23229793732088513,0.1007343020594558,-1.2009786431051759,-0.7363369244886336,1.542244014023016,-0.6916050948953144,0.33121264841538595,-0.678541452372569,0.905850086743075,0.6699431127827894,-0.3798234061994419,3.4282667758312306,0.8615104684782378,-1.2442042678722904,1.190030166615204,-0.5416052536482785,0.5141461204056903,-0.6312943432046939,-1.6324922702742921,0.8798803025430924,-1.0879826413331428,0.5806760512320545,-1.1071035286970512,0
0.4237358369809204,0.25334401146187535,0.02215499025093578,-0.041696613108680204,0.07056662732069707,-1.960608347742085,-1.3929716132910739,0.2687723778753374,-0.8313842930299743,1.0617652535553286,0.8205131627463589,-0.8170842188569778,-0.5175417747727377,-0.3563109062893132,0.14453533569954957,0.9050265172090328,-1.440741067017768,-0.591471623029248,-0.24937908662576563,0.39064150826086136,0.44662625119649624,-0.2509392175170591,0.00989636718516363,-1.2106260288794986,0.10925290813856955,-0.9358109826330553,0.33657592340947995,-0.7947554463123276,-0.1218180935797837,1.6447520384389813,1
-1.6454456005870854,-0.8711280234655872,0.8154841900179342,0.12461074517988809,0.4341323088020589,0.8636685414686136,-0.3274921717314483,1.0055802914637346,0.23565490123310873,-1.277186162727645,-0.4570353129669696,0.6339725068047355,1.4369062619467485,-0.5580592623914412,0.13301449232532433,0.8089739063939195,0.9904559731739,2.405600157034574,0.7755569713303568,-0.6273067711881252,0.6209248046166467,-0.2833338613923961,1.4492678657372569,0.1671442030281108,0.8464438570750893,-1.091202753804059,-1.7256404273398578,-1.011035105734416,0.09059782925955048,-0.5423907120637828,0
-1.6845928552596439,0.6357278726761637,0.26550622183141664,0.11457312933909632,-0.22932017207979213,0.32390211206797576,-0.626563615983107,0.29018959583997617,-0.22996125014281787,-0.8510979623817464,-0.19164061119746936,-2.374433501692787,0.21769164303276256,1.3329638692264638,-0.314243164236937,-0.8014306952164357,-1.4503950877998752,-1.0720936618217987,-1.3575871272059756,-2.627735059565949,-2.3449314612598386,0.6171588310754846,0.9672136681361347,0.31587353482692215,-2.355459317720414,0.5271607255072992,1.0836831712848143,-2.7390596818405872,0.5806430574217151,0.6235855154925226,0
-0.9897643901853802,-1.3487156791874244,-1.6735650438560896,0.06171142491760086,-0.5769875288462896,-0.3584100488660795,-2.4067197374671854,-0.9930035005984994,-0.8294694908252728,-0.23035667015652528,-1.7195096859861851,0.8441219981402569,-0.3625523659257743,0.26511574192060977,-0.2480056874321496,-1.2601438263770515,1.631784378396538,1.61265417187166,1.1273892168210589,-2.3360749555787064,-1.2927001340191122,1.505185046677445,1.8914724212747722,-0.29251146952235685,0.380499106055701,-1.005762492986683,0.8750968963311138,-1.0528064817820666,1.1145090768311228,1.3677894434909899,0
-0.6121157160578989,-0.9225522181720855,2.308247164336079,0.7275899718782866,-0.4967328231796072,0.34324168070091515,0.043421573961815785,1.0532489365855116,-0.30532465202395204,0.5417935996060754,1.5265130379043748,0.5119004752093588,0.09282935051850759,0.12109586388254573,-1.2878655314039416,-0.32034057688421924,-0.2852939132995592,0.7847402182342581,0.00037450782395214083,0.02642910409664103,-1.1139176489521354,-0.14543278642630794,-1.4143659123369487,-0.1449626969997463,-0.10231650997760668,-1.6389114821796933,0.28217893970124436,1.1800413217622407,-2.4692137542923334,0.5888434728048594,0
-0.30880621209642534,0.8094416850397425,-0.5988194190863233,0.6131909990712638,0.586667507663681,-0.7849390294660891,1.1618549076387787,-1.6408374712149956,-0.30165973809884905,0.359475926192227,-0.8419583939140248,0.7448421404890548,0.5368720952504756,-0.2934922879526753,-0.1711682638452903,-0.877904880422092,-0.11492181571912315,-0.12668397021568825,0.9208602476776628,-0.7996384539976118,0.0518887292434828,-1.1046401773241632,0.1866582255839198,-0.47287693025928906,-2.312432610652652,-0.5922165802855965,-0.8065216840965508,0.11562480740733146,0.8082764869786467,-0.3189406976544468,0
1.2898322461463445,-0.368005098827485,-1.3973716233791347,-0.6045122794212754,1.276778483809209,1.07328327650898,0.1482054453866254,-0.0572171283511417,-0.058415190366517294,-1.054822355531455,0.14199365894465288,0.7515520306652317,0.5947245273841153,-0.18457184255812634,-1.2962126474232931,0.6316447066583831,0.5878398766155489,1.0352901823941594,0.4637735010478904,-0.8400221630649158,-0.6871363677883121,-0.1376348699637693,0.29531850366933315,-1.6609867630921211,-0.2148005219755838,0.5958328168797887,-1.0243032072448925,-0.2914311084099054,2.0613301188717097,0.9385974054967169,1
-1.2242637618354761,0.9271559727404327,1.160597752173049,0.7393031799751737,-0.859336215039737,-0.6406278801997749,-1.2824139816504216,0.6308095339301343,0.836107013568493,0.27434074765944244,0.4815937826223916,0.7939493820332757,2.0248780226588585,0.05009010033260764,0.6038210074328219,1.723973738748227,-0.12107479952799213,-0.8517204435113791,1.3567312564955887,1.4449140043621647,0.9987912858155491,-0.11897331995603457,-0.6091729189937877,-0.032236653536974774,0.8714260120783434,-0.15502967760558947,-0.9417137422305207,-0.46702990844078157,0.011863157196759013,-0.25344991759441277,0
-0.13228365407448336,0.019456782873304296,-0.0029608626502072195,-0.5226667279647956,1.0963632884116388,1.1766597932087355,0.6246827132296477,0.8561849141535492,-0.4431529667623487,-0.9955856960632988,0.7831080798207215,0.6290696074437685,-1.8964824333488022,1.1835398700201183,0.127014582170558,0.2086240123529459,-1.406673425903491,0.08514625863109275,-2.966948436579116,0.0949013501614277,-0.7944681807099787,-0.7275707788348184,-1.2883500879559766,0.20814864074989134,1.4202155449259037,-0.10144080429742719,0.11387191009991526,-1.1467362679179125,0.6784834010241825,-0.08276907170526748,0
0.9805334369120039,-0.6355892630142658,-0.8840879674802351,0.19517463120064873,0.0012599907584064202,0.8837090303811812,0.32259250806789475,1.460804081582988,-0.5930778910206644,0.16675433264212694,2.210592601797729,0.36492728992169976,-0.10745641931407425,1.829001920795432,-0.5603703053691887,-0.6346363015255427,1.2149672252121058,1.2374157475782612,-1.4625794860869132,-1.0548997214616402,0.5918788982320627,0.43144257952314086,-0.32946394922158445,0.8892895036498439,1.8462946584625197,-2.5561898539271524,0.8700587676701289,0.29557934393565094,-1.3291236458465199,-0.9335057448309677,1
1.8122898335887454,-0.8542066738972631,-0.11942160338446789,-0.5733418804711181,-0.3834519315498262,1.7668837493548035,-0.30594077683596016,1.1706549036765757,0.9890340635961198,-1.6439307286550209,-0.7404991517072302,0.7297508856165029,0.4832284398439359,0.44350217004151643,0.2617135070009583,-0.3536150990162151,-0.6334402578208814,0.038095739824515765,0.11472463663839472,-0.8463118319883204,-1.2771937934868722,1.9302172389519505,-0.8616067772630013,-1.3559835533666507,-0.5040671793021154,-1.5729525273876201,-1.3223280492681666,-1.0598230510797424,-1.7746305532404194,-0.04813988168967572,1
-0.1895729192055339,-0.7451254517765469,-0.6326183490561363,0.6283946616077128,-0.33644567419113075,-0.9405612018004149,-0.0066161803728960866,0.5968464322938617,0.8530730479860384,0.4146641308595518,1.5971350862565905,0.7731056956326915,-2.626483825500708,-0.7208178022408082,0.04430172976812139,0.038193399935865846,-0.3468075190043895,0.13755064046911755,0.046133389425419766,1.885115538810777,1.303919932728507,-0.16782395004179898,0.8414189503564014,-0.7919056970037228,0.15275214091485248,-1.4443190908388839,0.49247500976481073,-1.0500028284293075,-0.6387016869207424,0.2969725455034437,1
-0.4424288233366528,0.4626377988151824,-0.9890194694835251,-0.19240150413762255,-1.7937027422271261,-0.014945319020071792,-3.08198330999965,-1.6323469413496783,0.3055444372014223,0.2381463785845134,-1.3163080999609094,-0.024109509389028,-1.5894352153135611,-0.3555135249778616,0.027581400392945658,0.43313668417491225,-0.4475585021097146,2.2012875409724675,-0.1662061359923072,0.7512885068754596,0.5928190165603132,1.1727001451697263,-0.5467254611178732,0.008903998679014246,-1.0137643518250647,-0.007882210170586542,-0.09745556124585879,-1.588120656394519,-0.41501321086824616,0.1778995346859043,1
-0.5049215998735521,0.5276478705050592,-0.7494408891915215,-1.2750941436314756,0.7489011792044935,-1.2435983161116013,-1.061477093788706,-1.8943770114275011,-0.04581836622986399,-1.4457792898943829,-1.3475182137582034,-1.0734298271707063,-0.20400751767006386,0.2945770519519507,1.4709005539683768,0.3924120912058035,0.40555962966276704,0.4221233173182808,-1.5408024113873886,-2.028069428406043,-0.6065238786569126,-0.3307912856543766,-0.06755043299246416,-1.5556968263983333,-2.3124062021196607,-1.7521216339483603,1.0897680630141546,-0.841259233206712,-0.34080558409503103,-1.8074480257317325,0
-0.3677698461279954,-2.054680309217786,1.1626144709963298,-0.16816974366060597,0.09064976438752925,0.26513444586033624,0.8445188616072797,0.2810581024869431,0.9570345379439436,1.0491855132733432,0.03305856818950653,-1.1313461065923653,-0.08648775938888137,-0.8591097621910634,-0.749368254441317,-0.5751534348071407,-2.030425320403851,-0.5338612446026985,-0.6594516784618204,-1.6509681547536623,0.5424078354925749,-2.1123304972985837,-0.6854615865094018,-0.5405597195414071,0.33936598947385965,1.0803908652302459,-0.2077292671529455,0.10454316512946324,-0.3242849705117446,0.6237391248330347,1
-0.8670433631136759,1.2692891358032148,1.1287934917226958,0.7203640340482298,0.6456861144391204,-0.6194712971758143,-0.5809402783550094,0.801097095382555,-1.258600988098298,-0.23594484599830268,-0.3469674122037225,-0.9729997999155081,0.21926267756705825,-1.1823904325043484,0.5285523985118046,-0.4412142611596863,0.03660372083533391,0.7563717147397471,1.8892676597488098,-0.6610263641678081,-0.12940922671638502,-1.379467180224476,0.050845813059024816,-0.7378627288531516,0.5518514280216831,0.2826029673737195,-0.09174069040282386,-0.8334719651143221,-1.2104315440255768,-0.8439095289455816,0
-1.2375951309602382,-0.20799155441422976,-0.06125137801800115,-0.4535373065842076,-0.28103140141910243,0.10546351071172828,-0.8839417160880622,-1.371061941885263,-0.35559647932106103,-1.8478854328589147,0.5250517226135003,-0.04090389712411485,2.2168170542280454,-1.2143375929502294,0.5323239763897074,1.43525045773862,1.6002605843520015,-0.07930898513939033,-1.7010680984390198,0.3753495028196786,-1.3944902453603585,0.5497808067996257,1.2952636900209957,-0.17182229854384393,0.20813478420499348,0.66780136177142,-0.2264160122190914,-0.6479597186009594,0.1946529342781017,1.206880379335199,0
0.7993689143322451,0.06680011115678901,1.9274931406076319,1.136560358568761,-0.7922947822904245,0.3658435410450757,0.7379579776158385,-1.2240872516489276,0.09515248327764438,-1.2967209021788322,-0.860558988397235,0.27443266024569657,0.6808555552288805,-0.3511376841030631,0.9054180750042187,0.3528295401685075,0.6820726038412102,-3.478949635788857,-0.2632762500267036,-0.6533986653761936,-0.29148871165407353,0.44652347912574863,-2.2155417404478093,-1.095982031510576,-1.2352812557959862,-1.250728467006737,0.2277777079182199,0.05896090775448509,-1.079652609337159,-2.159311821536639,1
0.3385074846005323,-1.3758704481193322,1.0971117961481052,-0.43799810720947485,-0.13523038325931058,-0.7101006893195603,0.7923639984842336,1.2229826051024162,-0.916848910766179,-0.7825014043756732,-0.06292685514569107,2.1805079733284303,0.3078326150361053,-0.3601386499991176,-1.0304260088569475,-0.35209452080699233,1.7726427641581022,-0.021376676405514154,1.3995321814426993,0.524757726741597,-0.8359432323383016,-0.11099619508495946,0.32894506011653685,-0.5743077524085072,0.4583690399218039,-1.3013078672946221,0.25548153085041536,0.004574964213380983,1.0518050983943632,-2.142122701695619,1
-0.39049739523222066,0.8333257139073568,-1.0894778319385328,0.1522064532751153,-0.11483846965565184,-0.3937498894319662,0.8622370340978118,-0.8757411411936646,0.8480663323265185,-0.5508091243160694,0.986828520454422,-1.704022168534458,-1.8766647601591078,1.5880322329260694,0.12849025792779975,0.6679236014267333,1.1363074882023108,0.4738558177365666,0.2734245939221326,1.7187036844538781,-0.010591520064326971,-0.33597372778622503,1.1424395588937297,-1.4732182851999225,0.6754011379232796,-1.7483802048485568,-0.5216808169849676,-0.8145686970653793,0.012103396222577759,0.8951721710871161,0
2.391138994885322,0.19817243542894847,1.4458914006750387,-1.3729791900657444,0.2425166102767888,0.77120136623537,-0.5026760679861257,0.1399849600522209,-0.5202337775968796,-1.9106576529968153,1.3574200139973103,0.0012483878003144886,-0.27745898203630426,0.45939907069972286,-0.5901076684454493,0.768434251623089,0.17595882327625761,0.5421011111355972,-0.5193930103762174,-1.0716253233791637,-0.46788163512899544,-0.9870800759053364,0.5124019784406447,-0.11332368863693368,-0.6705802577298545,-0.8843958831808257,0.05638736466171917,2.3762541787008797,0.3032630594876031,-1.4355880082462569,1
-0.7293019401475468,0.4603642869179751,-0.5530526132851239,0.5337209676338065,1.2599748341744075,-1.8029815791338715,-0.016917948006337113,0.17366382376965517,0.6248465569384216,-0.04354194972764701,-0.6507559980893747,-0.9512106876767172,-0.24077269501321616,0.29291477909444863,0.5960150844936662,1.0875477946990373,-0.7944388763546812,0.11984656900281798,-0.3612460880953671,-0.9488365249131451,0.5640150808837994,0.33475003005924836,-0.36658803927108913,0.8604027785062166,0.6588986063481506,0.5074514683836231,-1.1422647884441741,-0.8989527138761596,2.9643423858042506,-0.11140716628830803,0
2.5853412550846073,0.5694888137318586,0.5115316999141005,0.21473587566626018,1.2779034779237823,-1.305781354518716,-1.0014760918011403,1.9295695000339472,0.6479317038836313,-0.4422364610786044,1.7697461590008183,0.5890583519561954,0.9702033081680527,-1.2396898015711326,-0.06911589243995238,-0.8277005611797971,0.13905183704056162,1.2171960537381752,-0.36129993932033966,1.8255450810556837,-0.6176060507889944,0.7056668183819896,0.7423242119823932,0.9766071080617068,-0.4222782331527469,-0.38023299169048475,0.2350754552805774,0.6070483882665456,-1.4875469168885151,1.1381955905354768,1
-0.3897861739053092,-1.2191979240790498,-0.2306205860254516,0.2262694262091369,1.8809387437410972,-0.7023381310134655,-0.1404836712290656,-3.010327181621746,0.07611505691550574,-0.30602011253548994,-0.7879168860808446,-0.23359066407146756,-0.036291411811216784,0.37695889553557527,-1.757232145568721,-0.07907297231195018,0.09826904446349363,0.4135262211839613,-0.09325916264849804,1.1270253000217538,-0.3980257364386342,0.9503209654399913,0.8171808455503404,0.5241943703699934,1.2577272269809239,-0.06041689801163401,0.38722860829260286,2.4844266118288028,-2.4446286551797316,-0.12228477461768378,0
-0.6751008103738293,-0.3927676023772622,-1.9581245772150755,-0.32273842050269674,-1.7527598496866776,-0.3800591224867008,0.638670660424522,1.5212913116563027,0.5309694295413514,1.0629665672566402,-1.0710268241958927,0.7614647258081325,-0.9128398543722908,-1.7800143809480695,1.9544639007329085,-0.5234636426819679,0.8846913214827165,-1.3088235933882264,-1.423813026062999,-1.247826127745862,-0.225035963432056,0.38188760522930687,-0.7495212677355233,1.9028492882976908,0.9772218536864465,-0.290230166526431,-1.190042158240133,0.5458116187606902,-1.3482670835075992,0.1297303305678539,1
-0.042245536695842974,-2.306281229090024,1.2097591268575862,-0.38125200424806754,-0.5277100133264274,-0.7333164160675752,-0.08092389831973333,-1.0147955573059388,0.1385253920322023,0.7060495639758757,0.5493891455099801,0.26688759378239824,-2.867202202633443,-0.25808695963447803,1.8567514586841816,0.11386780842030848,0.70484969434873,0.14269858921860712,-0.5948023811835675,-0.07367872348549838,-1.531337753235617,1.1643518800178,0.36026425888248165,1.3952651504040454,1.2022765031076597,-1.3234214478863477,-0.5298429179215886,-0.05661773866972074,1.1155519969466199,0.33109614819710836,1
0.2880502687405232,0.9265413268626965,-0.9098826832243284,2.04740721589685,0.015700750616984765,-0.16822872569691108,-2.2782343986141638,-0.11960845907429883,0.053926357822289925,-0.4718672626412678,0.9278892116841801,-0.21300820148341,0.0008267635821336009,0.43652123059812753,-2.1151459034972016,0.04080181584205836,-0.25699164957772586,1.526689439435441,-0.7324405697469021,1.362704385631242,1.1011355249812385,-0.7324362913614242,1.8981199306819927,-0.5617404092475097,-0.620181921804911,1.402919495814502,-0.6714804396495904,0.1587634429272639,-0.49070502089231477,0.04688452379623062,0
2.602460679829333,0.28958974827624495,-0.8021376299579858,0.21061508474562762,-2.091865308702761,-1.417277677613613,-0.8204181172021596,-1.1238362138369862,1.0612803125576473,0.80204972291744,-0.01848474082645488,0.1921324356922124,-0.8833361929195401,-0.5765947811883209,-1.6713265434339861,0.8754179694655231,0.0718047407526967,-0.2943144334309349,-2.011764094938979,3.0387941392890405,0.21652193965930736,-0.597476886625462,-0.39072492052353497,0.5426325675675655,-0.4564706524222857,-1.2455792197360125,0.3541063616208501,0.18875628394214095,0.4897547957141685,-1.2338754803431577,1
-1.1420458636738475,1.6193219973129007,-0.3831619560262563,-0.3214340912565976,1.018525568144085,0.13741441426202758,0.8987248799955083,-0.9937482124023423,-0.7973843413191631,-0.41057806613578895,0.7861713142228364,-0.695760981066578,-1.0059288681728313,-0.09332190996428,0.7805725797500312,0.859745460716936,0.41668534017150316,2.0975220542767503,-0.15440572140782138,-0.3125330938797553,-0.34949749780931877,0.8980213388153553,-0.06841595972301898,-1.3145168664087805,-0.8464447534997364,1.3802065496931069,-0.5910776401943983,0.1251601573471558,0.47284202613936316,1.3066437862257632,0
-0.4273707805319945,-0.5988295295609916,-0.044771223939964244,1.0886480038777597,-0.5293981023434986,-0.9053001918298759,-0.6112346227627908,-0.25794559357371705,0.24202435793980479,-1.6230985730184544,-0.4812389299744862,-0.02028820155680716,-0.11372264983368593,-0.7663629046293798,0.14758928122527395,0.3489112841935683,0.9013035280003384,0.3180943402582356,1.374187627655834,-0.3711268633226246,0.3799285109661817,2.033128130924482,-1.2202999732210236,1.292002401916278,0.8066948283556054,0.5261801184387219,-0.5585776936117653,0.48181607924396713,-0.6067211773860133,1.28655534086247,1
-0.7448433482811826,-0.9859729215806105,0.14101385503455569,2.4971217679154925,0.680710240909404,-1.1493466932353245,-1.4390607523530394,0.059710941029356,-0.5517586802263998,-0.002817153382796763,-0.9779260508912999,-0.8154040076139251,1.3231381997308633,1.6784169825016604,-0.7250930347550393,-0.486381213177896,-0.850545087760115,-0.242543738788224,-0.452806729899578,0.9495129679027053,0.6561515078447355,0.13156390662178577,1.4515272718657797,0.32416195833791384,0.3859921184623759,0.652850104316796,-0.685487588615963,1.4423294771015531,1.0367622823388236,-0.03728412839391143,0
-0.705667191108959,1.2079248414542127,-0.12356745477366149,0.3652592203759821,-0.19251534565282208,0.7093104196240949,0.12489553425039242,-0.6067223009035588,1.1965885860213983,-1.2329272155969162,0.5280805872368732,0.468419444490338,0.8329226610361784,1.1270528525514742,1.1890327764784792,-0.7201731767598725,1.0550508900167053,1.203383282480976,0.8503930519639956,-0.28209178690714354,0.048631374956229406,-0.812201350803927,1.1341561504734694,-1.198389573994838,0.6281123694844192,-0.4222044904393802,0.11286097683562031,0.3826185241058373,-0.8247097975213191,-2.7795301099836167,0
-0.8144220466459422,0.24620821155243963,0.7996610135580496,1.6249156942801226,0.47058125913374277,-1.0230296567311061,-0.2378194372542833,0.265213281823022,-1.0665673780699898,0.37029179050081384,-0.5745602597903674,0.6956336315238371,-0.6958008539239668,0.13963641466541502,0.830791062759097,1.2227587405512754,0.1376378255154716,0.07014843684296221,1.3819925531796218,-0.07969875541002609,0.2262220261537447,-0.8718268335350289,-0.42916178266378474,0.3778617669786317,2.8008796726615444,-0.692724551660642,-0.4038890906866205,-1.3933623057563793,1.1147944600834157,-0.3515768492260318,0
-0.9117342250070573,1.656886294860592,-1.0218909755471897,-1.4036467064276563,-0.7346144235779508,0.180095512952823,0.8223236927576617,-0.9909353232913095,-0.011220343477275522,1.0192606109110587,-0.9952134661234832,0.021034994006386632,0.7302284049785963,-0.6221300948027241,0.23593869930026015,-0.5710634816064886,-0.18460660928668232,-2.2911759299135377,0.6506662203774147,1.8495644166559828,-0.3630474296785947,0.4264842459429788,-0.1804853610843241,2.345274111659897,-1.3098860816691573,0.5241609026573405,-0.10156684907137269,-0.7642807390001881,1.5258486056891942,0.109367824330572,0
1.1018005487351363,-1.858889977963181,2.1252435400973075,0.16427431383215832,0.0003408126257548413,-1.6055663791400643,-2.1362205310504088,-0.6715400760543846,-0.05420862635570795,-1.559185477528386,-0.6228277597792351,1.4826253939131315,0.6085513919901345,-1.2347638581382656,1.5440394716452281,1.8320253675888813,-1.1729222901562242,1.7106174367100355,0.32570179960457546,1.3316758796080501,-0.5538470549694184,1.2410923514638448,-0.8931549060722157,1.5072012430941175,1.1211578570020546,-1.8444937140915936,1.4634648658704068,0.7061130433121591,0.2348830554518352,-1.5646504080371475,0
-0.16932871303642702,-0.14903813539719885,2.124676599808919,-0.34918824366689477,-1.400415317018525,-0.20441235401288982,-0.6947452841754392,1.6216258585704197,0.6271664035498903,-0.19577803389609805,0.5961666848987309,-0.4109670151097291,-0.429207919454866,-1.2991189693467642,0.3748937872329713,-0.7294475488812581,-0.4868759676654194,1.147640615100396,-0.09824789253441739,1.1810249487213849,0.4347971213740684,0.907445003837972,-2.3011096596980853,0.13508427613609386,0.18163111706526192,2.4971973181790035,-2.091907092033647,-0.4001860460794259,-0.15395485773454554,0.09014258533026952,0
-0.2778340028848488,-1.6626766895311236,-0.8502592849186248,1.8910313473975418,-0.26635554171968395,1.1063386094622987,1.6548450074343537,-0.608636134550379,0.9974258888826385,-0.43773494632547033,-0.4465749248427826,0.28609993028161,1.5706420165856647,-0.0556709093703176,-0.4952356771249756,1.016878140423297,-1.9476752350986508,0.7789375517595138,0.8079074826989778,0.20759915040463656,2.0498410234676583,0.4654896123240904,1.6570383470417904,-0.174027075080309,0.6912587833017053,-0.25432675917344116,0.6293660961053738,1.2042450808599807,2.209811729198292,-1.6081963231047929,1
-1.0805064076821997,-0.12071393704324128,0.47259251568497146,0.20102333680304227,-0.7634558023139228,-1.0933215585514404,1.3179440620854916,-0.10168596581592898,1.0266385480003217,-1.4405467765881677,-2.0484745409359766,-0.05032052393518146,1.3265639801314406,-0.40037226437489465,0.7342380472904665,-0.3545218369445395,-0.16285868355152774,0.3992321215766271,-0.1064426837023607,0.9661926094470313,-0.41398600472453295,-1.603143014403016,1.009259902183901,-1.5060167339258683,-0.8476799248277509,0.4595481911777622,-0.7131033770887506,2.025005569416674,-1.5118151640495334,0.2973657271285041,0
-1.1428987461223477,0.717134720107133,-0.9230554066199516,-0.29486656494247654,2.1537222246582095,-0.792849851878568,-1.1942733204859388,0.8529786327907906,-1.32103058364763,0.0379585654074783,0.948708454720984,-3.1855678122191224,-0.7362353217768196,-0.10349364172478773,-1.6160976791727035,-0.282039397641543,-0.32169911685886365,-0.44754551991892655,1.1068092754130958,0.6047443953881013,-1.106106176483564,-0.29381398313781704,0.40318985223972614,-1.9150357305462482,-1.3919075524462665,-1.0919287069837118,2.958104924383917,0.9281772019663272,1.3477852235285988,1.6059531905557929,1
-1.2268580564018146,1.3776693779796896,0.8870807622585214,-1.0412320444301906,-1.7266468682904077,-2.249984634093516,-1.0871237038586665,-0.5953463398020115,-0.20150708090385144,-0.9051978585677228,0.931195478311728,1.4975486348311016,-0.5477037788911882,1.3775105026413696,0.3724764059600224,-0.16290872968917464,1.0785496379283999,-0.28330080035500216,1.4762966153146897,0.07669744333371728,-1.583827570941262,0.6645929387392991,-0.0033682588593279008,-0.19723389130871807,1.2547666363422585,0.05943032332011413,0.292748978350409,3.26062649851876,-0.40601102891496116,-1.887952187984135,1
-0.13946177267007162,1.8962766376814726,0.9843738894862617,0.21347883692268746,1.6918287305197341,-1.5726140756677625,-0.5173310315022649,0.9056980031671958,-2.0182711924735055,0.1996805833612902,-0.6928511975938489,-1.4114885333796539,1.3559640563890856,-0.820667765207363,-0.4007768292329402,-0.7622184842223994,-0.5752482935649226,-0.8188164502443892,0.6726666461409441,-0.747576517215707,-0.05826639308816733,-0.17158679949237826,1.4967853221751297,-0.9786451187839427,0.7793722265292302,-1.6653229409545234,0.29148409707108897,-1.8858582665101344,0.3847177302164846,0.7192300140473291,0
1.4680435469359912,0.8028120336177077,-0.40391568404798367,-1.2080196251609852,0.399306104558721,-0.5818784085273799,-0.7816087643185117,1.1469239002765321,-0.6163063195838144,-0.8136622192606472,-1.6878361754339606,-0.818319453264063,0.42017503425687003,0.6554171318893823,-0.03978174034760076,-1.1172458365847477,-0.09357633125076742,0.8904311040375406,-0.16129209885178394,-0.3490389071437712,0.04282821590724642,0.28061747009666616,0.7791179718226825,0.9481677112918474,-0.7540744094685851,0.030790981333673667,0.5488377091515291,-0.3931610739456825,-0.5287309008980456,0.42542835047714456,1
-1.027702208655142,1.227113231927161,0.591282541032043,-0.598042894240555,0.0701826490965624,-0.3619267893625188,0.4590658946996838,0.5475053328257691,-0.2983173075713814,1.419852056463454,-3.1324376133500027,-1.6764379202152904,0.4122933638482128,0.5380991843742993,0.21690995642987734,-0.03404282378929806,0.9578836488287009,0.0035633264522759826,-0.1580838973465923,-1.4776289256558874,1.0111743287276185,-0.24212300801984257,0.14337990179712629,1.07832445016294,-0.2803649611399339,-0.5619463817678668,-0.6942775584796569,-0.013863882398774605,2.140811305951219,-0.4697596005724936,1
1.727329135188697,0.04582627755085566,0.33566945060322895,1.0636462123371144,-0.7111673073557591,1.6037482484408836,-0.774454558763706,-0.28829157982395737,0.7784271306838605,0.395895005358639,-0.2728735790582164,-0.05764810706843055,0.7141761100584804,-0.0451589995612458,-0.8331788429021134,-0.04873127807368206,-0.39159330127253433,1.0111671867071776,0.13456831052713378,0.1642678897122722,-1.9898910264323553,-0.18642588735718804,0.4986487541694949,-0.46582767659923485,-0.6085014293820359,-0.7106471446656706,0.028673099274508385,-1.1286697027985952,3.447808177569841,-0.812527354093424,1
0.7575038887194755,-0.40601491927146444,1.0976629911741245,0.8595841092892227,1.1120503547037146,1.2456767947559313,-0.2442227930992329,0.9960951987507394,0.8626391632030384,0.7443185928123222,1.1635213588825586,-1.8956177889648216,-0.08482291498448519,-0.43441897325540774,-2.008521606387706,0.10601213861345472,0.6958757409482764,0.5659140621297224,-0.8257013906229935,-0.06283577623290447,0.6262623665430729,-1.6482047204516015,0.5952330528488816,-0.9423379650141337,0.8129343699047761,1.162702503812897,0.9604718462452313,0.21079096227808766,0.2834198043303382,-0.05873076754847351,1
-1.2258773307150745,-1.9317570466868146,0.20152580447681795,0.13670433235940035,-0.8554471873559208,0.10471741834751452,-0.9715337373371505,1.8466367725315664,1.4872360585195168,1.1305782594823375,-0.053439260710264745,0.9231684325902249,-0.5189332061339959,0.2977098852762439,0.17127107060509844,-0.5292096287905799,-0.1355800839929886,0.10018189852257692,-0.5689047920182464,-1.4735056314615549,1.1636337223792979,-0.6821227640147718,-2.2998274206866287,-0.49234668276061544,0.030799797423489015,-0.04061748574101177,0.45792689762294,1.689973408868035,0.7195685010031496,-2.409398588291291,0
1.2903814663584257,0.3774733848337536,-1.168667153208543,-0.1451424460245251,-2.6175755228980555,0.16117304057824094,1.0033830490580407,0.447313426954632,-0.2892187364381065,-0.6115142693861915,-1.384414521644454,2.1422049178026454,-1.0654160373027823,1.4346303325962935,1.237204874802371,0.42765367715583963,-2.5590271693381728,-1.0194346319751106,0.05347637294750362,-0.15358686037994665,-0.2547377926381587,0.04317211569976828,-0.9812174609039033,0.5299108652079233,0.94997107504856,0.06899326871503679,0.3242613420528081,1.0673875035705327,0.6818450451612884,-0.35354655806029284,0
-1.111060101882418,0.13746225674652698,-2.367012211367107,1.5702205950740895,0.7397128199626491,0.6501778424504107,-0.05131213104007936,0.774685169218008,-0.3366898872938103,1.0504542652881201,0.7611953160651139,0.3890129237445535,1.268199646687957,0.9521872307817858,-0.8464733159547585,-0.6393622701195003,0.5024838105273789,0.11228514038567333,-2.5130877256261286,-0.41470636012945267,0.7891862807097386,-1.9527016921963514,-0.8875213684777191,-0.20083036267507584,1.375738213196337,0.10009599312791202,0.5479715986682578,-1.3941999620542944,-0.7448900734988145,0.42866753567919763,1
0.07450924760547799,1.1906625951516903,-0.9003725874894498,0.9994094417652255,-0.7595613991585408,0.19806722714050737,-0.29452734427810084,-0.28698605244459613,-0.12322764122955665,0.8052709277857268,0.26691830945323397,2.1761202926073557,-0.4520982008035675,0.9304887825560223,1.1319629733583962,-1.3466525316437228,0.6765185784753608,-0.18987666237321216,-0.12639580289455507,1.3842172038877696,-1.0605987478037493,0.055019224318562286,0.38364471937931305,-1.417275581663653,-0.002031254154771647,-0.3628769197869445,0.8984258398175949,0.3525600564873738,-0.7626542759182088,0.20778513062191925,1
1.0646335125902673,0.590098604407252,1.5040048655108151,0.6774979263420102,-0.20545487729590797,0.5300403605462413,1.638884477245896,-0.9630504428456204,-1.1333794136477136,0.8522839852486338,0.8417144809098593,-0.7955528389643469,-0.728526832552997,0.5846580892309117,0.17397481743317716,0.20470684992056282,-1.420347443745042,-0.1515546978279778,1.4158997694560629,0.6333492270098796,-0.04142173536092591,-0.8408455811336533,2.0518246880009414,0.4443534307638707,-1.7031750812067743,-1.2193580174107639,-0.11350654674076677,0.5238076248785155,-0.8518708053427647,0.328871366096921,0
-0.03571655605068383,-0.514946000050477,0.6010947393674927,0.5861488622920187,-1.2247792701619273,-0.38027284551117624,-0.5125233355539495,-0.97491442226639,2.8459949698675224,0.1756819254383012,-1.0694431083635336,-0.1274055480198444,1.1668866750341882,-1.5869178025765833,-0.6516620294887655,-0.5658315598764542,0.05270335874594932,-0.724984856681253,0.3540301606252005,0.44979624886066444,0.12115228230607963,0.6467577640979829,-2.2221796188728473,1.465590972731143,0.7596357107679199,0.5855692366142506,-0.3499916067006382,0.793975304128935,-0.5418110053250791,0.3063527968121208,0
0.7253666798920454,-0.9602447187098425,1.3975238760063378,-1.0743521013815287,1.473694783718916,0.12429865875050558,-0.8612072332626941,-1.9023138742276675,-1.42988389745044,-0.00917290687637298,1.642088435845259,0.5800155329360389,-2.1565771599587427,-0.4503716674631248,0.5544711631188984,-1.461711304094057,0.6062285960539082,1.0733618398948912,0.1001882130062608,-0.04345307548717522,2.273964231625144,-0.9165942373282981,1.4305490641057335,-0.22917160970112527,0.6586108479056973,0.0946788805662888,-1.7612878399391347,-0.774180452021624,0.024161060247413234,-0.3014582580459334,1
0.7935335593264673,-0.2295839556554134,0.0310081428361114,-0.024053638676464602,-2.9549597172050985,-0.5215214568069093,0.370327563247839,-1.1475575529268764,-1.2252280898612955,-0.5593582037460696,-0.6729868922475873,-0.4116657951535006,1.0951852350962916,0.946389379962698,-0.9914168356352062,0.2172766248691496,0.9190471228656646,0.8565283013149668,-1.4380508552504803,-0.5778787334484692,0.9568325964201516,1.2674714157373548,0.3957942732048084,-2.299358244463168,0.9534162231061731,-0.7161339216171162,-1.5837134250763478,-0.2401745470453947,-1.7186527179574818,-0.9697033634436344,1
-0.46631338217392465,-1.4709023590460548,0.7098239817189118,0.39689338608795904,0.25622054862432375,0.6404476621240607,-1.3164759640971586,0.4042550804277471,1.2069643226221103,-0.5517712734617783,1.690216150993381,-0.7772535756355713,-0.6371975341124338,-0.026270955330110528,-0.617944833846614,0.1974747156503897,1.4202233196393756,-0.6402777073718534,-0.5422649058958819,-0.24430319530576708,-0.03965550775680957,0.3095797375991955,1.1262129156993597,0.4729603886738464,-0.30037513851897607,-0.29809228128393345,0.0994216509763631,1.5107331644303097,-0.8834374979326147,-0.6724492574307003,1
0.4051787460604359,-0.5519148244991878,-0.4320885739946877,0.353097416208432,-0.07014109434592206,0.18120844782984183,-0.3684099675301574,0.5765622481453031,-0.5646473183477113,0.3628671254505986,-0.026452097767544053,0.9666131049607884,-1.0551790449554,-0.32005434545943634,0.4694867046440046,0.3131433885302011,-0.9279326425566399,1.7068826561472465,-0.8819041976909234,-0.22067410099314477,2.034655089885417,1.6445565657392698,0.16126457870930344,0.4429689652236515,-1.209337490032762,0.33307903361280744,-1.0244539055559874,0.03693649608983492,0.07282099864877527,0.7160589227116267,1
-1.0692553697323834,-1.0645859903295862,-0.7584220904463744,0.49868379963793275,-0.17825208337786075,-0.4273250850463994,0.8489838637293741,-1.4719561666622707,-1.5324180461880792,0.29868511089236116,-0.8068555871698971,0.16215979739547925,0.17707203237181474,-1.490390433505288,-0.4407835196001355,-0.5555133058208627,0.779419874537063,-0.4791048636417351,-0.33142490452977935,-0.4354740815568181,-0.9777918284217711,0.14970620134039855,0.8915138079056606,2.239851662428548,0.10835482022845959,0.6263883641797596,-0.609361653998184,-0.104837383120007,-1.8888372776963602,0.7655611873381353,0
-1.2616533737268705,0.4248018126382686,-0.2872300613619226,0.18974207877023141,-1.848116974665263,0.8099626893775186,0.3023832007093386,-0.4199767512516559,0.5255683240122984,0.01755043186434778,-0.34133554527279447,-0.2572922032748534,0.5076882092333906,-0.9938291332242131,-0.060686521671552356,-0.4294232439669925,1.5071514954048895,-0.3416787751689698,-0.4545096535815659,0.19083106571687203,0.9346666813085183,-0.38085100848876124,0.9774072867729846,-1.2532750083026176,0.04117875068557748,0.6593825092648417,0.9889852340017625,0.7241997943965675,0.4623317184700363,-0.13333264150037896,1
1.600464900870765,0.9217694122993934,0.6099555739270754,0.18000309915636298,-0.8773209866113226,1.0737736805418547,-0.765277979633775,-0.08480790650787441,0.2538416707032587,-1.0439864826603942,0.6726865467401062,-0.6884966812357273,0.5485094326909681,0.0856298981088552,1.5255475718118428,-0.251962958017272,0.2753876859095793,-0.0702935745676618,-1.3061039427931431,-0.12121870218115348,-0.04883434082210187,-0.638694594778733,0.04038499204489876,1.2419541667113034,-0.8622812993941111,0.18856994579215122,0.08250643187220104,1.2921141769628652,-1.3952334791241947,-0.3227631815926886,1
0.6781893349761176,-1.8372279229725603,-0.6583151607564419,-0.4699076392264396,-1.5285102720234776,0.4586931837870293,-0.4997437899620934,-0.5355623926823284,0.0019705412280332625,-1.389010832114311,1.181225040638837,1.185117544186824,-0.1502694939376867,0.8763737523107111,-0.26794181040787185,-0.13615961818448757,-1.8100514114386896,0.1413004439452402,0.6057500023873965,1.146604753478008,-0.32498812743736294,-0.930311320641358,0.44569157731936737,0.21626242426810283,-1.2926050915840273,0.11571532019440334,0.04818201964265879,0.33261724113473673,1.203175808542575,-0.7559722691483665,1
-0.49488448233252963,-1.2519805418016867,-0.7328547852918101,1.647164220621173,0.9863906540062622,-2.275448941189524,0.30677554550817815,1.7444369944506621,-1.807552064262803,2.601651990866852,1.0011345823996673,-0.936235663655461,-0.8595126277143347,1.2100546263877014,-0.10589248578890977,2.213183434744615,0.29615741101598514,0.09151603578611445,0.540245174556638,-0.3363304902980927,-0.23822944032379792,1.698691836411769,-0.42664138457353196,1.3285714243647053,-0.8808733130208637,0.945122705014563,-0.36530132883322114,1.1897021621743422,-0.8539025289043306,-0.13843272975888363,0
0.4155007758319512,0.6863099718495111,0.40417002408951974,0.3693268176259062,-1.33241321577194,1.215642219466943,1.2338953682400537,0.03650708990717314,-0.7668027267791201,0.39153243233362056,0.5717812239775366,1.0839826716639807,-1.0453436506531821,-0.5201184865171791,-0.7753922358063624,0.12827841834969367,0.24937072252103698,0.10463364756274357,0.4425964787324248,-0.0953914487378186,0.9262971447346343,0.25780108248477945,1.2371312932061984,0.26426302816128977,0.21547704881615484,0.26913326063588344,0.7271810855393754,1.0267118587169821,-0.09242839792716177,0.5442762033109155,0
-1.7103022247403001,-1.406956600244501,-0.2578958363526407,-1.8611387945920896,-0.36913710340810624,-0.41822924458801153,1.6742932292460098,-1.7476990329897013,0.05244043014854451,0.3898929611907586,3.571466039090015,-1.4566715069271723,-1.18764788377748,0.2788157288663063,0.8354722129502048,-0.5929324615534999,0.016307212231879222,2.2070671126407126,-1.0478707108439465,-0.00860017589041567,0.9481214540293068,-1.4994507546828817,0.4406008432739857,1.0770232114097285,1.0856360290166647,-0.11049044699637997,-0.9842743810238972,-0.7109270626150721,-0.498464584387385,-0.8209407355608681,0
0.4960868126366917,0.6417803592566341,0.49472330488690097,-1.3077635551405344,0.6431474655390803,-0.40781541829131884,-0.42152214647878095,2.283481692750262,-1.0489010291668457,0.365219100049513,1.0280186085912106,0.8910747658135635,0.2109229219160836,0.01742453629957956,0.3580562772778607,0.42953517217289605,0.29921844930886077,-0.7730050502106349,-0.6581057291679641,1.154533879799893,0.5578013397432363,-0.6634946487413106,-0.15861255246076525,0.6371953517496872,0.548649833669937,-0.5274628179869274,-1.5238001775422203,0.13372436282912414,-0.027624373588799923,-1.409091758719723,0
0.07490633318490944,-0.4421530328192327,0.9353295450970786,0.3655471128581361,-0.22246916279283435,0.48698913104217856,1.263848701910751,0.42311905608077727,-1.2194793086538025,0.030761636081817086,-1.365545931412686,-0.500795390387984,0.6430799044602776,0.1663446724973719,-1.4235775700482596,-0.986912795958379,0.2720509692593365,-1.4117431607817532,-0.17323805721287056,-0.5905198536934266,0.00173834481843905,-0.8686324117908685,-0.14782992105442277,-0.8365071572406376,-1.467230884040092,-0.38395196955597877,1.4527833639023644,1.1332686440911197,2.0951111995303044,0.13437986562451143,1
2.3282405967028494,1.1002277340588849,-0.8488479558176489,-1.1779092804334037,-1.1632719094499677,0.268735107805937,0.33468105744433024,1.1026355980272875,-0.4544955744351072,0.06342055375693564,1.5675013772028281,1.041075357355741,-1.2529952516167753,-0.5534402639291282,0.42467620539571255,0.03278086922835433,-0.08093569820557665,0.36566551794757357,-1.0671041944263648,0.8036194588918564,0.9757109513680574,2.027487711332304,-0.18911934019606785,0.7710809625176922,-1.187549143326059,-0.4550843628375053,-1.489868306418021,-0.8885422263256282,-0.32618840277018907,2.158973587166258,1
0.30603325832221145,0.1324654956562611,-0.8603748418597273,-1.0880990527759498,-1.1603322254565482,0.12772675907057027,0.6139202426862891,-0.3577053347087695,-0.5957924042383218,-0.4817327893042288,0.4581520752398619,0.17376122608030456,-0.664986919447528,1.0863641925790308,-0.919211305032264,0.5333400969086463,0.39903003668661813,0.1989664154159939,-0.007997837092266882,1.6997281559986783,0.7031002235184639,-1.037818346615843,0.7003998416028702,-0.238629908659136,0.6663467872635256,-1.397784740278238,0.16199381750031788,0.18391892045180933,-0.9051816701663367,-1.8821784762382476,0
-0.6392470267227632,-1.3998750701652516,-0.03562775588908752,0.9573652122160482,-0.5778694193633965,-0.15643534284197705,0.8679037663349546,0.9728255603558383,0.4630647495333635,-0.3361190414721083,0.29725863326391994,0.03213132847925238,-0.5561312914188059,1.6192727107477636,0.6084144033379975,1.2367557937502631,2.02769289055118,1.2293203991074146,0.18001251310303285,-1.1807923097018085,0.5538062832302532,0.5202622112732483,0.4539156996059443,-0.5370479606872701,-0.12832339447703311,0.28116650933706,1.5014731241736723,0.4967533561350428,-0.33976130648876546,0.3895649624527193,1
0.44991378084680234,1.152805065126145,-0.8617385991557022,0.013626163692599095,-0.9064683997277684,-1.0133977152477671,-0.6402780356515148,0.09766793440408396,-0.6726124614501647,1.2127385121093124,0.3615332597791009,-0.689519863460795,2.0473881594571104,0.3607674120357693,0.45567514509972806,2.017174034411372,0.6414141631546573,-0.5817472132329249,0.4071601474386246,-0.21243732727195072,-0.06032677755900693,0.9141786203276233,1.0346916480735686,0.35360440087220174,-0.36308251296352745,-0.5077121425769858,-0.7663434648630425,-0.05909731381997809,1.0965954326706402,-1.784115977459633,1
-1.157563395236468,1.4671319786150379,-0.17420460162367973,0.10343085389494756,-0.12210761821203579,-1.0683250650808542,0.7326600575154403,0.5104368524392061,-0.9549141390710044,1.5177586287680236,-0.42912250769640586,-0.6962952192285028,-1.9510825244514036,-1.6815064515111573,1.4069186715009554,0.44108643506855794,0.7670444007620163,0.46882626581484277,0.2539923560623896,-1.350147150615932,-1.7865974818404449,-0.8500303114954342,-0.3631915205662698,-0.29490975293379534,-1.250970902208875,-0.4553218182287969,-1.0028568200424468,-1.2125689311409193,-0.8481828160937472,-1.161904525768579,1
-1.558703286986749,-0.5759569065422039,-1.5488507979157513,0.7446330620065188,0.8773261525681304,1.100746848642973,0.2369058606226864,0.7384155347457838,-0.6936202296560343,-0.18898147923279804,-0.7987938139839977,-1.180619465276922,1.2341166995266937,0.10253090300610723,0.0974128029736359,1.1390041305867382,0.5395406751021361,-2.3819836735290085,-1.052323480035595,0.8242355717378034,-0.9248474060469548,-0.9314471966074356,2.2421543667403543,-0.1394529866091784,-0.20901705611634672,1.3437308725754582,0.9337990539468054,0.19543632760806734,0.3104964637221575,2.0644387375317734,1
-0.3236768294350019,-1.4741213893259617,-0.5965115246786975,3.1862417665510474,-0.1380530595535742,1.321630133440873,-1.7851835347788418,0.1505792769989053,0.2726668687384624,0.4648316206053143,0.9612086671968261,0.10308189285896181,0.8402787328509553,-0.4136806742632523,0.06355675353623147,0.5349795497299425,0.21335463844846023,1.0771841693818713,0.370379222757201,-0.41676593203904727,1.2515754865186695,0.8514717064061583,-1.1550407521241244,0.11423360337329697,-0.6227054255599829,-1.047001722545395,-0.27215197781583644,1.8117345090959667,0.22365536759308347,-0.036859822184444245,0
-0.5837358085026382,1.5712412877461466,1.733346359888251,0.7583534970685112,0.3405392382463328,-0.6143966964508155,0.37425121072079953,-2.714890900018059,-1.693032818736429,-0.1612742334519967,1.1390471191014664,1.6133980596260855,0.4700577638066003,-0.466090337237747,-1.4876327930846003,1.6601752434261712,-0.5049717176066243,0.15289988427526735,1.3291635839751081,-1.560675020516689,0.964936811236139,-0.9435371006831658,-0.6670252892982317,-1.0221623257461134,1.0285585615453827,0.41123472066431277,-1.0971349604961578,0.6291980192592981,-0.796331066689214,-0.1863553782996594,0
1.489440502017466,-2.1095341625564483,-0.3636583389463893,1.7849866504289185,0.3481638575451443,-0.9619274912303066,-1.5872355567377159,-1.0862331331019721,-0.935044682472166,-1.2194520884781341,1.0285644668135099,-0.35526602059117346,-0.5862525906758418,-0.6472662945749678,0.28188619599175924,0.6493488693526478,-0.24203229017140548,-0.9488836399429547,0.8714200397545132,-0.058727318061279045,-0.5366256549395418,0.6915020849447794,1.4673806468671375,-1.1376178504947039,-0.15676187131630298,0.7705528529982145,-1.3457116997799872,-0.22153800595849724,-0.4340071223415032,0.8450249040497342,0
-0.22271163466739718,0.6856313325011038,0.2145199153135124,-0.7580021941511301,-0.1808329077675503,0.8394054362887057,-2.0460476959928515,0.1330510096318059,0.23246826640514032,-0.2520437141793536,-1.4177960327294012,-1.799867759992572,0.9898992813513482,1.5808159259675398,0.7887726961556801,0.18378566952137737,0.20699835167285177,-1.0692457081361468,0.25497954565269604,0.21323348484886875,0.11195192943310917,1.457006234181735,1.4100639311744387,1.5206367740723774,-0.3665023307578482,0.6618182710851248,0.7689864181388637,0.1541778788641196,-0.8563415872908537,0.2677773246093755,1
0.5260177332680751,-1.1221281572798818,0.00806452806262003,-0.2356053862960697,-1.1412152772969737,1.5035886674128813,0.645231686022423,1.0013730788575148,-1.1389732882532477,-0.16468444976573418,0.680921220980668,1.354697157185398,0.9516782055767448,-1.827227861024416,1.286155010707452,1.210564309389339,-0.33382174280690763,-0.3737021911122846,0.0031268579344281254,-1.0404834726888748,0.40996779999369065,0.6612198089009321,-0.02873633573104619,1.0512490766687563,0.5352604626944225,0.47145159742606785,-0.8340116901097119,0.0900035210205232,0.48279598187205847,1.8028024516451535,1
1.531369821063671,-1.4031308377082867,-0.8622748601045704,0.7323652075901879,0.6169663481908411,1.597828494206357,1.5945419546492046,0.21264371330464274,0.4983811767473185,0.15339653401656725,0.05154683789008436,0.9115375767321043,2.26687537493798,-0.30073767455854805,0.6889634252276232,-1.095073013120611,-0.5312745969040968,-0.6091389258390002,1.7163994487550078,0.2535662835055516,-0.14992240756631864,-0.8991275867784647,-0.10780592435816701,-0.28823647540101577,-0.8012835427319541,-0.3486843491480136,-0.055625358620123765,0.30931550217450865,0.2928597976336429,-0.3946320172637815,1
0.060794179111669545,1.0450299513242423,1.3539243399066059,-0.2902190535165262,-1.160855773629571,-0.6611371124776748,1.181816361454097,-0.7812605700210783,-0.8245744450974356,0.9236994330980516,1.6482084376892827,-0.8421202642396886,-0.09233409175581948,-0.19977875404033552,-0.9212643955145708,-0.34663735608139973,-0.6145295441646935,-0.3373925461426144,0.7324036616949556,0.9281764928485106,-0.4807958328141493,0.18649737317704518,0.5500560276499198,-0.7864798513408707,1.4245644461371931,-0.9090931506414707,1.2918331321987921,-0.8562752362802284,0.42129627227473493,0.8601505924823979,0
0.6936186000624283,-0.0751704734327676,-1.4127411882961434,1.3639536458422523,-0.06069125336246181,-1.4786866064457302,-0.02570127478993923,0.002044925030227624,0.17644634433741893,-0.5066939721026725,-1.0534459413189021,0.944397435448861,-0.2141654706396575,-0.7211982101713049,0.20852738739498555,0.3757307554351704,0.521486934489231,-0.10655378506448322,-1.2656242243675244,0.668088939005583,0.18163681139293347,0.5996386843495254,1.410935591626602,0.29568997612142917,0.6177485917018066,0.7588323664631751,0.6231902403604861,-1.0295671425770472,0.48254933060744876,-0.35267423646307605,0
0.8956402688495032,0.474863233601232,-0.1818692122698069,-1.391630594305818,0.6094796757131128,0.819253865797514,0.07411009353765982,-0.4191820097183285,0.5558453466392562,0.3570453209889282,-0.8516253818315583,-0.7365684224613861,-0.6838988839413854,-0.0556105502844436,0.02442619872032246,-2.8466958558541258,0.7304812273248088,0.484672161732103,1.4120259790018075,0.5381139184861264,1.472219948623768,1.7123541990905318,-1.5094229730288595,-0.6119992706732497,1.0521185294876954,1.0903232678677122,-0.707923610507768,-0.918854597435862,0.045359801039778457,0.6264728499209195,1
-0.13482232681448716,-0.28534124035736536,0.5423291334467636,-1.2474314970343272,-0.1978647164676075,-1.4224507259664854,0.015275463144925542,1.8282887854939178,0.195077143932986,0.8490937546180128,-1.4836772220233463,0.16836810670533764,-0.5213803123998708,0.15587742986880848,0.333318982042788,0.7446131920528283,2.347155659595984,-1.036544581177754,0.3730741140290944,-0.6857382368853093,-1.1997662835210163,0.281353461484785,-0.7762828635012599,0.06974574409713061,-0.8314214391169457,0.4703372375895285,1.0137468521021573,-1.817248556287498,1.0061533098297943,-0.7011862209685614,0
0.14360694586908465,-0.2817981713306845,1.9465001536692965,-0.1872212969173665,-1.3208777882288445,1.0800432325185503,1.3827329983066419,0.5199422925993105,0.7954060027669118,0.054634474720914754,-0.6426121026354761,-1.351175490394056,1.5346660031413106,-0.8514345144144355,1.2242705705053132,0.47736895643377536,0.5803633369652378,0.201582649813418,0.37501252376384636,-0.3944061575764814,-0.3752289202972953,-0.6790567350965969,-0.775882933270664,1.3624294903735483,0.027885777312910812,-0.4732487082938642,-0.9090400366347252,1.01763925408876,0.3101704844289604,0.6369313015726933,1
-1.8315142385356498,2.1185294063932156,-0.6592553047251136,-1.278593871093001,-0.788062983626493,-2.0431318093797928,-1.7520977398557243,0.8848713378426094,0.32621775417057425,-0.21117307971655794,-0.6468152496716533,-0.8024766977278907,0.539785971186727,0.6957176527817616,1.7482736232306102,-0.23055062609503107,1.2227371607760804,-1.1089758542260162,-1.2312407364720672,-1.366279401299047,-0.671295652936334,1.4853695236157307,-0.14776843004155513,-1.223055331789971,-0.32960292857978735,0.6575080669784317,0.2939851822772115,1.0939387509961558,-0.15855317586834797,0.01650407150732832,0
-0.3459021576258158,0.08628274875274233,-0.6133934801612904,-0.9449996757979513,1.388298202050342,0.2058692132981579,-1.4423078690787838,0.40445346253735526,1.445957860097488,1.0620509121764958,1.2884112002371129,-0.27799119924814414,0.7284915544460268,-1.4860451393510932,0.9401668964903738,0.1964682503096374,-0.2642178669466649,1.8350438082300728,0.4641815772874582,2.1171231467298393,-0.03547467487517477,-0.6722626336981581,-0.6966118932434824,-0.4379438836603247,0.6166068238797501,-2.035252260175911,-1.1410871668349252,1.1324925461252087,0.044965368790508664,-0.47752142333494485,0
1.9264856761857556,-0.04142162344857202,0.7573414385738462,-1.0908724649159283,-0.5558442238870251,-0.47699349082396675,-2.3627749231159734,-1.777474321373623,0.5771612464848194,1.405050981816613,0.48152239631223875,-0.5845195141910312,-0.6374880018811693,-0.2744790821507941,0.15225353492175028,-1.0764231533588815,1.7719200152574979,0.10577570623440805,0.6789695273927173,-0.229460274555279,1.1637197296670871,-0.7853239164770536,1.156853895867762,-0.015182593598555151,1.9287959493190943,0.253180231973176,0.29927104079877737,-0.6094455284570524,0.17490717679763562,0.8347639532846973,1
-1.005564795170524,0.8349428665507824,0.10717170990023417,0.19871427607902994,0.4976107940578399,-0.05445501673518296,-0.01741431597578974,-1.343871676288205,-1.2609258604481854,1.1500420723221607,1.0436419690820689,0.4680541430955079,0.5530890516420828,0.18657427477504326,-0.49852985389288484,-0.2262864326525295,0.7860396138426433,-0.48468875789920624,-0.5155088352780316,2.083366072081003,0.40728139710051897,0.20066184796624498,-0.0006251006420288984,-0.8345289874228691,1.1793014116863418,0.818061880804402,-2.2437140837977325,0.6296775169056179,-0.3613776850141667,1.1994785753244745,0
0.9876097397535347,1.1996403778042593,-0.2833510743640211,0.9973317462277997,-0.3495193013344899,-0.7613115427498665,-0.2837572290177364,1.5671834071019244,1.0521880953220668,1.236122340665186,1.3768737432709592,0.8157419946361791,-0.23862238303894168,-0.9411556531623135,1.7241012929405337,1.0743847772525157,-0.2322586935910274,0.3145571975160494,0.5073686174184235,-0.2734558812835315,2.7483608468474987,1.3035299864610377,-0.14250946589158198,-0.5132708856395914,0.06352693917709312,0.037289083518267825,-0.7101850361370037,0.06022580686429294,0.37872009603731244,0.5017347366037374,1
0.7152142190211198,-0.04178617073209938,0.9869356276268538,-0.07921930014853444,1.788548690327261,1.6976658389444843,0.5501348541603109,2.5358524254171515,-0.18657100219402334,-0.4332821406976433,-0.4310178163489961,0.5288164742771689,0.27092469242825334,0.8631513615428998,-0.02825970975854649,-0.5850298821132381,-0.491699391171911,0.025451040574970097,-0.3404704667760221,-0.6019778217599802,-1.1698939816414313,-0.22503134127529706,-1.1093836494799671,0.9946093159504039,-0.9568452579616251,0.25322478904855267,-0.174636355424008,-1.8391200805310193,0.8930728207765122,0.3399917542577159,1
-2.003597279824673,-0.8330278339706988,0.6673664871990619,-0.994370512672602,-0.7639971340953744,-0.00611454421859472,0.5338816767705832,0.17081780697178298,1.1431870545905591,-0.6504097369691615,-2.031029563194482,0.4640444653497532,0.3096878171675096,-1.7643319853416892,-0.015928796627289077,0.4577258999828279,0.0524226219508903,1.4783995332959634,-1.2091564917631175,-1.6565472540314523,0.1405625875209534,-0.7057019110025016,-0.750608987122734,1.3001606865532833,-1.5916966390707878,-0.28360321441218533,1.880952157022718,1.3158891502872765,-0.3060576250349759,-2.082039398262489,0
-0.01481677399256859,0.18708525968045575,1.244461175143957,-1.3037860570637096,-1.150497211083554,0.4737443546455746,-0.05638701294873123,-0.7849721547984307,0.21783329165253354,1.382914299451952,0.4630561411587299,-0.5384780652729273,0.34446315281295686,0.6804940003150096,-0.6634090314074095,0.9219172487448168,-0.2306639093170672,-0.14286665174678864,-0.6872245808887866,-1.6843673194635256,-0.14702625966551597,-0.8217727535350148,-0.8105306945696025,-0.4117579241873141,0.7057554232334983,1.0058920123652466,1.4176146582879847,-0.5539625886367376,0.3777686919130817,-1.263080322588104,1
-0.16272133777254552,-0.19397010447563906,0.40003961915553193,0.05346251763410701,0.16115191572783538,1.414667105533066,-1.2325792420234813,1.0350817071400038,0.7777663012394553,-0.041883503269002614,-1.432910119328994,-1.8002062613359415,0.4012481841033148,0.18487065832870836,0.7201050583358063,0.1541281650274379,-0.5625241440702068,-1.770839219074225,0.714406080460175,0.9391189368903082,-0.2544712461518352,0.530929089791115,1.824543149041353,-0.7810394366943412,-1.7338250728531541,0.4765352060934036,-0.030033115648191305,-0.328857145707314,0.9040026590918533,1.5651993138329747,1
-1.2885831551290188,-0.7060367578835847,-1.2543400878766386,-1.712743199740674,0.31122684247087273,-0.924142317669963,1.8919260551811137,-0.14742514166318255,-2.033994556740063,1.2322512857389736,-0.05052897299895158,-0.7092335408946626,0.28895998121894073,0.6970644214226719,-0.5277028885111348,-0.11628624250813102,-1.80759923849242,-1.582910782140934,-0.9860619197845144,-1.5004744894069617,-1.5336420499643593,-0.9438638139128801,0.11954689528714006,1.0158722391291222,-1.2609314630538038,-0.2783495498306265,-0.8226352371548283,-0.9411223257422187,-0.7280046371656962,-0.22000090581621803,0
1.274275467472998,0.11753254177067703,0.5189156153560871,-0.15992880333080303,-0.14441559959214334,0.501708759678502,-0.32515260064064105,-0.8190246156371188,0.3933435312857951,1.1012569531363932,0.6981736339006906,0.33175651299518216,0.22623380623360048,-0.6068584302835107,-0.8859766764118867,0.39742298495138134,1.4145812520424323,0.8677866537225362,1.0582236099957785,-0.7179437618544102,-0.03820702771790709,0.4008576371903774,1.5753978616600455,-0.11565609544987873,1.1455432908503507,-1.1950511431773239,0.3487947871410926,1.5561363689781353,0.8216308630939549,0.014584145254968773,1
1.2832386913353209,-0.9309437352651023,0.758757044978535,0.6833180892379178,-1.6666599955046737,-1.5590814936053652,0.5630378369751006,0.9095888027194408,0.08546037983058165,-1.3103099865550498,0.9250723109469866,-0.03598843660354123,1.1507550345841626,-0.6172222877298287,-2.171373034050219,-1.0618058690830188,1.0718284298599574,-1.1178917167191125,1.4644344792178141,-0.1870808040505428,-0.4239243427053393,0.72829489095351,0.12815622283510925,0.43699169551423356,-1.891677597710416,0.14394448771246496,-1.118715104843349,0.6203744405878604,-1.566136362431444,1.264018677097702,0
-0.8517767692812543,1.2528121226120665,2.1557193030641453,0.9887045713134514,-1.1318430980700953,-0.6181110727192364,0.9061352622314773,0.26191358911713486,0.15582524945363013,-0.5608918846768409,-0.8762691876412154,-2.2151890596043304,-1.309704609387194,1.7243640811821015,0.5063282807706719,0.7771479478194393,-0.8463736482756389,-0.32535307230210647,-1.9206627152831512,-0.05168543276124047,-1.5955475728588575,0.057328435896175305,0.45411428756351946,-1.2453308605530025,1.4311366795353313,-0.8167622706908878,-1.1403817170621158,-2.094751564812643,0.004073329803383396,-1.4839215292022174,0
-0.552418733949325,0.24736682395249193,-0.09186958355644474,0.6341386017679087,-0.5399371723386289,-1.7383216103755263,-0.5439006812190154,-0.8619537006942747,-0.7128143273935611,0.735783976702554,0.8762369950648414,0.2461758352679995,0.002439697609158279,-0.2526728867515221,0.713227017545688,-0.8688874600365986,-0.1620431366601623,-0.30014515975512346,-0.8940720715285492,0.22533308698323834,-1.2134545965741625,-1.650032781064888,-0.7630700519729726,-0.8485076042683729,-0.43826990019206713,0.0741470286556919,0.17150099410549682,0.820833484293399,-0.8043342022128495,-1.6844445391707539,0
-0.3037994896663824,-0.7318091687534952,-0.781415127193505,0.5210037295535506,-1.2111530217582345,0.9214248307794295,0.07123774340409023,0.2805665130825842,0.8612295790329625,0.4077687411782147,-1.6187858977748788,0.6606759860122613,-0.1795830111177497,0.3000883900846103,-1.1222135904348178,-0.6620921800808276,1.639664365332003,-0.31127564647929196,-1.119187507418623,0.6997922406658932,0.25731218455276617,1.445410176681033,-1.0795044877583173,-0.2635619706045537,-0.1771093224900595,0.55123742843986,-0.602150811987713,-0.07202841292710599,-1.1273732997756905,1.0171867429023376,0
-0.9881644594719204,0.9205601564285727,-0.2404921583861869,-0.8826847746921648,-0.5824759899178893,1.591905035873893,0.406775598467671,-0.252820371365004,0.565156519222813,0.4508981610892799,-0.23877140531507865,-1.166234861182851,0.4524146683428307,-0.49726222765468986,0.8005801089371095,-0.04448999552745268,1.840017347266724,-0.058360931471720986,2.6710813983743673,-0.18729367561207394,-2.3439489762421486,2.3282313983917398,-0.1461882720828147,-0.343505631037686,-1.161199527875649,-0.440708567115175,0.47370144247603624,-0.10932000551840938,0.5300234604808256,0.8292201949240025,0
1.1278656293991265,-2.5678248622235667,0.033042748562072656,-0.9648670395289556,0.1545210026448402,-0.8727663152048367,-0.8037481005472886,-0.3843501617266168,0.0956762203299274,1.3837499887689626,-2.1220989070651144,0.9658718864327246,-0.024094161062106545,-0.899087076901685,1.2910005706908727,-1.6330310803687496,-0.003454696729196983,0.6832197621781844,-0.2833423507838132,0.9069515374534639,0.7329261439708654,0.051157405195125634,-0.96502216481957,0.8215472531488712,0.5629048901060016,-0.004915900486203795,0.04793829447722993,0.4277241560136452,0.28542776227092886,-0.0864321169938836,1
-1.300088033651533,-0.13314631559797763,-0.4504568635931955,0.972618731117593,-0.2232200003670891,0.034713984846833655,-0.8401312136349938,0.7541664771615003,-1.5512984702536003,0.23785329094873894,1.0577070826643296,-0.21311153266652808,1.106412635300409,0.24818278169397298,0.5451897205510471,1.0050608451091938,0.8128434145699779,-0.9404515386965276,1.0584628259884394,0.34503195383504054,1.2879780668532723,0.5781874500673037,0.5494972819891157,-0.16859120696513497,-0.9336413921382749,0.6078446069911088,-1.0297498291357974,0.012228547654437148,1.5340121447018698,-0.17972537108573322,1
0.4579012434012001,0.5246908829996965,-1.0967530833733583,-0.03889128451611533,-0.6009950550448574,0.9323344642519482,-0.09828984508996982,-0.4408549660654498,-0.1370671305469914,-0.8467513066822624,-0.9005884979920926,-0.9149860540544527,0.3246593482236509,0.569437184783805,-1.0942669118850255,-1.1095399466690008,-0.11736991414891315,0.5541813327989425,1.3910257448072325,-1.6520927136971923,-0.25267077687838474,0.2849311882980622,-0.7739032024070526,-0.14850327872791919,-0.975464957654297,-0.3511860459485175,-0.779435943798293,0.14374446335337718,0.4727548101190607,1.6140252033743205,1
0.7114532698940582,-0.26536431662514265,0.3126651616013711,-0.020992151289561313,-1.7166430693733068,-1.3387177206433027,0.5263730925145973,-1.3249936554294672,1.4375471171145298,-0.7427694147240934,0.43302430789651125,-0.7255555001996127,-0.6010235159845198,1.4532286871414801,2.7252502995758703,0.7694179858843678,1.5882480813533897,-1.3370958641453823,-0.33457613897912525,1.6285263408682715,1.638217805406623,-1.580466538962593,0.052364792668328636,-0.8159832936008781,0.248421895122768,0.15453891637021697,-0.24869726693973482,0.8506959759109561,-0.843374882323139,0.6680466371546644,1
1.667715677715685,-0.15700966121133392,-0.00941842506636045,-0.5500393669480645,-0.315556227514166,0.8949141819731703,0.4719944796558733,2.157557157815026,2.5995044683142803,0.2181764419821126,1.3248673622740013,1.2001258104913037,0.3211775047266974,-0.016826481064332096,0.7488875705782447,-0.32074090486377516,-0.8706601242432978,1.0161183979243484,0.16553027042296323,0.822166221428376,-1.9948204537812324,1.1895169225783924,-1.399796108338679,-0.1172261207511179,-0.7401721724758636,2.5651644309717945,-0.7414175249394578,0.35740737098738146,-1.8326542920786124,-0.2616780184272818,1
0.6442676379749347,1.0435393540095699,-0.4215088856394288,1.180476137117965,-1.2666617983099702,-0.5685385265466192,1.6300841163423156,-0.19863275844436143,-0.2695098680429358,1.039545417340986,-0.20171509417823605,-0.5823489268329799,-0.459154890032847,-1.9018111709615813,0.5253640890443537,0.5888200943999456,0.5313920193486497,2.1841242078064003,1.884598203584302,-0.3627969704972141,0.3748241723770508,-0.13927336772756285,0.5508980205670938,-0.07623232214044273,1.396113639031277,1.2275038178356295,-0.6409463827051584,-0.46696660069986684,0.3190358301393156,0.4325714436715883,0
-0.9732199359766083,0.2903611091783011,-0.052833412183997355,-2.474968898240924,1.0224969385231657,-1.2702174838246747,0.19638312486017778,0.1372743304944111,-0.9597925880703706,0.6857133223293704,-0.14569450907561038,-0.05816928287907701,0.43450087861180153,-0.4222481210618096,1.8167703166268818,1.688576856943432,-0.008169773274120884,1.9278531595989143,-0.6926453873131057,-0.6219795757349489,-0.007499492480729278,0.07569095605540341,-0.37704233552356686,0.5582592527613511,0.042088637835121075,-0.3095147587157424,-0.3123677532078133,-0.8203056782756387,-0.08316863266684325,0.2730345666064715,1
-1.0263023786316137,-0.10679280827873132,-0.6852894489382397,0.10063759366485818,-1.1215185735509643,0.4936259662049395,-1.2109591031483897,-1.7135005112592832,-0.45906810666363024,-0.8805638643408813,-0.01563890150666756,-0.7698895106821401,-0.3388607522432973,0.3833528361477084,-0.08939183804585854,1.0728774591181036,0.3869392174355132,-0.4473388254846232,1.9127990340978052,1.3312765767567993,1.728862194024333,-0.5353930018695922,0.28111811338754467,-0.11776070681794448,-0.4289543620826354,-0.8184988067277332,1.5866684561339792,-0.8009912994635368,-0.5579414811578668,1.1253543912203527,1
-0.11139263187808561,-0.7017823357225283,-1.379897806462397,0.6660667474531102,0.05886311419723903,1.027535849139813,0.12437110638917157,1.0256540595462877,-1.1372184637226668,1.4341052761394086,1.864584562478621,-0.8140044636180628,-0.29643355976649655,-0.28106120939375684,-0.4570698824869046,0.9077282233379063,2.3759466294328004,0.13063330983967564,-0.08593048080276196,0.2793836756242305,1.650968392702025,-0.8139693342582259,0.4393890888234724,1.184111214021919,1.1411691731039666,1.3306935458773095,0.991775840169162,-1.0736722008172883,0.32579924369898705,-0.1967926615566073,1
1.70456956543298,-1.4225166510141996,0.6282021349950146,-0.5658871865833193,0.04851051776786965,-1.2635482704721392,-1.5849674484119043,0.5995221670753166,-1.0607565584891259,0.1471040977281733,-0.10168439753342084,1.1742940087714946,1.0542406432692895,-0.7109777562726406,-1.7616994558043828,0.4793844485205189,1.1823985761527716,-0.4459135365292366,0.3719492651093351,-0.22504006364273998,0.3529998951707717,-2.040897916332907,0.04316213500638138,0.03968543162256634,0.6074922739614215,-0.37984984519093756,0.9740509976100157,0.2247908598037393,-0.8598813299430427,-0.6200207904687411,1
1.5495422041249953,0.7567875123507134,-0.15627313942768786,0.7529903454283745,-0.4035910236852926,1.6896654441915275,-1.474621317463671,-0.00795362776767934,-0.41082475106319205,1.8708500300892807,1.9652419005281834,0.9966306393165748,0.35847859982074415,0.38526059298814835,1.1082329661453583,0.5592044745202374,1.401563230200695,-0.03630854842152628,1.508885805644052,0.6480142268396523,0.9503342476550954,0.8788324925242442,-0.8637534799187961,1.2266185878145424,0.8155194935039464,0.20884389914047946,0.9987307437142197,-1.4405636020585615,0.20423050459658615,0.9148078018758387,1
0.7888141612058979,-1.2234478117070122,-1.4309854717640487,1.5053746690100422,-1.375611367342611,1.153496178936235,0.23517519335968398,-0.42294568605051935,-0.23026611266368946,0.4028159365278038,1.2240354034746745,-1.3728016587379763,-0.7182509448580052,-0.16845552293471555,0.7980323548791864,-0.1017973448934447,-1.9379965754905104,-0.47552732866164626,-0.8285203666391928,-1.5674678783621532,0.3322044423539744,-0.39614543691095877,0.6887625850700883,-1.6104156999401504,0.27066433074102214,-0.15433159999467563,-1.3355667520112762,-0.019765611507358248,0.425322305283977,0.5645839828218389,1
1.507511909135302,-1.2529302472949972,-1.5624142530637122,0.44646113189842646,-0.15881128071559655,-1.4460816250213306,1.1864411483572719,0.8192582789090034,-0.4079450756175357,-1.7859399417035797,-0.003331846296448099,0.02164859032320932,0.69344242219259,-0.17617353141173064,0.43587605067210916,-1.1083083383764931,0.5934148080881918,0.18475210631808606,-0.6040746492683724,0.9129038198543616,-0.949343113287565,1.5975840644933732,-0.3590309558051888,-0.09908449430397238,0.3413657550753761,-0.31194287333338805,-0.8786335148601734,0.20372447528889376,0.08033915599307465,0.10589979208070698,1
-0.9658823730450261,-0.4116630423198836,0.47125947235249427,-0.20062990606800735,0.24273542923066715,-0.9251301290902105,0.3808497502227934,0.2784387923061656,0.4678804287664025,0.30092349761827003,-0.9096942800985267,0.047066633014072407,-1.436931476833583,-0.33979373263444623,-0.7651908113680727,-0.22469687845911634,-0.6990954868339515,-0.04272058195772325,1.2014719530139417,0.44674232720107326,-0.8962845788708685,-0.17132269710221515,-0.38740872042809027,1.0187895034032206,0.23277706997261927,2.3388370155004057,-1.137019489975075,0.01020266169373255,0.5513813607487031,0.29688887833817235,0
0.7078220612413232,-0.5685685049885432,-1.4886823908614202,-2.029411472488343,-0.7234817175509698,1.0945178342429787,0.6752571079766708,2.130447730580347,-0.8764894512964602,-0.3662534371037309,0.11330389539456164,0.7294282947926827,0.12508166691175474,-0.2878096642220133,-0.4148003457798534,-1.4857614901083533,0.9139495148727748,0.21509310727082195,0.43190924650062984,-0.6104138604400307,-0.32358087368303423,1.3716206552705152,-0.1048473384070694,-0.17266130317107908,-0.11032362241707297,-2.1385084325062356,0.48494390302653184,-1.0046317324803433,-0.5965646279226441,0.4100456296633957,1
-1.4225799976864766,0.6549755396045711,-1.3265936784721484,-0.0816535852475301,-1.4878940072781277,0.45229502419781753,-0.3664853227733648,-0.5422484270734137,-0.9762613452044151,1.4354337405852262,0.17698109711731133,-0.24632622195118004,-0.5460627448584423,-0.5795881926653007,-0.3141041911374985,0.5563876787673592,-0.049577489839336075,0.5084794197633887,-1.2783449844858774,1.2728386890421155,0.9385362556817515,0.7902036619820493,-1.2693632231325265,-0.17538562645139413,0.4063262481365434,0.327127354151619,-0.14094268596162227,-0.4736725734456408,-2.0409914607300736,-0.4442851322112216,0
0.1416687324609698,-1.1109799633774704,-0.2386794666704622,1.00495369515853,1.9330718830750617,-0.8087963973164856,-0.9752108156621516,-1.7110313212847763,-0.822344272206566,1.211811724792555,-1.3070507495551171,-0.23710306108827583,-2.5828011825639052,0.9836091267574824,0.1594397182807217,0.41434926553817913,0.8108121661880663,1.7126175128733998,-1.5644451111805606,-0.21553052024459732,1.013412425266443,0.08830464854787679,-1.7747490445188017,-0.98570856268528,-1.2637204327903506,-0.629986775247723,-1.2767589750289967,0.13873372177852267,0.8305642633664412,-0.2518403327589868,0
-0.2703434389830185,1.122379940990403,-0.2564141718261211,0.5228699024100216,-1.861076104410613,-0.08341354048399297,1.4241028293168736,0.1946743423026597,-3.494104078490186,0.09503815461556048,-0.1056746315806403,1.799745080865027,1.6423458225624574,-1.0022327870371956,-0.5323128670546419,0.6140409262718215,-0.0721057857829222,-0.573787225338212,0.5602361920743346,2.0468242224488513,0.8788550519291594,-0.8615027297585536,-0.04087397560665424,-0.036128605776490116,0.34512634356548877,0.5514226137381489,-1.7468355483415012,1.6373344755216102,-0.7148238513756998,0.4856207424369219,1
1.5518071847043144,-1.3159300870090755,0.3458248395073273,0.1180151665310722,0.06796989543508923,0.7122102920219863,0.23542704395025202,-0.45323885413184184,0.9315567318987485,-0.36515140878615904,-1.2945536198473222,-0.4361469561829078,1.4390644612508985,0.8780806452231968,1.0958470053545977,1.1116409221370307,-1.671403564483018,1.0750401254261157,-0.11676778857421455,0.4529483466970186,0.3743532001376783,-1.0139295382795876,-0.7756646409581056,-0.47159130872909966,0.13556911159212792,-0.7537453218352023,-0.7256801585249982,1.0917205890788453,0.4620688075605811,-1.034921654208922,1
0.07071051558114161,-0.6441460318524543,0.6686876236778232,0.3116666261144152,1.1377911212046559,0.20596541028920892,-0.20011732058278645,0.6461586138170854,-0.56356666433732,0.9735784699326613,-1.252543544344639,-0.8380670677106893,-0.32622033771114756,-2.716249021838337,-1.3504576341132877,-0.8227200467550484,1.104709844969589,-0.7088014145795816,1.3584049363048185,-0.06474921710495213,-0.24634828663041108,-0.6119705597766836,0.41764655791965605,0.46397429712664,-0.1313080313738455,-1.0179334226669985,2.9328977260350073,-0.4894637362305433,-0.4537048557180809,-0.21423672679245015,1
0.004938690195512277,0.14083695974082094,1.3944721231348012,0.18233540673897894,-1.0761787647794865,0.23762243471580483,-0.2933033486200224,-1.8259304202207642,2.0428546666565968,0.8386118134974302,0.07186681496763184,-0.4681022230972296,-0.2612530542686169,-0.6374281619824473,-0.5474403311057296,-0.27915413685183865,-1.7315827178103715,0.31547144599704907,0.1942708631395529,-0.08407837726891525,1.4602352890319108,0.9897657441986331,-0.8241571947286732,-0.29259295028142146,-0.9279275680953066,-1.169092031968325,0.6317812477272646,-1.5812216165745077,1.8381740313712125,-0.6884117052210926,1
0.2380241872908705,-0.14044781801936304,0.6624185236933672,0.9315566716219643,-0.7503316181874906,0.715072496248508,0.8011152856619043,0.02832464924402147,1.7684456623876685,2.3380661389175548,-0.3064341232187682,0.4271175258297488,1.6096316024338833,-0.3821117905665249,-0.8088866759184867,0.6745867477315645,-0.8686935225155022,0.7085757655768774,-0.37264602606432523,-0.44783326956878877,-1.079761696047632,0.24574980802952712,-1.3282485442307497,1.1128919111428923,1.6579799994336182,0.3621327343363146,-1.2124707225796962,0.08851511889177185,1.7632412424553088,0.7850163347055495,0
-0.750374174763748,-0.35731571549931845,0.1707401159251988,1.350610450802279,-1.5617966128404184,0.3569572164165397,-0.0851222896555031,-1.1593846289719,3.3385310586159083,1.2262584453276728,-0.0863313009136731,0.788549320504311,-1.1030158722244703,0.8641161232771234,-1.6899563935839028,0.6844676036938985,-0.5204386693761127,-1.342618440751814,0.27689232972080063,-0.3205964666405906,0.18092567734375223,0.590205963393342,-0.6849717248945022,-0.7913337554958139,-1.8642117954235016,0.5103054967080871,-1.0466193663016847,0.2650625863973842,-0.5479880678708489,1.165948140199354,1
-0.5115992285519207,-0.32313545587338616,0.8318589999294898,1.3342176813916784,0.28724342685176835,0.2608995664023313,0.09058418459125735,-0.1936413007343824,0.21103758596444028,0.7216277895974691,-0.26479191608165575,-0.36834720372049956,-1.3395277623657418,-1.7697377328044084,-0.7053663947412354,-0.46607359905832235,-2.1165313460559463,-0.7171199902530982,-0.700325582760222,-2.1546919965833937,-0.4163831984689652,-0.48643432286052146,-1.7300159527569898,-0.7869999274783758,1.4805573094444688,0.04434942319454906,-1.1068057126094546,-1.105162137534734,0.6126229720273729,-1.9969157449217383,0
0.7807550216081609,1.1344189281652417,-1.1504053612044556,0.1973417205167698,-0.4043921680199668,0.2682767061090807,-1.2210678317035024,0.5072656662643374,0.4997808061413106,1.1049935766577874,-0.5065660150200744,-0.08968903910717109,1.4124711113418316,-0.2038608102208958,-3.635679071067011,-0.5093869841240445,-0.8780767440994176,-0.19427167177975477,0.665099636264455,-1.3187081337168554,-0.5196217750048919,-0.24648592867363553,-1.705640123572493,0.6553707440973136,-0.44627797138701303,1.3451586022574464,-0.9566907421471302,-0.6193950755170564,-1.394681679192833,0.6978456384861109,1
-2.419422905724729,0.04964827355393233,-0.4666347961075603,-0.6875278911943351,-0.9036555700712473,4.287830114565022,1.3644826192814787,2.677837103185329,0.37796501076626327,-0.27355655569865783,-0.07719999455524626,-1.20903310517015,-0.429140475389971,0.3877927147437821,1.4563434661488068,1.4788205516790145,-0.35403148864901235,-1.428992779973429,0.11961709065102698,-0.7501802491441224,0.4518370549022007,-1.1986379996669583,-1.0769070105382141,0.9863572643171893,-0.17912559611064016,-0.29475885364114063,-0.37682595254718165,0.5657137505497994,-0.4068692381604991,-0.209234883460866,0
-1.0954152768860939,-0.40780260490187537,0.33036059159585995,-0.4318558798959856,1.0951006793028883,-0.6839752358166808,0.0030585728086774074,1.3370702830053074,0.38534312681369554,-0.7966450891584116,-2.015526366665332,0.3792195118345879,0.197472277243696,0.8290570083511188,-1.2991251368598842,-0.21643374486639624,-1.8307388314428752,-0.717196462223975,-0.8484750042307995,-1.0684239265571613,-0.4526272881787396,-1.2327898231093781,1.6102661037160766,0.705088783725137,0.3418052526560764,-0.33856959899252015,-2.2076099946352157,-1.1655928834105076,1.3547586397462736,-0.3665700265036469,1
-1.8172074023814326,-0.3718623423375944,0.7104833088838267,1.6601184139045324,-0.4230114115889226,-0.5776879004203866,1.1156402420845128,-0.5017983510064558,-2.1228688167924266,-0.3256619271895559,0.38071584071326803,-0.06048597874849831,0.7372378648940229,0.666698357430806,-2.217105021357586,0.43112749914891946,-0.4202955081541242,0.1425122106595842,-0.47976241742306,0.2808092598687466,0.997337294420084,0.5184343759311786,-0.1581811342949798,-0.011542380955233935,-1.296884723673279,0.28752615372740103,0.7305547344346657,-1.7548173272825192,-0.19040746878075393,0.5218585542548669,0
-0.12740810518746715,0.03798878503762585,0.1211541422976889,-0.7090566521119708,-2.225813495507032,0.005513307532000093,-0.8673453349103095,-0.4793591925533621,-0.6182751837095788,0.7844832502825378,0.12379460416166482,-0.7314418240065079,-0.5463725659993862,0.12123263960632033,-0.2813366232062225,0.16076346012102075,-0.3855164419256704,-0.08873176136339418,0.35735594169562657,-0.21277330876399844,0.5134778771072003,-1.914248642072301,0.7036378588088523,1.1344253314535266,-0.45681636215406757,0.4198432230736848,0.007284281066847218,-0.0524621015564439,0.6677208551956043,-1.529769761265501,0
-2.4267261183684807,0.10200837233046782,0.34331736003095953,-0.560630750558093,1.0028211344681655,0.16743714788653144,0.46942745162867305,-0.43964831065548865,0.4105279209104431,0.9982306710853207,-1.06645516514004,-0.27244491051117514,-1.9891115689510486,-0.8785584375234993,-0.6834493127070462,2.0181951790611454,0.053515004217772104,0.900248816168937,0.760479702010111,1.1808431404485265,1.363047139424512,-0.38206398454878865,0.16563941391033896,-1.7487275793897574,-0.41310104513535884,1.2060107566089955,0.06960920288101807,1.2823138815188075,2.719628240802084,-0.6282176239521512,0
0.0027102047487429846,-0.7363794442358724,-0.6147628091550366,-1.1816310675470925,0.6573838817526797,0.42968373174390107,-1.2916378963633919,0.4792828467228839,-0.67684301338254,-2.0308152654061224,0.846927706029209,-0.7984191307286693,-0.9328055877298637,0.7813375624633087,1.3408129586156896,-0.17108136056865766,1.4595442053017202,-0.7952239164542939,0.11734343849296344,-0.6487945919195315,0.8858056981900717,-0.27674467040065187,-0.3320530344397465,-1.8639045324808352,0.9133049161661012,0.44578707618034286,0.8725653598055578,0.8417841226755726,-0.29383465969785616,-0.5113738165028566,1
-1.566647018110309,-1.2012339432466625,0.7160222522542978,-2.089065524210666,0.5683955576646241,0.14216400838185536,-1.3626152070101532,1.9212423533734138,0.3174560871535639,0.009626379983984855,-0.41321047519901777,0.28245728880669063,0.14583881631336676,0.2996392199934642,1.5177990614784984,1.205333981145971,1.173228282006844,1.1583559117125706,-0.5704188511688635,-1.9222490933268495,-0.2173845969618391,-2.307509613253011,-1.2153810286801774,-1.3292360813368396,-0.46499310177949904,-0.5179699051195292,-1.1495335324836304,-0.842746809439226,0.42827172315551415,-0.7699485186271148,0
0.732790288264242,-0.8461144343379711,-0.6878874486875777,1.1508499802454828,1.9959160094992336,-0.28642308175578246,-0.4783959297111412,-1.2966207719691896,0.620894762699114,1.7629798839102235,-0.26444983987773724,1.5324598084345462,1.9127998571109834,-1.7970000711196823,0.13091008242486163,0.9882461249925877,-0.13432642836577025,2.361246834436552,-0.1376124928771194,0.6047366381942858,-0.05310148668112459,0.8425005995307561,-0.03461938266481892,0.9229724407442652,1.0742546351381481,-1.3827193377777252,0.28328851447550135,1.665589167593778,0.7505473666870817,0.5798750491032929,1
1.6507952207236842,-0.20323692899434892,-0.4507467703544896,-1.4250193791901251,-0.80769761949852,1.2642600570699118,-0.28299691554838746,0.3524085449270611,-0.43490172906285685,0.8192383415419617,0.20601123910788643,0.8389065530548994,-0.09429323381705153,-0.39849809534118047,-0.9240088888271559,-0.4304413250157574,2.2156045384249543,-0.1394763553650834,-0.0032991472661331608,1.3168933264920994,-0.009490091168594018,0.658680518468325,-0.7329087125170688,0.20039538258124728,0.46079659368386355,-0.26973636659113964,0.11728766803562223,-0.8372897549040869,1.2010757089922683,0.3219453581852284,1
0.008315508559747704,-0.034268152805569684,-0.15737206820652372,0.8041071355457603,0.664235629583267,0.977229586325717,-0.5100278907395945,-1.8484675597729479,-1.8591431436579007,-1.2582437175359042,1.99794122794106,0.12053318435970062,-1.29612692806125,-0.718554393612792,-2.84151483218399,-0.49249715461507965,-0.4946260214956947,0.014107364386634819,0.07446511029535256,1.0913236769202272,-2.6783390289854485,-0.6853987093621388,0.3382241616180548,0.5233045327989704,-0.5857363552324928,1.3469761373216598,-0.022613914698061878,0.10426742591918291,0.01266995172110355,0.1842962315374757,1
-1.3267508976598035,0.22045845525038507,-1.1318786757467896,0.9561047816215276,1.3246860749734737,0.28502557906228176,0.29375807969123824,0.6590636691508631,-1.8386072371104412,1.5671848031853073,-0.7408115529927082,-0.40627446930158945,-0.22451885896892754,-1.6335326812363475,0.44841742456700456,-1.1248830768467222,-0.17708011164385973,1.140720750730353,-0.05167522157309916,-1.4508200651658094,1.9217316754820708,1.653326364107597,-0.8971508964375075,-0.32218724336328103,-0.011661596470653096,0.6847742052050475,0.987926820659613,0.3544960351052098,-0.2434697344106107,-0.42067199780549597,0
0.22419893514382427,0.3507204255087142,0.48521925598080545,-0.4708710731306939,-0.5849490241599795,-1.2757070785447007,0.5094339031934086,1.156327787225421,0.0850794129561387,1.1889327653979096,0.45694152073332794,-1.040861859298669,2.0385844604115353,0.3838559604442239,0.43905453655423315,-0.8906586936708174,0.023805319827671687,0.11576746217726043,0.307777113203922,0.34351682963918034,0.5763302478895289,0.7402810797624267,-0.036672662082441805,0.9826072769691933,-0.7048425398700824,0.12298190083155126,-0.5072826504847452,0.6498904997188495,-0.5109527947368007,-0.054309902741639354,0
1.1582634466271604,-0.673357811992389,-0.23516032399082476,-0.9654482737255102,0.6370932577602365,0.12074206066971989,-0.2032664528574775,0.20665978116649686,-0.46877370803331536,0.44221720584691815,0.5510483209973547,0.41980125902332405,2.2968554572374735,0.21151161361997012,-0.5228216257761394,-0.08107051018646748,-1.6407144691367896,-0.10050356707614856,-1.6403675530336563,0.2424153779069555,-1.297365996300474,-0.39843774238201896,-1.123150709777183,1.0665343629161164,-1.1885354205743734,-0.5451592930907596,0.7965534010245134,1.4814930607672465,-2.010432865693696,-0.6320882962991222,0
0.2827383682770751,-0.09113684098533897,-0.9316715739736514,0.7421137699703535,0.7446712790919067,1.072425303762612,-1.2825496088577246,0.497920991510777,-0.28288428900515056,0.9962617830030013,-0.13733232953095012,-1.722077607339053,1.4525999287268758,1.5616671608628638,1.698051460658034,-1.6653689812556263,-0.35713110573194357,-0.3564219196740068,0.4721576063803716,-1.4899446613171452,-0.11635970622506078,-0.17061107298428213,0.598493877668312,0.194897457480248,0.6286048609321576,-1.4119935531792323,-0.8865160506683138,-0.8005440551634961,-1.174117477007524,0.14608509771218273,1
0.4143880281472769,0.7109450289193886,-0.6868088177863368,-2.354986708411736,1.7165312931535,0.15087489088280237,0.37407450172968554,-1.3687026632762032,-0.5290024712294406,-0.8773259753653408,0.2469730586757052,-0.5518234280091971,-0.4081501367760204,-0.7242842434088906,1.55774101237151,0.9048306740822467,0.6595133343704837,0.19396675506366637,-0.013453804058781665,-1.0368119630538415,-0.039941219151305586,-1.5115491134003747,-0.4430776082985503,0.2559331120990838,-0.028400594754759347,-0.18958731871352438,-1.6947289098156528,0.4933520835180796,-0.5785204843260474,-0.25924984657513334,0
-1.0541782745972421,0.40169884224980146,-1.2944226863010642,-1.067184797087094,0.7942108543006486,0.5703282912808415,2.926344177152339,1.3801264794249113,0.6526074399596349,0.5537969299094028,-0.492129518814366,1.3825936716701286,0.3314870694553083,0.6747584591390983,-1.7652700477974035,-1.3963833975967106,0.0722351733269525,-0.2417280494799312,-0.32819784318920137,-0.8377852634045673,-0.39122159971397075,-0.6334837218608046,0.023239092449119262,0.07386283226979581,-0.32998975406238723,-3.250334462415692,1.8710997799014712,1.9418400510751175,-0.34858665819688706,1.4308419456569732,1
1.7012679110794862,2.032655045132969,0.5174842156872829,-0.5151982485526666,0.7559891003949677,-0.805098097753851,-0.12107497028012576,-0.5629653595954061,-0.32143174226304977,-0.5246142003975253,-0.500472740806508,1.4170085995039536,1.3687815307478082,0.659978386590547,1.5415782340499924,-1.970347885572878,-0.3088771117494549,1.4505797464287877,-0.21987400122329562,0.44517605470586025,-0.3299897500621722,-1.152995777588299,-0.32456973446605775,1.9613837108674457,0.5915145484887931,0.2854650153049783,-1.65041456281238,-0.32643906129426836,-0.1608784343254424,0.894943399028411,1
-0.4885556966545494,-0.6226082227282841,-0.5145661504508893,1.779691796338448,0.49004422931211566,2.1555938458019948,0.9721968154612237,1.1239366249046103,0.6070868054480846,2.1066839597298443,-0.219094150075604,2.2661181044725773,1.7872532543961164,-2.0988910920919537,-0.44041702576615555,0.4122646339414922,1.1480160907406305,-0.7749163247015765,-0.8092093293416577,-0.25120838415368596,-0.0038710510426740747,1.6834646577898837,-0.14239135159744634,0.3164989768941935,1.8270714405439343,0.3332395847910494,0.6453360501155535,0.00307641849695668,-0.7985961037563536,-0.2198279602187733,1
0.15859191136082113,-0.7249463653302441,0.8355776819998968,-0.04791889830341101,-0.4512640404300269,-1.004874997149112,0.5083004045433716,0.19788007865433485,1.1580709012194441,-0.5539471472608407,-0.35191480907430644,0.4448436359679987,0.37398345347074213,0.6076218646955097,0.4803723204906339,-0.6517946733835431,-0.042140008835400006,-0.5674876823549128,0.22252508601857923,-0.4056685794574155,-0.6902463909397931,0.7761062221093024,-0.853689061214655,-0.36042520859881316,-0.07545317248265312,-0.6571931805413926,0.39693417285426663,0.4217734066709335,-0.248733581199061,0.4986131654803942,0
-1.0050792220528115,-0.20886454205047691,0.8926574675037187,0.08822938133217276,-1.2570872664374797,0.06520549419957418,0.1311251197448509,-0.7593611871813855,-1.1690758568541872,0.6042067899858041,-1.2525363406864867,0.5352473273790486,-1.4866287633478967,-0.5306569418432594,-1.767888917211683,2.013983291141422,-1.7376162086987863,0.7665165090343081,-0.6069401021769678,-1.7606245098961373,-0.2771638189471308,-0.2875332907282188,-0.6726428541246879,0.34538617480774947,0.2962392644458369,-0.29774126293725184,-0.6697180778233387,0.462267798812074,0.10841846314698514,0.8779115092945202,1
1.788143690830423,1.836441303735392,-0.35372527729310954,-0.4936289586019708,0.2380004855740216,0.3529847852583975,-1.2543147310965774,-0.14740575815007648,1.6901375335916082,-0.34125390855735255,-0.35396488682846505,-0.2591639417019494,0.2618355339519523,-1.6329517572861652,-0.5078447578831993,-0.025780825461586797,1.2521509525580303,-1.6553976339038363,1.1819558875852474,0.9767303707699204,0.5697467602259667,0.6372457553223825,-1.225486374813229,0.9067868601127416,-2.5353441642753127,1.6539365210426469,-0.6718384578524113,0.43571566770291914,0.5703156560546371,2.4554642066894696,1
-0.7684008365914176,0.6633231583870561,-0.00223569930070325,0.7467607989734018,-1.0921416106011401,0.2839205537828169,-0.10159114416616208,0.6492481658813906,-0.7076440590308402,0.7842972072646629,1.2695229038005515,-1.6858841301953718,-0.7870500702004342,-2.1410199991747643,-1.0030013370359951,1.230258157769873,-0.1825986437183314,-1.0627089621329668,0.28042803407750116,0.7433116612811133,-0.20009402870894502,1.1316541019004707,-1.4017346019361994,0.20836383774160924,-0.2685469379678152,1.5520106125331101,-0.8131167287504237,-0.23169338786726765,0.4738481665783288,-0.10436238377290562,0
-0.6050521093157365,1.8451130769830926,0.3391261444518734,-0.3724596253978886,-0.7001319970736632,1.9959203350104748,-1.0269586642941504,0.7203217113576794,-1.1316806736835254,0.27974167324327476,0.5797913473307605,-1.2503388375210844,-0.6761085735492184,-0.6041175080750458,-1.6512778027009027,0.16167576625391744,-0.45820403993453074,1.468314860711084,1.1752676309765546,-0.3820186296988571,-0.07300964918881976,-0.34797869089727584,-0.7447009382623511,-0.341448282588534,0.5081712219197743,-0.08082301800076887,0.15302127016234546,1.3825866883592255,-0.6905032719083478,-0.43683635415916106,1
0.8671325723332823,-1.9026992810284173,-1.4685684992136745,0.2224756085823258,0.9248362735760344,-2.155146168604255,1.092986492325074,-0.020506943357607374,1.676239137749837,0.5444587260351299,1.1863013135179208,-2.354599083357006,0.1848490044416885,0.24602028565136047,0.12491999413667665,-0.9804223429128385,-0.3190610641143797,0.10345513660230925,-0.6253014050713632,-0.25449455814379707,-0.6293107797268165,-1.5017895175177638,-0.7292096220785239,-0.09033169166990869,1.4445108097933579,1.4633157781736965,1.6012595792187234,0.7960124821819065,-0.11722405513206126,-0.5402181608037372,0
-0.6356206603243437,-0.028919732946977757,0.07128446396986109,0.3098319498306829,1.006057140304611,0.7899028976400545,-1.4955659996890345,1.8440755428435145,0.10106361871074108,-0.6628956055362886,0.5994782738069566,-0.2722802663267312,-0.9421948176608256,-0.2121688110206518,1.893721048739577,-0.7585957419633204,0.3057656178200941,-1.6464015031985992,-0.1773101405230509,0.6886640527602608,0.2982884020358067,0.13696322942588393,1.1316646776469867,-0.7416846447745146,0.7860205757545055,0.026942653819135656,0.7589572338372675,0.06765834007566768,-0.832914195691255,-0.49813264699818566,0
0.5790250776479443,0.715064834077063,-0.5417609288623818,1.0673562410642223,-0.6912453500733112,0.07035047123727912,0.08058509933301977,-2.12807168489538,1.0117526274014446,-1.464503622934938,-0.3820785452272523,-1.0726648933180103,0.9410494567901171,-0.4885498906357848,-0.7060816528859017,1.20313261735548,-1.37881979942198,-0.1854745992686994,-0.4520438465599396,-0.20285517178909454,0.24304178457047773,-0.42937133951994894,0.9332501627910808,0.11428682254935597,0.7129289510209962,-0.3541673430114539,1.6621101321844738,-1.8615658785870022,0.1306517380441322,0.9779614583638648,0
0.28098430456018947,0.6794981113091048,-0.47551888598907494,-0.4936014461979918,0.22002975090513716,2.3024014347387634,0.7287797543748559,0.1920413038951432,-0.0009260058300209988,1.072353016191485,0.3502831917662055,0.7444943586224468,-1.1309232294250926,1.0931570758791533,-0.5286277219348228,1.429342815496237,0.3630185237178312,0.7131202943949614,0.07084959522665898,1.328949844056203,-1.121502356826299,0.6153292006763081,-1.08199102009294,0.0838784142992674,0.6195817169557594,-0.3064012688526655,0.5929047269024885,1.1419590513117075,0.7126433406317676,-1.2303732564725098,0
-0.21767440899169946,-0.7260454779580324,-0.6903470053199215,-0.781911373131448,-1.354831775789544,0.8314671969175778,0.4914545751529431,1.1161002985684727,-0.9453866903801035,-0.13538449627264643,0.8378627880086209,1.3831206900198916,-0.07794751871833921,0.7411270876968161,-0.4942385915953,1.0608931993556745,-0.5691758721318877,1.8081667732174027,1.000733441703434,-0.23998432786953133,0.22827649685527834,1.3653861766967583,0.345588943590478,0.45942667037367757,1.1938238132630363,-1.1769893402999012,0.032516150012383456,0.7136202493500585,0.9162212270964761,2.583213482955375,1
-0.9781618021146204,1.289920396604137,1.2594525116953799,1.8812806884193998,0.6300681180808739,-0.5102623979219055,-0.7670660321936686,0.9238744300079716,-0.23044498883670997,-0.5837650279642682,-1.7321260828889566,0.879534158882437,0.5777411744215968,0.11584938918491076,0.3433175818838945,0.2809736572138745,-0.08399357701105295,0.08188921605159755,0.9564264400073333,-1.6363950490305217,0.6888133028725113,-0.14375894310338305,-1.1393342435032734,-0.6590051609518391,-0.6719608860636681,-0.17395398735120973,-0.2514815872137175,-0.118181017531525,-1.024747734535551,2.9732883930879934,0
1.1729286358862328,0.7756972718925933,-1.0695113419936195,0.20774450086520002,0.8563268369397271,1.2868986526048831,-0.8962067179162152,0.8504081598344815,-0.37150516349100526,-0.3785177446445739,-0.670923398619453,1.2702703194872085,0.751502799610945,0.7689989762973678,1.8890437909894988,0.3888520278632024,0.5738120934218249,1.2890854606549407,0.7811922123567094,0.23623837108366108,-1.334987009225821,0.21760549916141705,0.35408330780792785,1.013781298002493,1.0718054225312363,-0.38466483774196236,1.4451034930763926,1.02717010740557,0.1677776251617079,-1.1565277854754372,1
1.4757407844615447,0.037188816498746904,0.5858649750157964,0.8654579061626857,0.2564023471948968,1.4871177017828718,-1.653261827343534,0.32947966798274286,-0.10056178499603198,1.3054851663823805,1.8214411670764687,-0.44583373873458426,1.601882605255768,-0.31530984701910103,-0.6316327307184347,0.27650157423243255,0.6503085274590454,-0.8946754075637058,-0.23429534221346107,0.12020245316535783,-0.629480249664651,1.3701098770442142,-0.8655041824354812,-0.4381756504455451,0.3742568438246923,-1.4545910905281108,-0.3164594007338511,-0.37559235144849173,-0.7468501787793098,-0.17042055899857259,1
-0.5934768917535268,0.35862281907224164,0.12462378877925555,-1.0794362113922167,-0.8900430296503908,-1.6776645268359718,-1.6000807231996421,-0.12190411089411103,0.048640357963574105,-0.040833356355255576,0.30984559065544,2.662917037861992,0.406187455725449,0.02947987574435868,0.5165358199036416,-1.4943643676858054,0.5990344514298802,0.34362114430544777,-0.8970438826625236,-1.1228762763603028,0.39048493170963067,-1.6102241134755986,1.5244687357308617,-0.1832246219387846,-0.6446957191097717,-1.1500324359301615,0.5115434985858259,-0.6538795580854684,1.0077607193364093,-2.6019647863416093,0
0.6805811892143755,-0.24388841753003887,2.137163219678906,0.023100184142822576,-0.09283397873929085,-1.6024384012142814,0.9896742766778484,-0.3901072855201081,0.06602766241224185,-1.6602985879355237,-1.0631453850370687,1.1151588151753098,0.005121662897334871,1.2938387456874048,1.1593227567751498,-0.21969626450152052,1.0556687452511755,-2.609677123804486,0.36725760331653046,-2.0500218985372394,-0.963508175723972,-1.4036487540953584,1.0772263331825986,1.029525593610099,1.1612344131391414,0.29021568194139047,-0.2683136321683827,1.3056694580755157,0.49384953741252796,1.2561418754391647,1
1.4105280577023016,1.633625634128558,-1.0634781837499518,0.07506553834492637,-0.19640522655463188,0.5800774006209277,-0.453033053284942,-0.2864456646286955,-0.918218742360103,-0.4137451125675432,-0.1633508617070794,-1.4132130395206488,0.5398763705498366,1.6565399093092081,1.4610581663190974,-0.5101362413398289,-2.467157950738042,0.06269967921721514,1.2898478785454788,-0.24915755445841672,1.385188619028371,0.7789491334707747,-0.13480343168081999,-1.3196034494958884,0.08020191393243581,2.3151574374776684,-1.7496333534619573,1.363828585208695,0.7390543059804393,-0.0023950952654490532,1
0.6605860412864363,0.8270876092169783,1.8367107665811568,-0.42738123318244786,1.9807618934718398,-0.4867458995912921,-0.39729055134379365,0.2241943443480089,-0.24852394124869578,-0.24116066091725194,0.5914088052761958,0.3780616798524173,-0.6820361686713781,1.3508923227440706,1.758637144776154,0.5623030981149607,0.40007006815523877,-1.7713097593690428,-1.2469708263876762,-1.2265924503964594,0.5664344271828773,2.103980741164838,1.5901477629240974,0.2041141429347522,-1.597442647052787,0.13665336077302787,1.1367681205076785,0.4983446512425197,0.35915149545973213,-0.27803309324256287,1
-0.3495863038686562,-0.5644555651431904,-0.3412337381175292,-0.21508581146988934,0.8646072381147384,-1.072548763416874,1.209857396698713,-1.2948547537740467,-0.19855814753756756,-0.41068628343845315,-0.6846225591419847,1.0763615341935322,-0.14842369418150336,1.0217521713857949,-0.5519585434813244,1.9904103719792763,-0.6925621167912518,0.5407510904323072,2.046370966421855,1.5075109759777028,-1.2865418064546004,-0.14455026542668914,-0.2590989722187354,-2.365537451740848,0.22177678599239783,1.0488128438785465,1.4509560518859983,-0.735975193813604,-0.08062295070243022,0.005884029970897277,1
-0.25981802484119937,-2.3847097100881496,-0.5889146844030465,0.6193316779820439,0.6020427156030355,-1.7930052929742135,-0.08950369730471325,0.30667952330431536,-0.33563642622524964,-0.17109217608751892,0.1654972498722517,-0.14542653153882681,-0.03773586377878735,2.0705067690551733,0.3013358074675646,2.1238635756020767,-0.7371053660411256,0.06069003524381795,0.5695158984519544,0.17873990918285546,0.343365565758082,0.7901485683429983,-1.0359888165174884,1.1123024225279774,1.4283201710499012,0.6165414552566382,-0.23028186352384572,1.1581859190806798,0.9249937162568497,0.6551709025745335,0
0.9148273247290443,0.3078821153030943,1.6201250843610902,-1.687277131354642,-1.278679048299447,0.10068222543379164,0.03513200120370748,-1.483477364332012,-0.4883994410360748,1.4933644251841542,0.5749264847800307,-0.17456947745015353,1.557860345911124,0.8171185338262938,-0.41454122869756116,0.7505036200681988,-0.2851976179144475,-0.5678416493141715,-0.4944987201747249,-0.08039875882635023,-0.9429130492820011,-0.6874561836235187,0.17341977426977317,-0.9072525659823294,-0.5923054770309573,0.1886050161517783,0.4139024447773781,0.32295149454699923,0.19462318904052728,0.4771530060925132,0
1.2189282184447208,0.7351571039970293,0.043427762276103385,0.14428855229795817,-0.16575899157990867,-0.21529451180133782,0.8480910519376954,-0.8552505245149864,0.11715531338854342,0.38990026904527514,-1.2470760707604611,1.6791460077639373,1.0256445706601982,0.11053573297000227,-0.26134119016551244,0.17007215582611399,-0.4077494906091214,0.573908963243569,-1.236764518430788,-0.5916903334953189,-0.9403171943070782,-0.8366863297083077,-1.1311919877247347,1.8521440182671427,-0.6040327007068319,-0.3436807136906015,1.5712062765712433,0.90759085735363,1.2239704486199185,1.4280726685008984,1
-0.12154013374054974,-1.1077193846679625,0.9629429232429135,-0.014115805194588502,-0.01629373695147059,-0.5071873283334314,-2.0398740299095195,0.5231926104824106,-0.43237352743301377,0.5820200366637502,0.43033744658760026,-1.2560792808136678,-0.9413197804911102,-1.1021813142445172,0.7113933178620552,0.3189049259106192,1.0496984145273376,-2.2703395743317647,0.9675154734915317,-0.12857858488930995,1.192528429842192,-0.786217688056764,-1.172292745544031,1.2680276836486548,1.5454950324793824,-0.4702687358958137,0.003715778031054183,-0.48489577126465044,-0.671952000173213,-2.2357197665424717,0
0.9144284380501521,-0.5778982640326382,-1.0495752196735064,-0.7588054822923685,-0.714418135741625,-1.3669809288101653,-1.1464869905331343,-1.2149698719194295,-0.16832354368922933,-0.2736293363064606,0.9271538471980866,0.8273748458193231,-0.14183753474623909,-1.4390074064413723,-1.4704000954665224,-0.20271281471646893,-0.47332987707855345,-0.703598481486884,0.6386946957656073,-1.6663114439668023,0.6304364747214862,0.3989045099548545,2.3720543248832593,0.43749482475853146,-0.6384045392271471,-0.5874274212112783,1.6070366943918837,-2.207431796657658,-0.17809845407039268,0.822920236622291,0
1.5024331396340889,-0.024908068446089265,-0.1479724291824819,-1.164020097368116,1.1102521034525656,0.04230175346693842,-0.7930579332637734,-0.471781912576417,0.1853093134917714,-0.6564755616752641,-2.3517059471479405,1.061359196360132,0.14986462999039907,0.8106500893701235,0.3057051130977868,0.24287379855916952,-0.8232345648723017,-0.568695593445102,-0.04251455722553466,0.7753709383249604,0.8109418821503259,-1.427211729298024,1.4279264808539918,-0.6505161149153889,-0.8673795215872204,1.0501011721151476,0.005212269805634511,1.3795611758349213,-0.3775701557267154,0.03810459438744717,1
-0.47822367907831564,-2.1753964125380847,0.3956798455053869,0.8078254541611178,1.2402752087478692,-0.5296035410263713,0.7699671669517296,-0.6800292927504152,0.3819611745073425,2.1659770758554413,0.9997987015589459,0.41595561862992514,-0.3259095810319277,0.32050719404177175,-0.07616495038103717,-0.21594041922433316,0.690825374525237,2.1165340955013954,-0.26822846856934124,-1.9094750255104744,0.7876014677624225,0.7311823426978411,0.17669699549766676,0.6181852269386234,-0.22332055850904584,-1.0209434400100583,-1.6697314887245958,0.2767519955091001,-0.4295052430421618,1.9796750137165167,0
-1.7690721723353569,-0.29440919142203037,-0.7625876988071043,0.5164168415922192,0.5313951992671964,0.4993205389514487,1.8405564727551185,-0.4329674711345916,-1.1093815404549778,-0.32636660568801934,-0.912713502049632,-0.6776015223308567,-0.9691348491430105,-0.8948963917716733,0.16403715099569674,-0.7534241236105801,0.9682754393938933,1.570000320535485,0.757178156118997,-1.8265727082813723,0.6831800343673003,-2.3324202592495387,0.4825164313460827,0.5414166747689448,1.5523886306636805,0.39070427409433917,0.3002162504548341,-0.9665255289308808,-0.6194891222567331,0.6788391139683945,0
-0.5829017946463072,-1.1299478727333183,-0.5719804432405875,0.04510251073682584,0.03370008338810507,0.9325362914065713,2.849394498945078,-0.8676317732994928,-0.6086913645201375,1.3200925073376486,-1.26566729664828,-0.6719950091868495,1.0870047663938773,0.17996518847136594,0.14278123624367794,1.8393166983045335,1.364120909874911,-1.1048317359207878,-0.16599157381546634,-0.6333283695092217,0.1542091466853753,-0.012538643171931816,0.3046595162552318,0.41901280624280973,1.3265132051088835,-2.284177494494161,0.15295740248265652,-1.3955379007072441,0.15822608975569236,0.5568686654385901,0
-0.46224717305602425,-0.7744240503051091,1.1691636496604403,-0.7837194053746485,-2.1481390134528366,0.8592626601880348,-0.3282771609288532,-1.3207689030658316,-0.29606482055868605,0.9090917713357519,-0.7764738210252908,-1.5750875120904395,0.7181067682424184,-0.1672319803351054,0.2344995438058957,0.25263089741031275,0.4594187516771151,1.1807394902454051,0.04216447228919337,0.48871352282353187,-0.7135391125839944,2.3826318453567117,-0.8714658496018646,-0.26218235638786525,0.4690423163331891,-0.7671362010695398,0.35024538097360225,1.5595828205191926,-0.950629224888485,-0.1694513284967135,0
0.1804470104967646,0.6417631579499168,0.41893575437944963,0.4541839600805956,1.1334871609660537,2.6115742897911685,1.2366683535367249,-1.1137466328488492,-1.467643116387022,-1.3513336500189546,-1.4128621939822603,-0.6385274593063759,-1.333656877887672,-0.21956205234571866,-0.8261275088147911,0.44100296994198573,-0.7793171428931055,0.3510223228490587,0.47428732657598205,1.4767035452363653,0.13933438011808652,0.34444913247456854,1.5110795601244795,1.9296966417420391,0.6030833809016015,1.0347871993921383,0.6116952227590796,0.2705163179167397,-0.5783091204568551,-0.856515625926126,1
1.73567009038957,0.6934965282879226,-0.870605281288543,0.6432840543219689,-0.16119767703246426,-1.0023667616883472,-0.7433071621720556,1.5764468324650325,0.5782283657837181,-1.0690121908643146,-0.49710743975446786,0.7899849160202225,-0.42775256110676313,0.41281308775614495,-0.23459280048223222,0.5993768868053444,-1.166268570416058,-0.4480826619230291,0.952984121124873,0.9846595307691639,-0.42366273709819274,-1.4169482844482972,-1.225887200170353,1.2973989510652912,-1.885199496875358,0.0772534349883919,-1.2044808624856411,-1.4707425695977157,0.2025859593664327,0.23683118374274353,1
-0.5161250253337649,0.32489188574150574,0.7047677997544289,1.1001858854107207,-1.5703001361483842,-1.4793542984581503,2.6264519767335988,-0.5955423198642045,-1.256651465634532,1.7098088146352939,1.2321166414774283,1.0968220272958074,-0.8322425643675109,0.82284426483847,-0.7262030347797936,-1.0457270642361673,-0.04214175225229311,2.001649021619373,0.6541318131534466,-1.53057182118546,0.441517644288107,0.4706424597284584,-0.5048699419957537,-0.055557564705819525,-0.0638208022085284,0.6063846390714349,0.8297136939486569,0.7194056451742793,0.011365670049532537,0.3747216031909964,0
-0.22541590749473672,0.9002594193574547,-0.5126246175064149,-0.832731691112874,-1.4645522639523518,-0.1363477311870541,0.097176973570434,0.9128971864976028,1.0154884491080363,-0.6126062833839282,0.6225221937427226,-2.521155286132785,0.25633378002949,2.8165285361675703,0.20023985683472692,1.2443558340450582,-0.4475113694035589,-0.9648886110175797,-1.4097962095775662,-0.5435343194857559,-0.041493891584806465,-0.40144631855490276,-0.2704191178804557,-0.2578801097655578,0.22340566512613047,0.3851563241410653,-0.6492103612091867,-1.7836142227379357,-0.14532985718154476,0.9435352171493733,0
0.48581664466437213,-0.7921504733156791,-0.1571465515671758,-1.8083736374854626,0.3490761552666378,0.011367427776319682,-1.8181214317688519,-0.24992263325224107,1.9260053584075183,0.15066541778635414,-0.3048128815005904,-1.3044692074655109,-0.31353436760780534,-0.19163851808707372,-0.37027566197114736,1.4378369322474254,-1.4351937362735872,-0.5405500824991106,-1.0438754430702182,-0.35661363324365736,0.5483961752975073,1.8133452041463107,1.1017427985275627,0.8448678161821089,-0.1185740443613561,1.0561932577162771,0.11855956677207034,-1.7151303192122944,-0.9091850602084203,0.37638694041314125,1
-1.0086827143087742,-1.0819028003134652,0.9474773800269669,0.8044667440556165,0.7617458691596862,-0.38081505983111275,1.232852898862975,-0.8781416140518883,-1.4488785483051911,-0.6396710702657072,-0.3372467147614042,-0.7220392932617329,-1.5733604378814878,-0.06289951824399394,-0.4027063846860507,0.7375270122822326,0.9317479285681008,0.20950679423493127,1.6134805395014244,-1.0572396645247508,-1.3399499465975901,1.367318364878811,0.680262325228413,1.363602134146852,-0.7800481795640253,-0.8868094798425663,0.8397904626384519,-1.185599499572136,-0.7903204650470291,-0.6151055928707458,1
-1.4623630130233316,-0.2061387588248243,-0.7643127387197945,-0.26313204927148504,-0.39140672571029417,-0.9577626691194603,0.6406075008484803,2.072205143475959,-0.9878732684571109,-1.4725910502968338,-0.9824603007822886,1.3244923257190573,-0.05007581651647625,-1.3037126624999862,0.6953194356798477,0.32411127070145995,-1.4628870990211549,1.0351582547839864,0.19394124831518025,0.6251718031229349,0.8286625714657125,-0.8098122253845796,-0.13769069484236326,0.2343106699986529,0.9154576219188792,0.40369761466676407,0.21208630692624536,-0.31280380717481066,-0.39543409066522295,0.8330425184675176,0
0.3011193758431447,1.639031579047536,1.5430765939187792,1.2435624127663794,-2.1623309587275465,-0.3510239374801423,-0.2832593264160037,0.0565833830802487,0.49376863055486686,-1.564190639508351,-0.13687758808574146,-0.5082871007235648,0.2166668682448709,-0.9841651147067714,0.7845886850952062,0.7099615604423135,0.05256085378589749,-1.008945349452027,0.3497316927833981,-0.828505561717973,1.3652661503959242,1.6916607678310296,-1.6753047168388782,-0.5013818362403437,0.5001536292908152,1.0277069112289354,-1.2054590606471425,-0.36016308365589716,-0.800284499031679,0.10776201748529966,1
0.9520472245802577,0.2259232198484878,1.2369937991213877,0.04113819195040397,2.5358008713874667,0.1080499740274154,0.35315662912909546,-0.6050972046757971,-0.003755800159092788,-0.527801689800604,0.21416206984975178,0.8247582007634352,-1.5702910964435723,0.6931134489397305,-0.1298958162475319,-0.6385837924602551,0.5459922322343554,-1.0248772396788604,0.4106351756753609,1.204341234930702,-1.1502624837298399,-1.0093004038369426,-0.907165519307324,0.1805802160821069,1.7542802197099245,1.9381556778651456,-0.37557000521898615,1.1559459364818663,0.3187899147401754,-1.3256021977402646,1
0.21635185036189714,1.0222247555830384,-0.5161816065396467,1.543850172670157,-0.2215523911706924,0.7051683931112697,-0.3338997417838126,-0.5753291552588793,0.4445434187713647,1.4783758407453773,0.28668361502974277,0.5952251571313346,0.20958062478313125,-0.7182280985735636,-0.048065061659014544,-1.8657029567816323,-0.7582215706288774,-0.28057729432255785,-0.6399488137478284,0.3731874814459268,-0.809999282520742,1.2420430333141195,-1.4420643251497163,1.707983957876979,0.1400759484387574,-0.7721371678181642,1.3779000441745637,-0.9879047942604413,-0.19516090399584304,-1.1148243183805058,1
0.5067998917600468,-1.0319103570161272,-0.03908813870127073,0.6871900689393534,-0.4630533029834073,0.10414228663729974,0.9658523233493811,0.08407197549630473,1.7474409964698072,-0.07808910828951586,-1.2589810887818804,0.41530484700226566,-0.00962926608202529,-1.2814742123554308,0.17084266509265386,-0.31240579308411565,0.5469613248516024,-0.617925435652748,0.015082071390887585,0.6315315805426136,1.877786608747933,-0.05236155085667801,-0.5380940319935203,-0.7361988011628751,0.30917728457304106,0.6754971916086432,1.385066857541502,0.34145473375238367,0.6323957514561145,-0.002126485929887123,1
0.9602115045020839,-1.4634950431871065,-1.396382578007218,-1.578341444836877,-0.811211249823546,0.5747664611726484,1.0614495776970352,1.001470514800149,1.2966992434131648,0.4120384689997165,-0.18607057217326906,-0.510664227784392,0.3227320274204651,1.4787964578560076,2.7404475103608426,0.747288910792147,0.7260469842776278,0.6657755370616404,-0.8452679196784827,-1.0131499425643757,-1.4704609602456387,0.9448489657390187,-0.4937245423863775,1.5058438571545396,0.2726861315725606,0.04472080989738614,2.181150056938362,-1.777892014500974,1.4219823152672006,1.8587864587369733,1
-0.05916506519332458,-0.4264762337836419,-0.8044126703088643,-0.680835981757658,-2.5731893260503726,0.5323271336837008,-0.8293248464177968,0.3124454045443926,0.8151297954455325,-0.059928968054332635,-0.28779937207621453,-0.06906272244609964,1.586434148775586,-0.2229865075818314,-0.25838262950824215,1.802748861353731,-0.5108773167122093,-0.16727113715685182,-0.6977375336325252,-1.6133662926675545,0.5397049931469622,0.10195545322376956,0.8361445380211364,0.9364524731788395,-2.487283876176715,-0.3361761230237506,0.5254682421356288,1.207016394500573,-1.1500454322307192,0.7909204324482638,1
0.15941460472710262,0.8457019832629245,0.3364009314756743,-0.33401808422472695,0.6531994169016472,-0.16185370236125168,-0.08506891058321563,0.6775943786471254,0.38828351474905837,-1.2778497457519526,0.13277205506081874,0.3871547004830243,-1.3790971002855417,1.3615827852031384,1.3135092262007044,1.7163869848920366,0.12850879843368493,-1.3697520562252732,0.28368579595469984,-0.4955027779926936,1.1354440426559653,-0.6578022025245063,-0.1558517514036474,-1.5732949852379263,-0.037933953438650005,-0.3393971836492207,1.6493240002732963,-0.4140377946562438,-1.5493419003724807,-0.5692432198636116,1
0.05737618242660381,-1.4306430748358545,1.069819740067589,-1.4230433012021273,0.8662601945164204,-0.8493435887597073,2.389163918525426,1.1717282488792855,1.0709120058942467,-1.3229853156592415,0.9614061925410097,-1.4353365569913392,0.6887122599241047,0.14472469231033375,1.1512162810423479,-1.1355832022348826,0.9248805961038099,-0.15870973552623513,-0.639856069899354,-0.06092559788077887,-0.7276521997211355,-1.816756593986722,1.1675487194268295,0.28766158358365274,-0.3932909709751919,0.20951807254387023,0.14084367201337078,-1.0071822524830174,-1.2391350171364648,0.3263878347204803,1
0.14908746960850927,-0.11225588924322828,-0.37406028119043117,1.314985432545693,-0.3875747443370387,-0.8926715241765052,-0.29567847207615927,0.07261768068048433,0.4447787340973678,2.347014906190539,-1.3890851268988975,0.8325842078953302,-0.895456172153275,0.22938748142613105,0.2840974173530144,0.24989952361954848,0.2543209870795529,-0.03564395239998366,0.23262114867639802,-0.22856372354102425,0.46839644573458916,-1.1643738263078454,1.2425031456451407,1.4620515566083743,-0.701853528424442,-1.525245214803245,-1.2958792661203822,-0.6149976245507293,-0.6735547875593226,0.13432508811945099,1
-0.21821235010322337,1.1472190695798232,0.44179863169684996,1.297597552586627,0.41751053043420056,-1.467583978768135,-0.7589443353871083,-0.5040049630892796,-0.5904704200080177,-0.7918951132033735,-0.3859704363534463,-0.375952322237005,-0.8993331061762374,0.1428228193850329,-0.5723027832400598,-0.8057826879672485,-1.7894834204688956,-1.543757058190997,0.6335218883206102,0.04897671335884958,2.97052695535217,-0.4153337665521655,-0.9587832746745372,-0.7999860876077056,-1.876048982031579,-0.5106700404332842,-1.4582624984267527,0.7499724193479348,-1.409993871634951,0.14946007390795538,1
-0.7980657064075571,0.47896486341587896,-0.9001368897194261,1.0688158732056887,-1.3817178461106923,1.1245983689267047,-1.227342096253817,-1.4487545661350092,1.2306670165602467,-1.0503471497894659,-0.48822297165685496,2.2989007573050713,1.6571150342573522,-0.24700340815307686,-0.1759492727654155,-0.394702791791429,-1.3436670608309345,-0.0374335558815607,1.3606339427670946,-0.9578457539281328,0.43891956672428784,0.5184403097876582,-0.9831461987032941,1.5763612166291514,-2.131007501295946,0.5829277851133953,0.18004656490973212,-1.1571238603298923,-1.1345224982188422,0.44512635894711466,0
-0.21790290221870473,0.6371039290427186,-0.6597144995029272,-0.18918920552403923,-0.8491310966266786,2.4948682524426924,0.0761004472688957,-0.61925503101482,0.21334631541923632,0.999183013374695,-0.9361968525214355,0.12055281789376614,-0.6998844853909395,0.24255367661696223,-1.0582863504327136,1.287075794853463,-1.510459717531417,0.4913055475512013,-1.603086275924968,0.2760265395842565,0.7444298464446013,-0.6651833073285436,-0.16429242167617145,-0.22093939927460768,0.5527901499379058,0.7523470323218799,-0.6649057164581732,0.5614403547556069,-1.7928228683021659,0.0013508205627518687,1
1.8042336171355997,1.405587635005106,0.3213649799545118,-0.9483341377316222,-0.020576261829420104,0.18355370240588884,-0.1710425254177641,0.9184254693553678,0.9616234854391172,-1.3325563308728683,-0.037102191669647004,-1.9254693857293428,1.5477484979242822,-1.837321044974045,0.6242193856963824,0.47932629765028595,0.225103464489144,2.4896376539923617,1.1263836239706402,1.2491923702370298,0.3330729041134105,-2.02517088629493,-1.555752941221745,0.408080759878701,1.3815190811094982,-1.960998369302557,1.763282789718262,0.2083131823183713,-0.02577151074742221,-0.5928455071340318,1
-0.8015237613532785,-0.13338440517316294,0.2510597352382166,0.3584402659476748,-1.4219576486965222,0.46169826499299066,0.8276318894372875,-0.8690229151522886,1.031546816141785,1.9664738160003163,-0.05513931430536347,0.015072121026839505,-1.2578475516658876,-0.21304764550987454,0.1608444038966825,-1.5867315973006721,1.2011844362919548,-1.5236923870225996,1.5717222534819697,0.5343883419140898,-0.6976204233407415,2.4033805250582043,-1.2997463319416716,-0.3182926943054367,0.3059992797592582,-0.10341978279517858,2.0778609244318655,0.5187910384423946,-2.151902232445458,0.09229650492574851,0
-0.25190947269380826,-0.46675861024166976,0.24472646418422975,0.36706644505471325,1.326057481393763,0.8313368203256039,-1.095313899969367,-0.9280907610111101,0.6921368068996544,1.453017338592855,-0.9176105525756456,-0.6245940538698751,2.2324670243089035,-0.853944766087692,-0.034584225211467826,0.3768279256220331,-1.5795803536493964,-1.3162265925493883,0.6173054277785427,0.4201236724395442,-0.45373940206291896,0.07240739599698695,-1.0816214385519736,-1.5414531245632643,0.16350976211510804,0.45828420329305086,-0.17643832249465574,-0.6284023709417614,-0.7311766131354389,-1.3427877885848818,0
-1.074958875492832,-0.9891577997009643,0.006268635569430802,-0.8748148654387662,0.6455643492684658,-0.9690652731294364,0.6023554725347537,2.093944680396693,0.06974135186691491,-1.0027410958146386,1.064528725309259,-0.43859178878838967,0.3796027934676767,0.13652895433353462,0.33567770618077303,1.6952079130232947,0.425235062549551,-0.27721204271936273,0.4742536475379166,0.5874599723797914,-1.6262176283474257,-0.8502831606672774,1.8449693326535896,-1.516621184228569,-0.4946318405235946,0.7598531751611016,-0.8215422755983858,1.325128364274567,0.621744839253155,0.3244932320911948,0
1.8865250894322934,0.45677520759624046,-0.13277194085332475,1.1165721073852273,0.4480865860978805,-0.0031386721074367586,-0.6997564720424223,2.0403739771658587,0.5982829367052371,1.8966735204182135,1.1645878298628813,1.3294749614038655,-0.4235937838200561,0.012259126564934239,0.8140214799508914,-0.4087481908921921,-1.2473481020300743,-1.2557028737947147,-2.192317655754753,-1.2705598246126022,-0.6945296782956951,1.5061343919572034,0.891385151854692,0.1686742805180207,-1.437289478656293,-0.9726550674606631,-0.6931049026949561,-1.5344089359198376,0.3573911915270069,-1.079803959620075,0
0.15718752452980383,0.4565896015448934,-0.018655719807368396,0.6167162664836451,-0.03679109186510856,1.3437678334306338,-1.5075109464723249,1.4848559834272201,0.39055629258358143,-0.8264352582296278,-1.6547931009114316,1.0184746136383451,0.5645836352825266,-0.2014212650147931,0.29049256968157305,0.40729643213808164,-0.5697207999480414,-0.31906439240513407,-2.515050626369172,1.3893553058565882,-1.4696763416549539,0.03558202784164612,0.553415288290734,0.908888760485021,0.7025063327465285,-1.9067427056316362,-1.018585951900109,1.152842768263638,-0.6769865318052674,0.8866614121976861,0
-0.8855500929421682,0.7067151268261901,0.45805396113138064,-0.5444963791209155,0.562464858810304,0.8555142190801676,-0.47972415174279337,-0.0906259101536292,0.6475980530257358,0.973784876419453,1.0477959557827274,0.9044427421231861,0.08966463257048944,-0.7088304705919866,0.5047267892234412,-0.5771957555085728,-1.1886016489831273,0.8896505292170404,-1.4629002661081683,-0.8487098562054779,0.5410163016439832,-0.4388800341392803,0.704555567793439,-0.6562845256673366,1.6252138525860829,-1.5266042440792829,-0.7984375759322285,-0.5630183080738151,-1.4116511680909816,-0.576345108792556,0
1.3956400542089724,-1.9484361442241773,0.2877073133543531,-1.6198872389596641,0.2327906754938638,-1.0875876103064124,-2.9421455820187727,1.5068753754685522,-1.3582189970748202,1.2569518638302313,1.9609363127015398,-0.5099528051581506,-0.6900745826947524,-1.5914985610966599,-0.8627850210829725,-1.943141377067357,0.6969792708998379,0.8152894611569216,-1.564224087848876,0.32677366785549966,-1.0195896634266592,-0.19615397147179242,-0.02778722432774766,-2.070999041585992,0.8522569161226448,1.33291671190164,-0.584392033238275,-0.09053832496179506,-2.094126604303661,0.3283442533175641,0
0.17894000323511694,-0.7792857995770447,1.248577186914555,-1.5233753931423788,-0.6677976560569047,-1.2789272943615957,0.6321081138185344,0.7534212829861137,-0.12866734826233395,-0.2931565055304397,0.33192194480208487,0.6860068317207477,1.7645228110584525,0.05445133166060573,0.20940477984569525,0.610761383244181,1.1309780739008732,-0.9924236363438625,1.1719724644585179,-0.7388836357311604,-0.1927357932802345,-0.8966170547025951,1.749936162509397,1.2918295190836988,0.1808259129495981,0.6864120916872264,-0.6302762348897616,-0.3447941834996692,-0.9953298170981627,-0.2872971964975823,1
-0.3762541690302277,-0.6851560969525553,1.0012494477754337,-0.928940927682238,0.2016180521781347,-0.4543118446055831,-0.042562009199987344,-2.826106892861264,-0.8383994124489981,-0.2244640135088718,0.8910354336904955,-1.9549809495662775,0.9086425814255081,0.03621412881125843,0.19048586499509115,-1.407285465224482,0.11856703758788377,-0.05898972093525691,-0.8313366143173961,-0.5332653610502788,0.2728116803503191,-0.5645013084416147,-0.3493287317163397,-1.4097416586776526,0.2263740799426203,0.6770469635453961,-0.810781750146738,-0.15698642384745154,-0.29898890913768755,0.8287170272975051,0
0.3685820113120975,-0.03866377121649446,-0.016078891507970268,1.5521079027185354,-0.26560037028818995,0.7449037881307302,1.4739882439787306,0.6061162858887159,1.12389344609001,0.9797545814639694,1.6177422659548708,-0.12812631273288805,2.479990859994694,-0.41943088010499696,0.6818560858736817,0.474470882462359,-1.307941034333515,-1.5226779975683848,-1.137809514624427,-0.09126622354410631,-0.8154316275420123,1.131645745090886,0.66733090684319,-1.243633517444701,1.757317279286407,-0.15344238074862177,2.402544545593696,-0.01728795093242255,0.4915966960230907,-0.8142911593787476,1
-0.1608832330002191,0.5618897964738745,1.8243532197736583,-2.741409424700478,1.0980962018638774,0.29265461105929425,-0.3157050323639543,-1.5470187490237575,0.3812324934611452,-1.3655312732477238,-0.8514418154152815,0.8523329643304524,1.1746009724416684,-0.041788553001795584,-1.0608503229261759,-0.10074852824289836,-1.57383876750787,-0.7745534679290961,0.21932992876464594,-0.2403413123056978,-2.3920134048278587,-0.34812520119086227,1.6259339100296626,0.25685882523595255,-0.8433687497998188,-0.8972815042120476,-0.819091945597356,0.9285127699620005,-0.19517024589825752,-0.563342750135846,1
-0.1234492097239325,-0.3111631601758122,0.2117699963227714,1.070681394603658,-0.3106176423661881,0.4904668577357923,0.042226258357836985,0.6122340498283151,0.01727307477822172,-0.9606319498076873,0.035021075842547614,-0.4873639831393131,-0.10053053839369042,0.3828487741239713,-0.17276498770229906,0.40838626851180027,-1.0583929330204056,1.4674987503515522,0.9944353778931904,0.1693033841115161,-0.35490079344499253,1.148536968909711,-0.37657036458301285,0.7509607117300827,1.3388910414052506,-1.4606632720625785,-0.8276450577864803,-0.6423066699653872,-0.10904028013942425,-1.805310730125191,1
0.1843167167473327,-1.2317179237297928,1.4780072554177839,-0.672269628313542,-0.9632996202819736,0.11782746361817041,-0.04105109774413773,0.7177520815683804,2.275977231676788,-1.374509594785491,1.010411851538667,0.041101119951760474,0.22868561359247958,0.06959540163921688,0.5855126240427196,0.19528646876254635,-0.44209882533503325,-1.6010540085239697,-1.1451204107711965,0.4833044952808462,0.31612538352355896,0.7394497793161299,0.4732505679445322,1.5371665460267934,-0.005629079588439161,0.49795656515140063,1.9879089377858203,-0.583746110537431,-0.40799724724440584,-0.10677223767813736,0
-0.4375764083438953,-0.6319626111497966,1.463289878409814,2.39864886449699,-0.3284672350206598,-0.1833190596652388,-0.3356498080957055,1.348139365923772,-2.0337276145413115,0.9870669056781932,1.5406671515485708,-1.2882447408433344,0.6396949914128751,0.4236339719815784,0.8284878203989631,1.189624323525942,0.4264112750944824,-2.6328232914497125,-0.9266277222210135,-1.2038345147082636,-0.45672172466411903,0.2641121024204002,2.003379282952827,-0.6760423187238099,1.375476506120877,1.1541585468387467,-1.7133973747089604,-0.37276890908893573,-0.6570105905272052,-0.8534904029088669,0
-0.3067147562671007,1.3059523212154949,-0.022475749635666304,0.3489299893471984,0.4339603574176742,1.0546563795147594,-0.5892894476373907,-2.498877762829526,1.055484616663833,-1.5261665855897206,1.3065043510751324,1.1344648861881312,-0.8164837781816313,0.41542399565591415,0.2731115913717597,1.3960752907613665,1.5842133695950218,-0.5780755971101837,-0.9332255243044321,-1.3020861311378908,0.6727347788789855,1.0112339692238395,-0.1877541476920007,-0.07212164945058773,-0.917198850564947,-0.0018060658043379892,-1.816372800768443,0.05338171079289148,2.1229049209089754,-0.168587880375417,0
-0.6160290183385699,0.35810842346021066,-0.029635750634215374,-0.7789929091816461,0.19138732298776245,0.7970484233433608,0.8214578109614978,-0.37724096104765764,0.16418664109482944,-0.6580584327912002,0.34332309734849625,0.18045649326743363,-1.2135937580006753,0.18215480969087006,0.4343362396065259,-1.2249617206662609,-1.578381875864265,-0.7085898817828493,0.8855052474721482,-0.441515770850697,1.240639832206619,-0.1782923241019676,0.0010340005595409281,0.7141869542348733,-0.04866133451247887,0.27937596642024903,-0.9311443943789158,-0.6451858632614694,-1.2536801884073137,0.7394891991513286,0
1.7499788969187202,0.49969847866213124,-0.03534487987962251,2.8006738710713717,-1.0482165325830455,-1.5647221011067813,-0.24255210975537117,-0.2784394244485308,1.0653736575328923,-0.4055413629540707,1.0231642137581585,-0.6724627973955484,-1.1189447212219623,0.10022317430778571,-0.1742039073041639,1.1304364301969432,1.2606655820315387,0.508737031910731,1.0593074310513735,0.14898871268961156,2.2432553377326347,-0.5714374289597194,0.39065277530381876,0.6148187039684964,-2.153889213889502,-0.9558384505826186,0.2723390748967286,1.5996344191656442,-0.7996983667290534,1.0862267703630262,1
-1.3404239998300331,0.2490435033747384,2.2693761781052886,0.282609195040558,0.3811489673338116,-0.22228532332974643,-1.171468212597965,-0.557779484043333,1.4181919516352302,0.9471445288405071,1.666552521299204,-0.4230114626626252,0.37659510744392466,1.3432106938754422,-0.42911594100668277,-0.953914440159831,0.6165466946932715,-0.8204761050326376,1.310697723031627,0.09594721059864755,-0.38394249473002284,1.402101120983684,1.206560968400447,0.20173061569944523,0.527801554679537,1.3601790458350922,0.5554388009290566,0.05610897843373933,0.05506280914111332,-1.465408065025145,0
0.9881383027807837,0.8425725799910683,-0.5968921560040722,-0.3894063598406427,0.3866013775599831,1.7389505092057176,0.43764056175450206,0.14556896353772106,1.9651963718126617,1.5097723732429473,1.4311961889173745,0.7208386902928882,-1.6011241728092978,1.3019667428368664,-0.2412170289869749,0.053693814190439566,0.08410335521073777,0.14415496299391384,0.18011953697312955,0.651499822900706,-0.35926703698593776,1.2325362228794676,0.231405990738874,-1.285866762885106,1.566761348823942,-0.08777444200431272,0.9833134050503999,-2.2262666783105747,0.06965652710358,0.31680617336588224,0
-0.575213790453471,-2.133466870805519,-0.1705400813961025,-1.0547922304556638,0.47705791824291477,1.3237467449149376,1.6458548100153378,0.41437814704099013,-0.2726303696620718,0.32345005775716573,-0.7658884423991876,-0.43477715027381003,0.637483459616668,-0.38596088385574995,1.5248634200824327,1.073831358695223,0.7680280201563535,0.28678397604910516,-0.7108985272182147,-0.7228247378143455,0.047814057127647795,0.8976056120194109,0.16128123516631576,-1.0847386889186676,-1.2067307589613874,-0.4666437978926661,1.105877012823059,-0.635426286713072,0.21386785159595315,-1.436023390338741,0
1.5684729859528035,-0.024205601367673975,-0.3486104280720057,0.1531870200098145,-0.9649572175298408,-0.6957161439864784,-0.9322754653753699,-0.5998862618361697,-0.8449866585322668,0.8921120205642654,-0.47520363520292447,0.12566734154626824,-1.107445847357788,-0.3570611466204013,1.3056449409750026,-0.260186264122568,-0.43546879693533885,-2.532421050608073,0.723715136641821,1.7000590637390727,-1.1194222034918575,0.32118990818453375,0.19689923748931992,-0.5706982271076921,1.3348017070772915,0.48033663895512846,-0.3882251506944113,0.9221355470546617,0.5763455202120283,0.18571652350048096,1
0.8040307326172994,0.7168690873557035,0.4539801421145609,1.4299307785446564,-1.906834931431514,1.6580235694869876,-0.048685994588271234,0.8109195706752713,0.8888861576543095,1.037564189282695,-1.6091953944848905,1.131969147589986,1.1790014718008215,-2.001743531076902,-0.2841212890096103,-0.12148934043144556,-1.0411810604539578,-1.18559769842738,0.13340780527851898,1.443265402438636,-0.35260812636656025,-0.13953136585992623,-1.212016568614793,0.37370569770826045,0.4029170177049063,0.8439864853262475,0.8033180086913863,0.7711696436413585,0.2257367127444387,-0.1456233009016243,1
1.7301150401289505,0.1405337479483737,-0.9091967466051419,2.0929406454580293,0.8570112959962614,1.23504099255045,-0.39005183335185695,-0.8431790536338268,-1.2172768230240452,0.31080945586276054,0.10527118947825291,0.19627280094933194,0.20669257979246422,0.7164879790378273,-0.1876540553221691,-0.6639057619472337,-1.0930063024546373,0.40194876947495217,1.0821591391106993,-0.24619299997433997,-0.7277229992219266,-0.027921696473266915,0.7112001690637889,0.6169666833509388,-0.4750246135999641,0.44823654190754675,-1.3100398522185783,-1.0741994836453272,-1.1147553127274585,1.3445760343951119,1
-0.33413276142918963,-0.5674029657977565,-2.5695894201384872,0.9043542856005617,-0.9505376726005081,0.8724636479730613,-0.47215001720689687,-0.04574756477118467,-0.8116200677157582,-1.9140915971491455,-0.6342546184855262,0.7404256452345422,-0.10954522367613193,0.2846358378587787,-1.0516420125196317,0.9412869163351961,-0.040395141732533016,0.4240302886087849,-0.9816184826328496,-0.175116084938521,-0.008709847062777143,-1.1579349260954226,-0.8637584829736082,-0.09049054727842706,-1.5304006167358752,1.0016353166253131,-0.14762634381618295,0.28199881476622796,0.21666919821941621,-0.6606837855487216,0
0.8091971319136471,0.10262718856122048,-1.8628731568387251,0.4204431615924319,-1.9317446603740211,0.22740598004157841,0.5510770099987367,0.4374109087537837,0.05378705070364312,-0.1796934532471435,-0.2764555540374131,-0.5116684504168059,1.7561965446573267,2.777705706763227,0.2594523322403793,-0.114327734581566,0.9604410166335197,-0.8517171319829328,-0.5587513088618066,1.3863859771195093,0.14735215952779462,0.12421310666214298,-1.9196129252343108,-1.5636676387151343,-0.028390924958094026,0.5721744220182363,-0.3155539605831224,1.595948828519452,1.5259252542233763,0.06652948705535681,1
0.6024710273471815,-0.5752530682694247,1.2204184761684589,-1.6137984915938686,-0.4353026948743919,0.06025921404015511,-0.6207110180986355,-0.5949275594291048,1.274147254583608,1.7973687456790766,-0.346162107348417,0.42119696472601376,-0.5381164747600393,-1.5526635059059566,-0.4257863177561158,-1.0056346109307255,-0.6123402933871228,-0.38028407151046945,-2.0873974812695324,0.8725552525743272,0.5690702837873578,0.7960264463917448,0.64230202384865,1.358823104145182,-0.7270045773026619,-1.8527133099534676,0.11597902740437639,-0.02300862513193816,2.0258788076527754,0.13277493840254062,1
0.6349575653472681,0.5326196194865361,0.24426490923830055,0.9679464467087906,-0.30290962216633693,-0.04661024944112663,0.3900746021850903,-1.3420702044522972,1.1734589110033693,-0.9568397258207574,0.30441609542033327,0.12028134579080836,1.629237410777175,1.0174253186271436,0.3045194285350991,0.5479481296811269,2.534484085686606,-0.05089507325810071,1.1464816836428218,0.31140867107962616,0.7958364660382488,1.6553811717934948,0.42789367491502805,-0.2610375328609266,-0.7701990814729665,-0.359275032381021,0.35222855040151035,0.2508047368062722,0.8323823017919453,-1.0809837830430562,0
0.9201596244089778,-0.8328792543049292,0.2130373192441192,-0.2203949302853289,0.7345246065638048,1.493565019703045,-1.4228277760317085,-0.4863891310514204,-0.416349561172215,0.5967990955121104,0.7357769196723619,1.8575855192854958,1.4145739799978687,0.25446385587972953,-0.7729270676378414,0.22361076963314674,0.9814898723809747,0.18314211202450872,1.5011125198240933,0.47519221944255635,1.3246589950486085,-1.1826962101653407,1.3125077305783868,0.2120620394366238,-0.4798460965897958,-1.0964326767563455,0.5120566997641699,-1.1886744814896717,-0.46803732624675354,0.7340200058257679,0
0.9988864290845629,1.2510898235624144,0.4951759245336854,-0.016565094574437066,1.7117824944916378,-0.6252935457903039,-1.6745726681777455,-0.27754308208551354,-0.5897159977064766,2.166133210239503,0.256759331678069,-0.25955387089556464,0.33912754503995274,1.06491634387966,-2.234883535615532,-0.772625519401027,0.062155434231991664,-1.3595417311896998,-0.305463468364498,-1.0768963866760737,0.2134793141859567,-1.292128737994777,1.2273848879425908,1.2096728331761708,-1.0227284368418104,-0.054508629573149586,-0.021882041554424313,-1.1421443876209618,1.1882722302752295,-1.8687851642918787,0
-0.26673572561062125,1.2949182926175997,-1.068965188883021,2.1296084363489354,-0.43620916955518557,-0.32989039276562276,-0.9409199794271006,0.1686269397386014,0.42986153953574713,0.3451829681115899,0.5138004103207794,-0.035139182362781345,0.3537121753902761,0.3711980727364217,1.141387014970217,-0.554420847478155,-1.3442054398670147,0.38869175649429927,-0.5889761211792587,1.2067427641786614,-0.27873077665057006,-0.6443748215709062,-0.6700364415304729,-0.9162385060233951,-1.0961017926764054,3.651907832560362,-1.7022105328417374,-0.04332462958507479,-0.5605041387433216,2.763243973352265,1
-0.9414793877864996,0.0954588517469329,-0.16551971376952243,-1.2877632173773237,-0.37234333646279727,-0.6744294311711765,-0.3593750346068615,0.6608038311600248,-0.6905995216386979,-0.6118850717353874,-1.437275878933076,-0.12039202300036217,0.5604647497506536,1.1164258062279366,0.8193656787643808,0.8265140623306098,1.1048219299003819,0.5746285694759452,-1.0870238777881427,-0.08611127861311639,-0.33712018061738586,-0.13983701807642493,-0.07131882769518708,0.443852117297111,-0.3439914760238174,-0.2705488298429459,1.4287123183086947,-1.5441211282819116,-0.5439922972461144,0.30529890239414637,1
0.5589188338430815,0.09397862920020365,0.3064194705904226,-0.2617742945698779,0.27317327698922317,1.5729803153183595,0.9595697354377675,0.14950294838401001,0.3220286872910771,-0.3703069782624169,0.5753665889811529,-0.405983168902308,0.8478084261509867,-0.09901363986862124,-1.8974014812124842,-0.19008016623527552,-0.8219669466095187,0.581248365978444,1.376528181355131,-0.2232520181992754,-0.4742023546900629,-0.4345363740650694,-1.3674648295755296,-0.42108046164614193,0.8172165156890604,-0.3247253647196538,-0.8235254338670828,-0.4787435285183305,-1.3792327426279314,-0.5610079376181925,0
-0.35235291298851473,-0.7457843808982285,2.0674186644949915,2.3875271457034244,-0.7103952257834767,2.2616919003794895,0.9606290134538055,0.42621377617034756,-1.1152289937685453,0.7604970273729664,-0.12712829550920893,-1.2554107877927585,-0.7325610078936022,0.5553523481591359,-0.18658215444965504,0.035039481881504624,0.02789634081365742,0.22230940900104215,0.04007020949603251,-0.5089062260272843,1.361247765048698,-1.6884744193439103,1.4048550473835477,0.7632226200114455,1.0700371227454841,-0.3595983773174739,0.3257979550360984,0.3256032262193747,0.9401637102740485,0.09675533316656491,0
-1.962549900220002,-1.8448354333590948,0.37201117914507686,-0.28661983091745713,-1.0437711552466984,0.3351213143217237,-0.589104824382608,-0.3883478085821464,0.6091757029334471,2.735173729732824,-1.1377583856892126,-0.3728001933394012,-0.7395797807150429,0.25961809197147884,-0.4709148775878827,0.2521727318849811,-1.5777919482956266,-1.0468113245083832,-0.6554504129402826,-1.2134733189451277,0.026454572218001942,0.44238706274368605,-1.2761626041592242,-0.4253125065998234,0.19565675926369555,0.15430257439629916,1.221121107119803,-0.2150679688694906,1.286423727502652,0.028475490399814365,0
0.2881370910101642,-0.41379030035448067,0.6596144897796679,-0.10087879550301121,0.03452493314680396,-0.5216460202605552,-0.050815174767401286,-0.028838517704898342,0.35204020129243463,-0.23993144542090064,-0.07510714021056251,1.5064771897906377,-0.9799325715371116,0.16505388561278517,1.401304708698983,-0.9922710543456955,-0.8279047306217128,0.1569899630781733,-1.4437807613519316,-1.5832758070812234,0.6321742497574669,-2.1375388644140805,0.1994461259776864,2.0786201945233254,1.5355872477083856,-0.6950592761528424,0.41688827094801145,-1.5346944456906721,-0.2783563178587883,0.8877493186741667,0
-0.10304422029322449,-0.057146857092400215,-0.0782407746697286,-0.8307337959691438,-1.7005187616064719,1.132101596306776,-0.6265694149247362,0.4729563131301244,-0.6878307530830818,0.47638088887466157,0.37708349478917974,-1.353351292890462,0.3915572787736328,1.4509695369595934,0.1535856749631072,-0.6617481303337791,-1.6014869891935495,-0.37951432821256204,-0.11230098038161104,1.1535413717008383,0.04586724211263759,-0.6282569923164735,-0.3134899973100524,0.6328522020123671,-0.5033836323061576,-0.9804651314974414,-0.0191980614641793,-1.201006345671058,-0.4337384016475115,-0.3523318586823867,1
0.8303015342240195,0.8935128826384027,0.745143963701301,0.5671442959336807,-0.7621122343455163,-0.20578717140579483,0.3984286439614179,-0.3420998300487412,-1.1220388381065027,-0.47214387252133405,-0.2443613447818621,-0.8848100262955438,-1.2424354801412936,0.16664491152505004,0.3853274398965274,-1.8733963571638026,1.426332599096315,-1.1622796721999797,0.08751950094129297,-0.4027553531269387,-1.2851312052162138,0.720945684845717,0.25978818627727945,-0.347275506384445,0.8597301546368646,-0.8553652587805077,0.3987110833306406,0.281875491794483,1.3392372813769389,0.8473403353346725,1
1.1579506661270986,1.4549459014917134,-0.13720014155204743,0.01398925430963655,-0.6544281845410723,-0.30239077864099184,-1.3149564358883785,0.09163937759604814,1.2616719473060432,-0.7208457899477907,0.48045927004931455,-0.43343371212926113,0.0900336070701087,-0.9795725924018182,-0.3036753556506022,-0.5246365781455031,1.2145754079320665,0.001893234063088878,1.4501414287612864,-1.3377499904714016,-0.7214785688001712,-0.2376855826447241,-0.2678277381776968,0.28351436340840475,0.8172234371670952,-0.9133874212214772,-0.31356045010004935,1.957298006200375,-1.6872965549215029,0.15311851746373845,0
1.0328842389291382,0.1851268005725081,-1.4533175498701898,0.6530755745119904,-1.1614185307345986,-0.4812231392861915,0.06905250043280119,-0.20892682724414874,0.9158175294652109,1.204285870052815,1.5590193450631038,-0.07783356238162853,-0.5654340925417405,-0.06353863035693764,-2.1251805758792917,-0.34374340945639464,0.965326826220669,-0.9656697998788987,0.5350730989739206,-0.3762142319458448,-0.9400983350383081,2.883432285855833,0.44780006222209423,0.21886517890185164,0.374531346678393,0.7339035743142737,1.3870464286536561,-0.9059243378871155,-0.11275386578439373,2.1512134685988666,1
0.5449939145712018,0.16552315547145952,0.43603235145277236,0.6001789218591115,0.07104302164677151,0.6891805791691828,-0.599890047967612,0.5976036336451432,0.012408221154758032,-1.7654422480102672,-0.49262851566627514,0.9768107908760024,0.39193117429062824,2.383829441496616,-1.6236243145169516,0.3396002952973104,0.4508064581087216,0.05334394750813706,-0.49935751978431553,0.21516128831248002,-0.18054569399699652,0.9544647108030406,0.08065698731984011,0.6671810902384084,0.8990409578631607,0.06933547492112486,-0.5054043569390405,1.3135426074736212,-0.7674705359934965,0.2893592508321783,1
-0.20164172161530386,2.220976285604383,-0.1959674465715674,1.4090475355744714,0.026455658822667885,0.7120159811076576,-1.1029186258124826,-0.5301040837120838,0.21208997954954642,0.18222679710163617,0.5908882507659797,0.9100289189273114,0.36450348497821644,-1.4730666197057891,-0.45414180091005174,-2.1921527617013647,-1.6406275479982955,-2.327868118788606,1.5714260731634582,-1.163988556200273,-0.7941679745217762,1.9242691559197536,-0.10694594099918675,-1.2685287649742163,-1.2134562178939796,-0.31911492163077404,0.9519163030689667,0.01789570121375751,-0.5511034734295698,-0.8052660323220575,1
-0.29234867338041065,0.043371810546511146,-0.6016982314477667,-0.2662439181460111,0.7372418832411113,-1.6341855279028392,0.7518493718646745,-0.27179720297903853,0.03802734795031996,0.9304081551283535,-1.4402900256734221,-1.0932417020164429,1.3682616232389937,0.332420732982523,-1.2707500963805556,1.0241525233740578,-1.3687442476368217,1.6939856006034761,0.37962598876712755,1.844918763033332,0.8414212067179392,1.0788607899698486,1.2240240318785645,0.8188269952841134,-0.24807807445346314,0.5156337063539089,-0.7778426290045227,1.0508820595063832,1.0995399553111045,-0.802120637445691,1
-1.9510945360656153,0.2457201937326389,0.441229829892932,-0.35247830804986113,-1.2695685865927817,-0.11060908123985867,-0.24712204158103174,-0.30258671852739333,0.4028577842423198,-0.6513465654573397,-0.10684801132524725,0.6495014581067848,1.1371962218570362,-0.6030122094742602,0.24474910904350333,0.7727594299436211,-2.0089717076921785,-2.235623187382203,1.105378727217576,-0.30546265172462383,1.051841889732631,0.3724687759438543,-0.07483403014468581,1.8609927178072003,-0.7411389440671206,-1.7443548130637607,0.4781020233781327,1.830849254017071,0.3742528200878227,1.4479086739022125,0
-2.27504950207253,-1.1086091714845319,-1.2761644359209694,0.6227007476109425,0.22875523662251604,-0.4555603054309631,0.5357183900052251,0.3455641726282193,1.0037282446165627,-0.39300832143782255,-0.7495020693036117,0.0057699964267151045,0.37411361116497654,0.5047631520516587,-0.4950206517109153,-0.23494338114571622,-0.028980756542244777,1.2882272991507573,0.1988231636584301,-0.2288223170155622,2.4640793112058166,-0.7056914980635247,0.6436183554377489,0.6436765739873374,-0.4650755806306177,-0.9762675249593321,-0.3698646798396961,-0.07622479911197988,-0.16092024436112162,-1.1256546081461065,1
-0.048761382367898,1.2085714321279029,-0.060298902323620354,0.9449978296550203,-0.09355923597385103,-1.2664775097503929,0.8003457252365374,1.8273594373855524,-0.8458045751135603,0.36477373983085265,-1.024482970161111,-1.0169502125484393,1.2522744345165993,-0.5168372607841921,0.6823597916180829,-0.7345663803217763,0.3269136407650325,-0.34996299919977214,-1.594501166787417,-0.03352452447373999,-1.430459509647673,0.16676673244863535,-0.42001245708068174,0.23299479737898512,-1.7902560577257076,-0.6872587045969288,1.2373234797012769,1.304394389100708,0.12695994547121242,-2.766372997024934,0
0.06891329642783056,-1.0582963793246345,-0.8074837839516436,-1.7157964443938352,-1.0562584693450618,-1.0789849722784255,-1.1321634444801343,0.8434451004972816,1.2959207835914457,0.06836900062246425,-0.9302821613483397,-0.18082649759536507,-0.2562783561538392,-0.2070750828005033,-1.0492780472681134,1.2062167062715627,-1.4427915261789392,-0.7478353286903352,-1.7651652228616632,-0.5324960031447868,-0.8623755010310498,0.2050530430686663,1.2915986057113809,-0.23880152589696033,-0.04331967013012126,0.26931452415063856,-3.0372655991479283,-1.032982922818984,0.2520044151944265,-0.8933440496111268,1
0.25184997755817495,1.6332099524765462,0.17725235419309665,-1.4813961976827568,-0.41447468998800296,-0.766459374385067,-1.5146347910032532,1.2773885658114816,-0.010187829465326242,0.8599244951926984,1.0749981035991119,-0.1661861478745221,-0.03299145670574549,-0.16891053104069362,0.2175892269826098,0.118977583286864,0.31040604414164047,0.04146273548882693,0.898509169627236,-0.6841445376352973,0.6853604526213772,-0.8411312398783356,-0.4922088186341632,0.70231276384314,1.6266159145381565,-0.31188492970096915,-1.9207637849082617,-1.4038529191083724,-0.11024616664222686,0.7989696791054386,1
-1.667795275425563,0.1802563548308343,-0.3061723730679067,-0.25653408414605683,-0.2911995942265577,0.4094152406123633,-0.22697634609352002,0.33817401311688566,-5.73178078921545e-07,-0.5188042690767188,0.024101259661728068,-1.58962673566319,0.15702045542115123,1.1903267198956002,-1.2147974935797612,-1.4700253140286548,-0.4723821521137812,-0.5721192338070717,-0.025355637735491647,0.7137933620994255,-0.09502261040581747,-1.547874922946338,0.4980589114176538,0.5667193289348063,-0.5101527299583783,-0.9384393351228434,0.026507882842141648,1.046168446412236,0.5840225333391345,-1.1426344687798586,0
-1.6872806411805004,0.7357135622728656,0.7168617667728038,0.283863748101602,0.5208604253645235,-0.3247054508451027,0.8455542795500558,0.7431568608922937,-0.7298788813063922,3.1681438228915426,-0.24068174124631095,-0.41422706618516014,-0.360666372144876,-0.16919506778342505,1.3150024122454382,0.7065501776202276,-0.5130372550976838,0.3242402209923962,-1.6277002971802552,-0.16338862389329828,-1.5565944104313696,-1.3738336365894528,0.0037560772354531384,-0.9595206342126277,-0.8058274186323544,0.04626345794330799,1.0939744464361107,-0.6794643263640767,0.4882684988262281,0.6169795422007044,0
-1.2860570916337373,0.0664524334211823,-0.6850731188203252,0.1731185451523563,1.4086860921214122,1.6071303699753563,-0.3885456284812579,0.9687723830156184,0.9628455053428351,0.9725244744396694,0.6651638128850456,0.18165731540222568,1.0178288999973086,0.6063606547922148,-0.21623083751613323,1.1338845553622827,-1.0400834357645252,-0.06645180375338347,1.6497130943382055,-0.6314383566842827,-0.8404504927277646,-1.913840853638176,0.5518235616694322,0.025988262111120024,0.5356807025386634,-2.19144957792813,1.1312513057186633,-0.8821048833913345,-0.44884065976085646,-1.0276123391644758,1
-0.020268979289289203,0.8664966665855532,0.517561947682257,0.673718804642431,0.5879518541209855,1.1978118127661248,-1.3584700169731905,-1.3463850471405558,0.7936750027127114,-0.5293240944025855,-0.7572593366885397,-1.1960005626162873,-2.1715280126210623,0.669726570490356,-0.6335542840883003,0.7235315750571981,-0.2585576460213881,-0.12710605155975865,-0.11301387277576498,0.50152456532069,-1.0464750306082122,-0.5181243156705091,0.3724298209945614,0.7449621940046202,-0.9671132691373239,-1.5437925603645692,-1.8696383433447283,0.4002536050099057,0.8833376118124138,-1.4252400729903405,0
0.25757620410149545,-0.6158950160630461,0.9593780013653319,-0.7136690574723449,-0.6935415493045529,-0.8089451461438324,0.007988214701751921,0.588318425953508,-0.4537185823093291,-1.4450129844760022,1.0016968685245395,-0.49077795306160493,-0.8385654158940475,-1.268379537323646,-0.7062119298201227,0.3070167402241267,-0.5438746308075819,0.33175756759569663,0.4278958515001772,-2.047690384156346,-0.33675699687743316,0.03380053962679757,1.8881578697684631,-0.06412330011961959,-1.1534571998239167,-0.7015380270311434,0.4772635020445361,1.8436184205887909,-1.3154914859795028,-0.8406828365726153,1
0.8488280917442945,-1.64486853988996,-0.9080766539252924,0.29826158967398575,1.1421072914037569,-1.8061433262136297,-1.0982670124778284,-0.014870230856227662,0.027965252767719138,0.46700826657671435,-1.3261228171754298,1.4587959503627308,0.03732873609476326,0.08780627160392956,0.27682385980380375,0.18589840218290637,1.5574632470515006,-0.5252688162502317,-1.3807132150747174,-0.44210386046749217,-0.3434274879782782,1.09806367213362,0.3744633152317938,0.42224488374357644,0.16398507981934476,0.4947272821830187,-0.20524117915175685,-1.7904352769210348,1.6014871528398638,-0.4373731907535514,1
0.14016380778282495,0.42631571987293615,-0.8049891490082064,-1.9740945103021614,0.2835539829376785,0.3740155880837659,1.202770962145675,-0.7912138481687139,0.586370636441205,0.9938967895332895,1.0873198542572673,-0.12549618872222132,-0.8929569656896618,0.24629325004147565,-2.17083405268504,-0.12173075176113168,0.27734346281745326,0.9704236863068262,0.895024432766731,2.9471328258643457,-0.42855181509050294,0.8508128496114822,1.5850570935013109,-0.007088801924559328,-1.0672780858210773,-0.6816440343302697,2.0682560685755798,-0.6173221750280934,0.2525016629622403,1.0351823332453034,1
-0.8756628148849324,1.1764840841183621,-0.037020410954051716,0.8713001942521696,-0.3429678615993954,-0.4117612441873516,-1.1535197885533879,-0.3710475712199046,0.6003084014863084,0.23322837995381976,-1.088754460704711,0.47383411802407055,-0.8769473608419215,0.24424886191613865,1.74622342649387,-1.0592213037705074,-0.06266300886719538,-0.31889587402067476,0.5997513800508958,-1.0734075335435598,-0.7449796302164934,-0.9031064568248057,-1.0817760547276611,1.1046600035972305,-0.7412310990833095,-0.1871915983955786,-0.26508213930905994,0.22388898164335141,-0.8194238170403415,1.0338516287804496,1
0.2952064187874697,-0.7410734446462506,-1.6329330646018207,-1.4167587665390475,-0.466219165241056,-0.36068846029522195,0.4910214600718505,0.3242826614476229,0.5789561694511746,2.1224197089816124,0.6030345945433156,1.4817436288291503,1.1125638813960816,-0.5257243844923287,1.5079878807114904,-0.25973602352417635,1.2230242394381907,-0.594355924689497,0.2137462874408141,0.2984002414253764,0.7688402333656144,0.38557237901080155,-0.5250400335712355,-0.30102399818971215,-0.31396103515169804,1.1816369921023013,1.3200292723353713,0.5722987899711697,-1.1311537273562629,0.17834421679291798,1
0.818725354608031,1.4562429487164117,-0.40955988857711606,-1.9898849819937217,-0.46905118333484475,-1.5448264990516143,0.38550925107878486,0.5017582569825102,0.42316922677790164,-0.39688252276967206,2.075249865518928,1.3867786787534797,2.259254418629917,1.785131147340585,-0.05130074472476836,0.5175007503175612,-1.3806061908618212,0.9262411237326801,-0.8437282815769557,0.8397016169701613,0.07893435717139137,-2.2787396915396605,0.04836799307154061,0.9215443348866121,-0.6030038199442438,-0.8572600205652757,0.23306816385025067,2.097803996976423,-1.4116251302755658,-1.5510025801490688,1
-0.682773469071938,-0.7229169342106222,0.7759554295095629,-0.13971185269797878,-1.0038174668145392,0.4036166319670177,-1.3159819062278302,-0.050461782802954186,0.17836398682466292,-0.20437085043004943,0.838347113734501,0.7249051004947407,0.6543940768176097,1.2432220403044085,0.8749085342447721,-1.4081179381397833,-1.1765517167605712,0.8526047251673841,0.7507410724540677,0.6112044960420536,-2.21203289162461,0.13908643210348298,0.44796603885551395,0.09927245794828364,-0.6082171156799885,0.6587739342695801,-0.8459672943721783,1.4389968660192654,0.10733537341499168,-0.7065050658318585,0
1.2961182590307532,0.9510338695498843,-1.3670436123720986,-0.5961918418410236,-0.30542013224364994,-1.734561685752931,0.18624011764546547,1.060579973612721,-0.09287903843495403,-0.2425561259993851,0.818195774334263,-0.26526409867971407,-0.3239399633249829,-2.0712111079258015,0.17307634010471684,-0.6811391476395166,-1.5753637486058667,-0.49541502347669086,0.1481448905363534,1.2694048034875132,-0.12299011817530565,0.09095108169042976,0.5233985323785781,-0.01490120770657982,-1.8427497744653332,1.5315173377228846,1.0632161522819294,-0.4031123032034916,-0.4437851177914932,-0.426751792657652,0
0.29727178870124005,1.2378699741554016,1.070025899967256,1.956254095335713,0.1746999085955877,0.9861155685376327,-0.8179090063572404,0.7263054757558294,-0.8371625837234479,0.14177402827878022,-0.10055082905222636,-0.6849973915284915,1.6679503557892779,-0.504953006389052,-0.6285023255433553,1.1531679913818016,-2.769003500509466,0.7776038000009907,0.11954667954350283,0.9282059576445921,-0.5183618385136938,-0.00047728897303042064,-0.04855053450704507,-0.0826494245658148,-1.8788972051463342,0.3888734607877637,-0.9043221525006487,0.03422141552304605,0.6384414415802071,-1.027590854622808,0
0.6353790983869573,1.6199283399543445,0.0722533171805488,0.44454921588425167,0.9750419966844402,0.15465172438195593,0.990026918422072,-1.4315819464482662,0.5077070745844742,1.303819015718655,-2.3286537731665033,0.9282811771869548,0.06661899504392654,-1.1234975187978042,0.4336136503842657,0.8421126408360511,-0.5213449358317331,-0.4686060835615884,1.6131756592047837,-1.4304375507028697,-0.017966302171323088,-0.0009437389592357257,1.0713335968095274,1.3324180949485283,0.23780882535737602,0.7368470879895224,-1.3862128358446444,-2.2586669665197676,1.7247069893916662,-0.38037386687378427,0
-1.248673045209166,-0.31654958460453525,-0.06164320573282601,-0.2416154860027767,-1.2578455584781072,-0.45318564953922214,-0.6768079766444306,-1.1448604055301488,0.44669047115183014,0.8306111450587996,0.9913295066460032,0.3170891089898812,-0.3326669062228024,-1.308766997168671,-0.8561200771032583,-0.1665741456079466,0.41429081973752047,-0.06049048165396147,-0.13641750904300573,-1.0328540316032093,0.4767061729215908,0.8103320677293463,0.12721379536655053,-0.04934689932711756,-0.4390610705240543,1.4466333229025077,0.4684485564137695,0.3389924788578128,-1.5553601194872664,0.7737913216210378,0
1.022728985657304,-0.11142881440459373,0.1285067815242067,1.465347656869106,-0.46662988062289473,0.7622227660702233,-0.9415477145448594,-0.45345275141097646,1.7829818804370325,-0.12071380080856339,1.1185745723678797,-0.04286627105414586,-0.23571729171215222,0.3085891146733102,-2.3127881604689566,1.404389661109228,-1.8378730238917953,0.3140353073659014,0.7284000811770228,-0.2732261224420952,1.2940498920267147,-1.7773743867040601,-0.5142507142217809,0.9430108903499937,-0.48346661304477234,-1.1903074582320539,-0.38430547848673896,1.2667130390116552,-0.8467602021938408,0.3453055487718641,1
0.3840544974928711,-0.11618154275458235,0.26377412379370296,0.9384666404787374,1.4071766883690064,-1.422467927726374,-0.7043966003926727,-1.3860467990429017,0.9218031349962609,0.05439727468254603,0.43130588117018004,-0.6848088675731493,-0.12358755213769847,0.26162476060321216,-0.29064695889922204,-1.3678350209520413,0.27447720113170876,-1.170578930530703,0.2089792527012959,-0.560951523334037,0.1248481551956201,-0.6851950044889515,-1.0522417530178556,0.009422701439475588,0.328705083269708,-0.1602042792418556,2.2667926870972748,0.18996670178305508,0.17053493412846915,-0.5975427595366181,1
-0.5867996246158843,-0.20235551741969052,0.051939543670476394,1.573743752353673,0.14552703379638932,1.0510836043087406,0.4040461422830401,0.803227409607434,-1.2777434277256607,-0.3390810356017941,0.24473348124648628,0.3145365029312272,1.32244017203445,-0.5607572666482494,0.6403844070405954,-1.4941201822395775,0.3203534801390347,0.3156355293403316,-0.44200028601709124,1.4538010567798787,-0.0020608646790008255,1.2848414369390646,-0.5318237928374631,2.705908548767159,0.286454473745886,-2.4484498425726224,-0.29694147762528755,0.9216855764255972,1.162514976410256,-0.8234644614159824,0
-1.3181382836694309,2.939307832303101,1.323054192777404,0.15785346136128828,0.5263580548041833,0.8938968101591211,1.4145125857268543,0.6182662925297985,0.7030085578060828,0.849538222237234,-1.5257925321724484,-0.5543670822177368,0.042538993933893654,0.6271432069702403,-0.545085919865871,-1.284297138117806,-0.023853812072081707,-0.7212537638956719,-0.2209312749026014,1.4223584831766807,0.21177989870147712,-0.49893355136855405,-1.3113067615913792,-0.9317514354258833,0.4034419248620385,0.9301850297157932,0.6160842221688841,0.5173529202755861,0.3857535767323289,-1.385923455403282,0
-1.7060045236218584,-1.1179809687096642,-1.3047345139098094,-0.6911017148740223,-1.4845665105753516,-0.9864426358782238,0.8747858664138257,-0.9690658919391083,0.2579454937448074,-2.0572876766386328,0.24415579167856966,-2.0275418619603993,0.854233412112731,-1.4451467610119746,1.1651849289794929,-0.029537457148095813,3.2511719825222656,1.36981085447966,0.5157964401337929,0.3940337556817817,-0.6030160365999869,-0.28588894254265124,-1.3453358804155708,0.002535336616277171,-0.8994975030568313,-0.012954126734472349,-0.5780242235677525,0.15845874879438998,-0.3629884473147846,-0.06028841022981765,0
0.7326120739237364,0.9284215172960262,-0.999696047794255,-1.3946635585230995,0.9426657058951795,-0.6759633543927216,-1.6032689482204303,1.3982362157417823,0.926083495603563,2.338113981200538,1.836534847695914,-0.3173889658273276,-1.8865313953750666,1.1099923523278978,-1.3908717601828753,0.39515296976921427,1.2232292561943088,0.5871181455073908,-1.4121245925230996,-1.0951241804468104,-1.5708584516501969,0.6189407272520346,-0.7012129227931543,-0.2608129543023387,0.27740184334652174,0.29319359287777425,-1.0645870260892898,-0.3859309523627622,0.5290552251789553,-1.6430712272846282,0
-0.9643124214325346,-0.7938744560190628,-0.7249213406411166,-0.5865354891330059,-1.6160954714299753,0.935196241142241,0.9226676763292981,0.4989625245896884,-0.9517842916314068,-0.28454828184766484,-0.542355057610076,2.0551382110225522,1.0508724655965715,0.9852146321880355,0.5296054020895374,0.926972775611757,1.1193096560299227,-0.6507364894602427,1.6916492101229825,0.8012805343950598,0.06732043388849844,-0.9689810070289583,-0.6121222439670918,0.3755326909960854,-0.9945462219671012,-0.3308433996073075,-0.6293435014629476,-1.6095351968538343,-1.6606079953949948,0.21616964169200406,0
-1.8745311075304063,-0.6345924287104704,-1.6694446455197025,0.3538013115713702,-1.041251112703373,-0.013475836353593607,-0.4501452559992512,2.260342105280268,0.5136820397426934,-1.2186074926992378,-0.45097517984960034,-1.2814424252177428,-0.9080689996389891,-0.7904025739175589,0.7210710794243607,-1.3278815578235967,0.2076263421708622,-1.8808333083873674,-0.920805010285973,-0.7882421457187844,-0.2578606673722695,-0.6201106570170306,-0.9008702804263938,-0.17129149723320264,0.10047796025030145,-0.17972918987135564,-1.2206201398593692,1.8368979801221155,-0.6743873988391479,0.35285947033886567,0
-1.1899914524760353,-1.2587670775576556,-0.11343438924474901,0.1259908514656186,2.2191920852649876,-1.9210742763195372,-0.6736322913454058,1.0517937758822105,-0.02552061677003918,-1.0407153429309512,0.9511639989478119,0.4999278946035949,0.9293599216279628,0.7077079598265813,-0.013496040422485749,1.4320053027749615,1.2160569748850059,0.508344153224786,0.7439910932930761,-0.30986431858881197,-1.4665873201241326,-3.0426004332409193,0.9090907573709551,-1.1881913060600426,2.23565055679633,0.7702611170106823,1.6257549849574633,-0.1097784740004337,1.6778953141268016,-0.41101872835125564,1
-1.1456993438693708,0.7547267969144817,1.544059181325529,1.4623211361982031,-2.9588916036293886,0.28825746190575247,-1.5081551471164814,-1.8459812956270447,1.2425812012765225,-1.2923811933857101,-0.2892149834284278,-1.047116159208251,0.7238884600719997,2.8236921262399055,0.24028151484186228,-0.36372379153390466,-0.27398098083132455,0.5041103305185164,0.2904490565380763,-1.0476621570372326,0.6542652771405425,0.03683620063864189,-0.6728657705583506,-1.4721782392027298,0.9480280378529404,-0.09365696021455919,0.8707941236456728,1.6157794390048024,-0.3149976943274148,0.7530140772830678,0
0.3732336042913282,-0.4972697371508035,-0.3901120436308803,-0.01600531202801927,0.6204320156599329,1.2792913078313928,0.26530609042363307,0.29747934153827044,-0.3310758090917005,-1.062979944682832,-1.2681093156563197,-0.6921230779223225,-1.6643240500859775,1.0847491390410522,0.7414632884625472,-0.07478150913914434,-1.2970152157414427,-0.554460389428528,2.6701651126290487,0.9180551784321298,-0.5527294357749826,-1.46805711489435,1.5703580787898794,-0.843032968904827,-0.5771406118379462,-0.9013700160319134,-0.5464209889285493,-0.06712118192155093,-0.5254924585617587,0.05720977113841784,1
-1.13659612870799,0.12935373043025739,-0.035906937852249625,0.8319806819202853,-0.935179047634226,0.15867886693131159,-0.5111187058553625,1.176245832059983,1.104930113579379,0.8838646077190768,0.4498840270300281,0.9639870054780559,0.580354061466838,0.8163956348206126,-0.433972505039004,-0.9468625527963132,-0.91815452265153,0.21336704764694467,0.5983106124682079,0.5559513296864466,-0.6142362965018264,-0.8976006498943129,-0.46616855577417987,0.5629759499963825,1.0644146205185283,-0.5454395557608857,0.8610843105734693,0.7650397726231887,-0.3937210156987081,-0.834482822488288,0
0.3633072475752379,-0.8860472347444922,-0.9918220096849298,0.18941354704131197,1.064565468224038,1.703980502219174,-0.7802039844167485,0.651979041724826,0.5240861149575313,0.5225292622567164,-1.092562992177711,0.854258855019539,0.10375944751209662,0.023227523661776907,-1.8098059067032775,-0.5066081491200782,-0.12091827233666087,-1.7393265209155122,0.03263618858843736,1.5472743151594752,-2.5224513367717054,0.8858785294691047,-0.15872394019114688,0.5473082333326307,0.4671110601593169,-0.7308631071045777,-0.06007179634953047,0.04348330239452806,-0.12189845141974694,-0.5515448458581921,1
1.3613277768325247,2.0187793220975103,-0.80791836227814,0.16609278583612164,-2.2992711045635086,0.6330758908694122,1.923568901559779,-0.027612234049082033,0.8373166423361127,-0.48827143174229176,0.4377386884924162,-0.5548498987592854,0.4849263058680864,-0.960380256035872,-1.0138811464966178,0.5902205241834768,1.3660849042978809,0.23326046251975244,-1.4156914491771275,1.3512201728028819,2.1372204671629564,0.06866268591309123,0.3281755266851073,0.666416612173762,0.8456025575549984,-0.15998718153861682,0.035879979736298105,-1.620784001980666,-1.392555323924606,-0.5749904585817903,0
-0.02412468555095449,-0.42857301678983845,-1.5175515342982582,0.8044058135141123,-0.9674960415584233,-0.16513294341484533,0.20440364324942478,0.3507766142111021,-2.186418599332663,0.9818603654949348,-1.2101551858099344,0.15232824247631027,-0.613403205882935,-0.5654490150923691,2.2884929122612,1.124398384049658,-0.3022639500270469,0.9680379403701651,-0.9947880010798409,-0.2756265080338883,-0.598664259905215,0.37601927736773755,-1.2464216007068916,1.176940774949744,1.378199437704861,-0.2945584683249575,-0.018047616182113622,0.9728536041717335,0.08473258509180578,0.19224907221685542,1
-0.7810932549836129,-0.6943471412350763,-2.4490926911075976,0.9728084188466236,0.6632896998590087,-0.10404502069638018,0.17892232081648074,0.14412357611752713,-0.33819939215931133,-1.5900628772816159,-0.1955849457286234,-0.17674560513188367,0.5558320774602483,0.6274264644521155,0.529996974712911,0.1641031874647478,0.3787780950143738,-0.147537786011203,0.43276359595955527,-0.023577267355670697,0.5346610093594399,-0.9319128117517277,1.4366230758369922,-0.253377245893307,-0.8064145332588734,-0.7344491388908478,0.602026988735971,1.1339392838414475,0.23206983125683325,0.7741803634825996,1
-1.4448229089077573,0.34754535030015227,-0.09983336901488252,0.6956057394297049,-0.23487166725558611,-1.179328431274952,-0.5183106314547965,0.0003151132916477072,1.2815143762505743,-0.29685300564131784,0.987258171911391,-1.0593071719527636,-0.6335678497575976,0.8804993242917885,0.8930684865776608,1.0211500513520013,0.5262506799059,0.48530090943730064,0.6403797160999722,1.1768777209858086,-1.1984308275129762,0.5547713330091038,1.1539456443424032,1.902097926954909,0.10123386916147963,-0.24573935931851842,-0.19162747733459462,-0.051373162729575546,-1.4549524567216592,0.9610517594875373,0
0.5453964401715444,0.7333054305754444,-1.8443433079842488,1.8922729916457113,-0.6840609797518894,-0.35639544652152494,-0.39508961969252504,-1.3204731989602945,-2.139071623764205,1.8295830908359412,0.03720237100823445,-0.2962647747998889,0.5629427522882914,-1.3463008852299583,-0.7230125633163994,0.34126283397958385,0.54154044496084,0.1957998585792915,-0.4459817122204825,2.250432170832074,0.13343701474008804,-0.40752438278535313,0.5749054388599741,0.7810813371338817,-1.2933282620106243,-1.5739921435700273,-1.2441357077223136,0.046358493743957147,1.1801963028101337,0.9856195595228243,0
0.5312644317217702,-0.10765894083753062,-1.5014664488570495,-1.5200356225206961,-0.21047223067488516,-0.33852906157911455,-0.951634658466259,1.5862933859652402,-1.0290089166189473,-1.5513279096886974,-0.27810522201527854,0.94340695861763,1.3413486424535928,0.3170566953810178,0.5870439532813451,-0.6180004475359732,0.6897545479548314,-0.9290614989718238,-1.268165136502182,1.3978332205724422,0.8502141714073421,-0.4783498392493236,-0.34385843133446675,-1.7468686253237191,-1.0404510725958351,0.48778069101535354,-0.43174963878959033,-0.8491696067890875,0.22983829514110946,-0.5042488507289926,1
-0.9679265481807738,0.4467903204642617,0.21174958640208905,-1.106506341284129,1.1659072557189922,0.9352610013200745,-3.3442526463611237,1.7626845451304527,-1.6836667599211244,0.6140430584377331,-2.4331687812833134,-1.047882612580504,-1.6296055738037265,-2.17690954670271,0.5584869734043866,-1.212807558519843,1.0481065731358756,0.044368972238547175,1.0852349551325235,0.02303816523944829,-1.6642517859096597,0.05190713858398769,-0.6561593307325464,0.8291959918472052,-1.1675037117071643,2.0614042611017993,0.2602480034829187,-0.8721976770819526,0.8502394880356919,0.1761832753823202,0
0.7442984040402302,1.7620773917555943,-0.11540717876688703,0.40080033285198946,-1.1730409523291072,0.8610703737342363,-0.36690919320096815,-1.1876551544924963,-1.8234190641601886,1.1881981805899646,-0.133578241590366,1.9931972155959028,0.8039983139135103,-0.9547240177303099,1.3745015436601904,2.1365627505996563,0.33450480616770023,0.46297060506602655,0.08657015545546547,-0.6021924575246281,0.7165580184920967,-0.8491553058276665,0.9315811903130469,-0.7173396222564834,-0.009042933853910457,1.7869406265465457,0.4672949862307892,-0.17445344157591713,1.1595967855565987,0.9447764204323198,0
0.037515252331621465,0.26343845422312295,1.9135287808322425,0.9105404878087584,-0.31693521589605084,0.9139486165713867,-0.3129386680655016,-1.3214105283489337,1.3483133615253213,-1.1534578466309469,-0.3795869018793682,-2.3847349194992833,0.24570307799908048,-0.8313118083713189,1.6379675215280283,0.023792734069011008,0.43476186167361547,-0.7339788358281263,0.2598142856507332,0.47431523009359794,-0.2842939423331973,0.9272782401617257,0.23799225692519282,0.4272554873046094,-1.3064598669297305,-1.5874383475237106,-1.1819861804532368,2.849106662874961,0.13161908625840343,-0.02539191045248184,1
0.6411236693940826,-0.6385169366111663,-0.4667013931843554,1.776044591923311,2.2171767876803177,1.223930455345292,0.5223833818525805,0.14331132493956122,0.46924314689884367,1.4245198907222096,0.22475524361567345,-0.24238600377859784,1.596697020305481,-0.16407781289614334,-1.4257355639385603,-0.43440175316251695,-0.2736244309389041,2.161040282356985,0.34533755351193524,1.1429931432383769,-0.3715747268923678,-0.6111287436995422,1.3991866300908182,0.9986132124361067,1.9855731655003561,1.2426676365049154,0.12246189943014114,0.19195710415914574,-1.0631975293056781,0.4191476939725499,1
1.2192019671449306,0.5976982769681338,-0.396440393772167,0.20274046619868333,-0.17848902782482481,1.5568953531288587,-1.0231958996058936,0.5442772985484526,2.3790211922609634,-0.1971436343313218,-0.5600808104849175,-1.9160566112335555,-0.8391792940398625,-0.7910561923448873,-0.6252615260082433,-0.3057948870189366,0.46728742242372523,0.5369515436414921,0.36348266294732334,-0.5289223378532476,-0.3201324212420513,0.320020257930403,-0.2685550461492084,-0.4296090772386188,-0.20906586574966396,0.2562816153414226,-1.245801298253305,0.09877572330965766,-0.8384876248522621,0.8418892221226038,0
-1.0018500064016425,-0.5270235392192855,-0.47581050096270816,-0.4913895619844389,-0.33236784179988127,0.3471125863219423,-0.8242339512533478,-0.14081173318332454,-1.253042402539542,-0.9957120430422901,0.9187464977402628,0.3784554425114109,1.5825031180030233,1.091438620457404,0.32373448350123085,-0.269699791317549,1.150418890473579,0.10655229370678827,0.8494063042064129,0.9319992982343498,0.055564479644802434,0.042788028738337175,-0.1932269931512532,-0.17216258437892681,1.0536365272293278,-1.1702474447443623,-0.10420566581342508,0.7264699364996026,0.8173835273835806,0.01828048937244501,0
0.1639932033982629,-0.15212711014107566,2.1245296052355176,-0.06634633476627122,-0.3468531972949859,0.5055945850132867,0.4732683702033103,-0.3011733226913418,0.6146704621034328,-1.4925438335606676,-1.0714703558630296,-1.952110844680496,1.2406077613065678,0.2728018769418302,0.3448821910433467,0.28365674491913717,1.0062927701802173,-0.12050270631896488,0.18205222208443345,-0.19289345654881868,0.3014003582474176,-0.7200647748297735,0.4306468348472024,-0.521143738537588,-0.6931441187642753,-0.34692559185997923,-1.5986651254864561,0.2323955859493618,1.3426755297114945,1.4186935361425972,1
1.7082150270805883,-1.8622482776273654,0.9498446831955807,1.1702356752574223,-1.0214384609102682,-1.703412023902961,1.2156222456684453,-0.05474740211254703,-1.5057809115514214,-1.0913640148282866,0.212443364664828,-0.8011609016165634,0.0600739519505406,-1.2234030326747705,2.0755620925797196,-0.0898559763777486,-1.2968857886718328,-0.07618286082084526,-0.20458632261883244,2.0787319206643073,0.25775245253067797,-2.2180601636469937,1.0024361324945494,-1.1125301671551184,-1.4638529984917539,0.8433857673846852,0.2790155163358634,-1.2475657487846634,0.9619550333891841,0.9590769892045956,1
-0.1786497580802854,0.4044033958800044,0.9923584286286665,0.14304711500883274,-1.6161223305059265,-2.3380585065884376,-0.7623249309288093,1.6221734763668003,1.046875910855159,0.7141955304097434,1.396989151135479,-0.17467326302935227,-0.5129489281606956,0.020357483160748303,-0.9165808499761552,0.5829778805432125,0.7423408424626285,0.6434460640741669,0.3264245895532212,0.9375671630346278,0.5471128250067953,1.2655792478762018,1.097941027070875,0.19365019062773653,-1.5885958229133248,1.4248268427744688,-1.4444976257502562,-1.5219685045078826,1.0873820562812042,-1.3853088703518601,1
0.34973643853377095,-0.8976867592764863,-1.6144320422809095,0.14958949205571173,0.9692272698123189,-0.24083835170902337,-1.8897016097401442,0.2839329804682277,1.4398992196000613,0.8354573403701491,-0.7635722140223777,-0.49176156525056525,-0.2591372834387428,0.19941177521920167,-1.8541429949903618,-0.40081639560046894,0.07770197015238683,-1.216153910104616,-0.7027011819431216,-0.7768123657797357,0.641414851145669,0.32668740550998093,-0.5411129188011167,2.0918260192759153,0.8886536358906711,1.8565684074883384,-0.17172799525495203,2.01876170424139,-1.0527304567815656,-0.5869733652287665,1
1.0497822741737923,0.3713324653731211,-0.302227478215001,1.574978918055901,-0.8923918190224297,0.13103064841846734,-1.108605184983598,-0.822171799517267,-2.722633626598972,-2.130130083927602,0.9467078360559156,0.9431586169459085,0.932820002108523,-0.05661951777537928,1.2376109067324401,0.10194478041027248,1.6828379654225305,-0.5841617478179746,1.2426330862656183,0.3488266726119335,-0.47582742504559233,2.62008641364393,-1.6549468409415715,-1.608099323478014,0.37862557910045247,1.761545592644698,-0.40644376549539785,2.1615275339672175,-0.31249327454868964,0.32828391666278317,0
0.7219524497890545,1.208952136449483,0.919443613246223,0.5626845436971931,-0.08010892085429289,-0.6597406742755495,-1.409866791873206,-1.3451576335357684,0.34294537117467055,0.1243476840664572,-0.32387458535626695,0.8950441896596679,1.1489261742459425,-1.127155566498638,-1.4253262159873523,2.0189021065223782,1.2740382410173772,0.787807109063862,-0.020031757211135363,0.20795693051946984,-0.7959693145386745,0.5281396223695203,0.3090452061594558,-0.19979356785695027,-0.6873874816538679,0.17341226054033684,0.8802836270117903,-1.7538909968230416,-1.1745605772556917,-1.6090879345298041,0
-1.8672469605893265,0.7350360948009595,1.0021411203311892,1.1971157262527587,2.7806965023980035,-1.1077778718182711,0.475749199121041,-0.1695611730776815,-1.1647484704617828,1.7064705558251057,0.5133362506294544,-0.9985759554653676,-0.14288098747351824,-1.3731817409735543,-0.6442536081848785,0.8943828844434633,2.329481740112098,0.34040403894003485,0.5355211107845754,-1.2917649857597746,0.6079322378671201,-0.1035333254155369,-0.7847322385155329,-1.5421798322894495,0.26922845482159125,0.5716870056165785,-1.1073003210208974,1.4212487650861638,-0.49190191056803556,0.06949340758402554,1
-0.799915084224147,-0.16962498900448683,0.20064247800289564,-0.5604716921043875,0.27672336498863587,0.7308002608130174,-0.8487188376381575,0.2683300711714592,1.7778134309770992,1.982600003900944,-0.31208389606756903,0.8271560056678783,-0.3803362953298152,0.16536767259543214,-0.32550363932382287,0.42874925612289944,-1.6362792655540375,-1.2555497767761892,-1.6028783302742473,1.1787882319154057,1.0497260410820723,-0.46398686528957217,-0.3540652431390328,-1.957135518581761,-0.1339203922664889,-0.40209265023057217,0.6100983003081111,2.637198177155773,0.9649610851015072,-0.8417494168742058,1
-0.9216017405358035,0.7098082561712462,-0.6690707198683783,0.27316444252683525,0.6976471054525344,2.6785130032800546,1.5193470634127413,0.12560717953834313,-0.92072414857787,-0.3495758672078442,-1.755411003945229,2.0050704373215384,0.5783160677107891,0.27873171577603006,1.2618452462274108,2.801851028085237,1.5028552981044647,0.05027821077626138,-0.49546406912987995,-0.4751891903609051,-0.9935079712901451,-0.9425356181709801,-0.7421103412979926,1.2499797198166613,-0.947836234723768,-0.7839142580752383,-1.4276946492399811,-1.7628290174076067,-1.3897689978830543,-0.32970212716345365,0
-0.5940707170410259,0.7913524441080286,-0.02783844481650722,0.5626363920375081,0.4259409769900822,-0.12646845661998457,0.9400436693537675,0.37859632401366083,-1.5331940221223879,0.49303083417703797,0.6308901502517807,-0.05507442596623597,0.027230992831229647,0.7025370158815208,0.7862361207209249,-0.17585867681142703,-1.014764830483514,-1.1843439326004603,0.28637921276777645,0.27382674406748175,-0.8700617697237062,-0.7639622324243484,-1.1811394116227565,1.7513770020906347,0.815793090641531,0.7079088418430117,-1.4074907668290328,-0.07944050566042235,0.5779274556820285,1.404298468035819,0
0.6815315412998423,-1.2595397276692504,0.3336234209306638,-0.6338404234790184,0.3447248592790757,-0.4766672306519065,-1.967062196870111,0.07591595165611922,-0.8933516446303826,-0.8329830861354746,1.063032521920343,1.354512538080942,-1.4879001601339625,-0.5313388626501255,0.9082798233553749,0.05158433577356714,2.3043237301824666,-0.10391384434800371,-0.8523691674408375,-1.1611095065644186,-0.8661470668985398,-0.5682441215686997,-0.05038107053691458,-0.14527655369029546,-0.4726007897331221,-0.23263784166743898,-0.6075351753711844,0.37731795406521706,0.6692944627990945,0.3156928998717929,1
0.4435181946838639,0.5701054397585716,-0.21324814821288643,-0.5238826019859987,-2.2468118318569803,1.0135310269896187,-0.2577534744809424,1.3236529861863369,0.33543994721331183,-0.29631916899736555,0.02512555401065996,-1.3776793404452392,-0.7540198348872159,-0.29115814859352823,0.23807795007197824,-0.0564725308460055,0.4058936617037841,0.2984965742102555,-0.39319304656043425,0.18244899799851982,-1.1960886249873863,0.7472749386940161,1.108133871669509,1.7022628538721216,0.7847811600101052,1.0970980883570312,-0.30806967195361407,0.032462234462324525,-0.5204255406584534,-0.0767711677411937,0
0.7583721409959476,0.5944311757918203,0.2628779937160647,-0.0326676366850532,-0.898556139528138,1.0871877483514374,0.09799873700841447,-3.086967031291843,1.8774737017057386,-1.0625823027119818,1.1349243975737897,0.5292877534839243,0.6463686278153655,1.0612456731208488,-0.5496033679153352,1.1491269704362568,-0.6120933744767976,0.011510681080596679,0.07082197986751486,0.8444190439459622,0.4691366619698121,0.7106108188877839,-0.3198615204506244,0.6550599788735615,-0.6065441260637131,-3.276248137708741,0.5001465169119215,-0.33096497729721225,1.4781925463796013,0.02590140122858079,1
1.111450227817524,0.7141628760620918,0.972368166015991,-0.4102212622131353,1.249331209857819,-1.3362758976857152,-0.10911337623646157,-0.44839518975178555,0.5316189998866204,-0.11823827806248492,-1.181065421189805,-0.5292213427585334,0.30483828873087243,0.10290296802419355,0.3845013521420022,0.11617832794234356,-0.8361501481690791,0.6046530066547545,-0.8392484224821852,-0.10213085647117812,-0.9137528257299824,0.17837750921310228,-1.3251502518043001,-0.5505320986410442,-0.8007188614584041,-0.1668804419347975,0.9628181376755126,-0.4673593868556961,0.5393043187782276,-0.185459191880276,1
-1.1013702536908774,1.3607125123646338,-1.0336416497797527,-0.4690865471424459,0.48803989929078084,-0.7098426636586888,0.30663339045616345,-0.381080215864425,0.5472591044487347,-0.17354970610351436,-1.0663152979138426,1.002597753996054,-0.6616963893580654,-1.2092266679948007,-0.3112582623210083,-1.7382462545030932,-0.31815394079817444,-0.9468921667362682,0.12558517049164092,-0.4224620393218373,1.7175224478277602,0.25586188450583086,0.2814526994479285,-2.066836754221739,0.8706398918595957,0.2226960272134157,0.34220478765777623,-0.36552359851915867,-0.3787364878783813,-0.7991568836518204,1
0.41601011554651623,0.28808934758593074,0.0022016366841024464,1.7374090144316017,0.37912597653027197,-0.05566412972384047,0.7104295309060237,0.41313074426846297,0.8943668609668616,0.20882575500346584,0.4514012376173232,0.2884194181176935,0.07848587651454846,1.0959422321229282,0.27784685237720896,0.5378915582316407,0.34477374564357066,1.1680488768161517,0.7045118387128947,-1.069368611528953,-1.9199732013807844,0.2190377824382861,0.6605540255372583,0.943019567049794,0.07070952173567982,0.4480770869854294,-0.04638418222912319,1.4515027225317931,-0.7275830742385816,0.32988924675401327,0
1.1462249480510855,-0.9129554649207563,-1.2855955296564023,-1.5445600568438376,0.15127126074944935,-0.5337980499002059,-0.13404677389459346,-0.4668691108245187,-0.3262129278130163,1.1277555923307854,0.8768074877192654,0.7923755495953072,-1.2849876531556956,-1.2243989563493471,-0.36716222588388214,0.41958771360657066,0.4104309051945799,-0.1110637510489068,-1.0609156952730774,-2.35184249310749,-0.40971894418050897,-0.9343961465610281,-0.1728168345704525,1.4982575751114273,0.5250043006057172,0.2131674629937715,0.27606578417360633,2.0238215681687795,-0.494250074943816,0.5085827402165511,1
-0.2267308454132836,-1.3392127703506158,0.5636389694258002,0.8783679648550675,-1.1647434903328213,-2.447896650780868,0.8486380472000589,-1.8059578489353942,-0.48838949348753624,-0.2621510592100902,-0.36369394345278566,1.3926608553042397,-0.6200533135017089,-0.27535359904210643,-0.335101749894298,1.9106572057698843,0.8581974711642822,0.9734275944343928,0.39034207596075676,0.023438142248357673,1.371490231104989,-0.13481355237371728,0.19080181134909646,-0.3162128083897266,-1.0829656169748154,-1.469919574680988,0.7983936321370001,1.4396943200129364,0.786541951532534,-1.1499686638888826,0
-0.9729471872660833,-1.7136615806195241,-1.0660622980571666,-0.1890826231725707,1.3322983750415702,0.23242413119944977,-0.6554706620380919,-0.054240551596577556,-0.006074529645053729,-0.009682015481844988,-0.6668781054723857,-0.07030513133558368,1.0088983244771055,-1.0291377764815575,-0.3801279981015119,-0.9169996851916065,-0.9890649207067695,0.2185974101051078,-1.9156520929537986,0.6741635053737729,0.7273740826573581,1.8639367419713304,-0.3275141383473093,-0.1129834723446947,-0.5204659907673881,-0.10053669812315756,2.2883280573146205,0.07580716717767313,-1.9704437910565715,-0.12872872299171464,0
-0.18554209941437994,-0.09638941574320879,-0.8797035481923967,-0.4745727589149082,0.5822463356575791,1.7646668508141918,-0.9815652722662115,0.5807070608840312,-0.5146812589633801,-1.4656114002293612,1.2214236092783572,0.3151226617224922,-0.2609673028767869,0.5835712368804759,0.5224514415189879,-0.9171684885869978,-0.2994633128376469,0.27490976773208686,0.8329554362065464,-1.005418664953828,0.7317369030800328,-0.2666520921247883,-1.1288710644363347,-0.8918710127542883,-0.9400133821628675,0.3817916651842424,0.3414009040628612,-0.1359882615085094,-0.04653066936595748,0.4964027768542143,1
-0.3441145378954257,0.2315919600054778,0.016789250206037186,0.210687720197386,1.1175994558206515,-0.19502801058066957,1.3084537689890725,-0.20207739375817446,-0.3765378104861509,-0.017913201572539506,-0.5845699800146199,0.11775897576719063,0.03862796883577083,0.12138945259149363,-0.8044090801625784,0.5111465884125361,-1.132821504696685,2.5236955083091908,0.4291109924814393,1.0548954492096208,-0.4298963168582881,1.0771831361792652,-1.9466441041348914,0.24605167410969578,-0.7038907069648663,1.5628355587822702,-1.1116552196904383,-1.1858715185578512,1.2938594976161397,0.5149599235507909,0
-0.9176290101838672,-0.5817789458204436,0.8113267724540977,1.2453280240504503,0.7289583236941074,1.0496796375601702,1.9816143518599236,0.7271345972805021,-0.0013325304890736379,0.7595263953028966,0.6171706372037401,-1.7432858995095522,0.8980103870801597,0.5145151743891672,-0.38020078166231674,-1.7782934574096758,0.23488796131920167,-0.36652948823120546,-0.36374321900001566,0.47193635152331503,0.3654089813877049,-2.2496630175480323,1.4218504372780159,1.7620841073871893,0.7970954113935652,0.7388894167350563,-2.2192974059088395,-1.6805031420361687,0.6152256704173318,0.6524264067198858,1
0.21228085957312282,-1.6707294706904314,-1.5012643026366341,0.4081733641111082,-1.1705393940659459,-0.14157568970948972,-0.7064051535969806,-1.4393029848558416,2.797430764385385,0.3459980040825061,-0.09312929827784322,0.11502480236317593,-0.6460451413643326,-0.28656755020387104,-1.6638291155565001,0.7568278523765993,0.04571364764270421,0.13012067938806823,-0.2798413518989132,-0.0927515003085242,0.9298344501396364,-0.4003278294742196,0.05477532305457289,-1.8434469954138717,-2.927865990758706,-1.3885448772141993,0.32238517047199494,-0.5262327492445017,-0.42862316195040157,-1.9363797186435914,1
-2.0492118769809013,-1.1953984955159282,1.715209406156458,-0.8315792429882138,0.6001799812958702,-0.8417450662902505,-1.1591994264012304,-0.6919384822522162,1.417354992690601,-0.9557224219383539,-0.6655516051968634,-0.7010558171175085,0.0581726512984504,-2.024623736142556,-0.09151291552486499,1.212855693484819,0.9681777475000264,-0.6207482072632788,-0.1985424204169075,0.5407970256522644,0.3254224134847078,0.42032430909178764,0.5704097466372969,-0.22441017333535446,0.871173400419086,-0.532268432400764,0.2849246028919897,1.6619827206087805,1.6721808126291864,1.761719982488323,0
0.5705092058675124,-0.33590303030598895,0.8032235018229541,-0.5248451314268446,0.6706131460480669,-1.6105870660566106,0.3455878085587564,0.8074129312208032,-0.2966684205326657,-0.5131179453432658,2.0678201809211734,0.2874977597646354,0.8456970033472544,0.6834317872323604,0.06522553292200309,1.7004615920761053,0.7915350542332309,0.22178945080939183,0.8946757427890618,0.18642948621763936,-1.2789888543929173,0.21062881360241018,-0.2021482684623315,1.2799817128646185,0.4092905949578786,-0.7469844446589068,-1.0438683866270444,-1.0186056915953543,-0.6564852154356933,-0.34805849687172175,1
-0.3439294969397133,-0.7418689258010727,-1.5111931228520672,2.2003516985275238,0.02403127269674376,-0.06554322436886739,-0.9168644115053811,1.4917879428143481,-0.3237545549638243,-0.6094863017396993,0.728797301322285,1.997132130723209,-0.03869643600583329,-0.23821376490696206,0.7325299605715572,0.42252901941863474,-1.0903676649055654,-1.156298403565933,-0.13711829655357957,-1.871304944915078,-0.6720248563665923,0.19430241607733684,-0.20155482622889925,0.8353037490403991,0.2976485114735399,-0.06374693501156725,0.5403588988711316,0.48556521611567793,0.31108488357654684,0.24529644921225005,0
0.594671284918616,0.6705834187849703,0.07453102384981405,-0.7044652033746226,-0.45850669005905265,0.2728355347532045,0.9796657175523612,1.320724788204022,-0.8217088909803595,1.0588855624506752,-1.5112198803174164,1.560045763083422,-0.9341578191057531,-0.5900631141443617,0.14084796807145006,0.44674257052435135,0.6152127415996086,0.6262047636126639,0.06263310876124138,-0.6146803907223772,2.3632310792561095,0.8524781866213105,-1.8934399287138433,-0.7705791300615676,-0.8827368427599098,-0.09494159949331417,-1.4516017884553962,-2.5048823750638514,1.2792749838877062,-0.48467879593553914,1
0.6945027452094582,-1.6831976108728364,-0.665080470691018,-0.9965315241295348,0.5696788123059401,0.5235060230871923,-0.20628751563599312,0.1641389888853973,2.046283555509622,-0.20644371721923976,-0.43544491404934127,1.3210883600801808,0.1971902626778533,0.13052355902760424,-0.4053377751049475,-0.038675768628749545,-0.8513937317887766,-2.1146638427566082,-1.7948030877605008,-0.07729658562472828,-0.27161777972187656,-0.13889054610459892,0.2913914989431414,-0.21024588172617317,-0.34533956712376845,-0.4467278476128108,0.8850877257666502,2.0754519943170724,0.33859980830828423,0.412246666518052,1
-0.3637820213299824,-1.7238891030254133,1.7208890593250765,-0.9417649550132743,-1.1917587481432892,1.9408963996197302,0.7387410785366848,1.2888357376072572,-0.2729882740702469,-1.8565614488705517,0.9391535117098079,-1.1758070644774434,2.0607018462369466,0.7402602161714094,0.38720651463294764,0.4757462525205853,-2.4164571735994484,0.044983660065728195,0.02472096661738531,-0.21077107043365906,0.24910304157540186,0.21822330198844037,-0.5811719026440301,-0.4417927507576219,-0.6108522077400727,-0.7891370298154758,0.254171819802814,-0.6345204717876133,-0.6596360698010262,-0.9224252005490362,0
-1.3877390136636956,-1.3927122561019325,-1.93614457786277,1.7033091414824795,-1.2927332007840768,0.8469729517014203,0.2704558070148212,0.5174099473695045,-0.8394531569697282,-0.5557136612872595,0.9942107649042817,0.7192585389221474,2.0364725966786943,-1.6145707514324719,-0.27397283981112935,-0.5303303965492301,0.49550927984526805,-1.2625479246505462,-0.29702164166510003,-0.6938573177408691,-1.4653237660281677,-2.057040610647766,-0.7679701273374238,0.33141542635445265,-2.6164283204106233,-0.5266135158450213,-0.31540718928025707,-0.766604173947519,-0.8059731488660344,-0.012360446436914195,0
