instrument,month,location_family,rel_path,abs_path,size_bytes,mtime_utc,sha256,md5,day_start_utc,day_end_utc,total_rows,filtered_rows,ts_min_ns,ts_max_ns,subsecond_spacing_rows,nonexact_1s_gap_rows,n_columns,generation,is_fixture_path,manifest_by_path,manifest_line,manifest_md5,manifest_status,manifest_by_md5,native_blocks,overlapping_block_pairs,max_rows_per_timestamp,duplicate_timestamps,filtered_distinct_seconds,filtered_max_rows_per_second,filtered_excess_rows
cl,2025-01,E_pc2_transfer_processed,pc2_transfer/processed/cl/cl_snapshots_2025-01.parquet,C:\Users\ttbea\OneDrive\Desktop\MBO_2025\pc2_transfer\processed\cl\cl_snapshots_2025-01.parquet,35427254,2026-04-01T15:01:23Z,9a5b415d82602602564a9f0de52d488df548ed46b8f1b0340575eb63a4b3a93d,c70ca803621e01769bdcc892f1cf3013,13,22,1939381,801411,1735477206108419541,1738360799693686031,166077,166344,24,v3_pre_gapfill,false,NOT_COVERED,,"",NOT_COVERED,"",,,,,,,
cl,2025-01,A_processed_FIXTURE_PATH,processed/cl/cl_snapshots_2025-01.parquet,C:\Users\ttbea\OneDrive\Desktop\MBO_2025\processed\cl\cl_snapshots_2025-01.parquet,35427254,2026-04-01T15:01:23Z,9a5b415d82602602564a9f0de52d488df548ed46b8f1b0340575eb63a4b3a93d,c70ca803621e01769bdcc892f1cf3013,13,22,1939381,801411,1735477206108419541,1738360799693686031,166077,166344,24,v3_pre_gapfill,true,NOT_COVERED,,"",NOT_COVERED,"",19,18,5,12021,711404,5,90007
cl,2025-01,D_PC2_TRANSFER_v4,PC2_TRANSFER_v4/processed/cl/v4_gapfill/cl_snapshots_2025-01.parquet,C:\Users\ttbea\OneDrive\Desktop\MBO_2025\PC2_TRANSFER_v4\processed\cl\v4_gapfill\cl_snapshots_2025-01.parquet,32517483,2026-04-17T09:12:04Z,e8ae4da74da3123e3119606d7132fd251bec7c74b5c056557ca4c274af0b47f3,d68d617ca9b4bab6e975005426613173,13,22,1778401,680400,1735822800125450863,1738360799509336475,0,20,24,v4_gapfill,false,PC2_TRANSFER_v4/manifest.csv,32,d68d617ca9b4bab6e975005426613173,MATCH,PC2_TRANSFER_v4/manifest.csv:L32->PC2_TRANSFER_v4/processed/cl/v4_gapfill/cl_snapshots_2025-01.parquet; PC2_TRANSFER_v4/manifest.csv:L32->processed/cl/v4_gapfill/cl_snapshots_2025-01.parquet,,,,,,,
cl,2025-01,B_processed_v4_gapfill,processed/cl/v4_gapfill/cl_snapshots_2025-01.parquet,C:\Users\ttbea\OneDrive\Desktop\MBO_2025\processed\cl\v4_gapfill\cl_snapshots_2025-01.parquet,32517483,2026-04-17T09:12:04Z,e8ae4da74da3123e3119606d7132fd251bec7c74b5c056557ca4c274af0b47f3,d68d617ca9b4bab6e975005426613173,13,22,1778401,680400,1735822800125450863,1738360799509336475,0,20,24,v4_gapfill,false,PC2_TRANSFER_v4/manifest.csv,32,d68d617ca9b4bab6e975005426613173,MATCH,PC2_TRANSFER_v4/manifest.csv:L32->PC2_TRANSFER_v4/processed/cl/v4_gapfill/cl_snapshots_2025-01.parquet; PC2_TRANSFER_v4/manifest.csv:L32->processed/cl/v4_gapfill/cl_snapshots_2025-01.parquet,1,0,1,0,680400,1,0
cl,2025-08,E_pc2_transfer_processed,pc2_transfer/processed/cl/cl_snapshots_2025-08.parquet,C:\Users\ttbea\OneDrive\Desktop\MBO_2025\pc2_transfer\processed\cl\cl_snapshots_2025-08.parquet,28999214,2026-04-01T16:06:00Z,269835faf6a4226fe74dd8f5e780f5bb93639ebb5cea07b6d8039c47382ed0d2,101ed47c1161f7b8670d3b5dadf4f5cb,13,22,1809537,664077,1753650150282649473,1756501199924267555,95143,95465,24,v3_pre_gapfill,false,NOT_COVERED,,"",NOT_COVERED,"",,,,,,,
cl,2025-08,A_processed_FIXTURE_PATH,processed/cl/cl_snapshots_2025-08.parquet,C:\Users\ttbea\OneDrive\Desktop\MBO_2025\processed\cl\cl_snapshots_2025-08.parquet,28999214,2026-04-01T16:06:00Z,269835faf6a4226fe74dd8f5e780f5bb93639ebb5cea07b6d8039c47382ed0d2,101ed47c1161f7b8670d3b5dadf4f5cb,13,22,1809537,664077,1753650150282649473,1756501199924267555,95143,95465,24,v3_pre_gapfill,true,NOT_COVERED,,"",NOT_COVERED,"",17,16,5,4160,613559,5,50518
cl,2025-08,D_PC2_TRANSFER_v4,PC2_TRANSFER_v4/processed/cl/v4_gapfill/cl_snapshots_2025-08.parquet,C:\Users\ttbea\OneDrive\Desktop\MBO_2025\PC2_TRANSFER_v4\processed\cl\v4_gapfill\cl_snapshots_2025-08.parquet,28419018,2026-04-17T09:32:57Z,34fe3bcab1457a35f74b324a7c27ba7cd39d9968cdb38c98d9ecd5e08ef20926,4edc95427a5302e510f5b5a5b7f9ce16,13,22,1760403,662408,1754053200000050173,1756501200080007849,5,25,24,v4_gapfill,false,PC2_TRANSFER_v4/manifest.csv,39,4edc95427a5302e510f5b5a5b7f9ce16,MATCH,PC2_TRANSFER_v4/manifest.csv:L39->PC2_TRANSFER_v4/processed/cl/v4_gapfill/cl_snapshots_2025-08.parquet; PC2_TRANSFER_v4/manifest.csv:L39->processed/cl/v4_gapfill/cl_snapshots_2025-08.parquet,,,,,,,
cl,2025-08,B_processed_v4_gapfill,processed/cl/v4_gapfill/cl_snapshots_2025-08.parquet,C:\Users\ttbea\OneDrive\Desktop\MBO_2025\processed\cl\v4_gapfill\cl_snapshots_2025-08.parquet,28419018,2026-04-17T09:32:57Z,34fe3bcab1457a35f74b324a7c27ba7cd39d9968cdb38c98d9ecd5e08ef20926,4edc95427a5302e510f5b5a5b7f9ce16,13,22,1760403,662408,1754053200000050173,1756501200080007849,5,25,24,v4_gapfill,false,PC2_TRANSFER_v4/manifest.csv,39,4edc95427a5302e510f5b5a5b7f9ce16,MATCH,PC2_TRANSFER_v4/manifest.csv:L39->PC2_TRANSFER_v4/processed/cl/v4_gapfill/cl_snapshots_2025-08.parquet; PC2_TRANSFER_v4/manifest.csv:L39->processed/cl/v4_gapfill/cl_snapshots_2025-08.parquet,1,0,1,0,662404,2,4
cl,2025-09,E_pc2_transfer_processed,pc2_transfer/processed/cl/cl_snapshots_2025-09.parquet,C:\Users\ttbea\OneDrive\Desktop\MBO_2025\pc2_transfer\processed\cl\cl_snapshots_2025-09.parquet,29032991,2026-04-01T16:13:40Z,1beb3302bc8a3814c23bc9de40586dee6d4013c84c9ddb95817f91168a8b45d3,aaf45f5e13b0a44d36c427982b038ec7,13,22,1885641,687659,1756674060001549277,1759265999966967781,109840,110017,24,v3_pre_gapfill,false,NOT_COVERED,,"",NOT_COVERED,"",,,,,,,
cl,2025-09,A_processed_FIXTURE_PATH,processed/cl/cl_snapshots_2025-09.parquet,C:\Users\ttbea\OneDrive\Desktop\MBO_2025\processed\cl\cl_snapshots_2025-09.parquet,29032991,2026-04-01T16:13:40Z,1beb3302bc8a3814c23bc9de40586dee6d4013c84c9ddb95817f91168a8b45d3,aaf45f5e13b0a44d36c427982b038ec7,13,22,1885641,687659,1756674060001549277,1759265999966967781,109840,110017,24,v3_pre_gapfill,true,NOT_COVERED,,"",NOT_COVERED,"",18,17,5,3857,630284,5,57375
cl,2025-09,D_PC2_TRANSFER_v4,PC2_TRANSFER_v4/processed/cl/v4_gapfill/cl_snapshots_2025-09.parquet,C:\Users\ttbea\OneDrive\Desktop\MBO_2025\PC2_TRANSFER_v4\processed\cl\v4_gapfill\cl_snapshots_2025-09.parquet,27462336,2026-04-17T09:35:18Z,f66e26fc6a668161827589371066ae32617cd8ca99321eddbac63168aa1f7659,ad329942d1a4f3354935adef15d66c17,13,22,1771204,666008,1756818000000063053,1759269599000078087,4,24,24,v4_gapfill,false,PC2_TRANSFER_v4/manifest.csv,40,ad329942d1a4f3354935adef15d66c17,MATCH,PC2_TRANSFER_v4/manifest.csv:L40->PC2_TRANSFER_v4/processed/cl/v4_gapfill/cl_snapshots_2025-09.parquet; PC2_TRANSFER_v4/manifest.csv:L40->processed/cl/v4_gapfill/cl_snapshots_2025-09.parquet,,,,,,,
cl,2025-09,B_processed_v4_gapfill,processed/cl/v4_gapfill/cl_snapshots_2025-09.parquet,C:\Users\ttbea\OneDrive\Desktop\MBO_2025\processed\cl\v4_gapfill\cl_snapshots_2025-09.parquet,27462336,2026-04-17T09:35:18Z,f66e26fc6a668161827589371066ae32617cd8ca99321eddbac63168aa1f7659,ad329942d1a4f3354935adef15d66c17,13,22,1771204,666008,1756818000000063053,1759269599000078087,4,24,24,v4_gapfill,false,PC2_TRANSFER_v4/manifest.csv,40,ad329942d1a4f3354935adef15d66c17,MATCH,PC2_TRANSFER_v4/manifest.csv:L40->PC2_TRANSFER_v4/processed/cl/v4_gapfill/cl_snapshots_2025-09.parquet; PC2_TRANSFER_v4/manifest.csv:L40->processed/cl/v4_gapfill/cl_snapshots_2025-09.parquet,1,0,1,0,666004,2,4
cl,2025-10,E_pc2_transfer_processed,pc2_transfer/processed/cl/cl_snapshots_2025-10.parquet,C:\Users\ttbea\OneDrive\Desktop\MBO_2025\pc2_transfer\processed\cl\cl_snapshots_2025-10.parquet,33570270,2026-04-01T16:24:21Z,a9fd322ab25be230dbfa5f950ff0b5c488aa9b0374c1b71e0308eb10f1710fc9,ac0acc22b0b14e6d762d5cb11b76c747,13,22,2004152,745570,1759150800261523063,1761944399271271549,138271,138617,24,v3_pre_gapfill,false,NOT_COVERED,,"",NOT_COVERED,"",,,,,,,
cl,2025-10,A_processed_FIXTURE_PATH,processed/cl/cl_snapshots_2025-10.parquet,C:\Users\ttbea\OneDrive\Desktop\MBO_2025\processed\cl\cl_snapshots_2025-10.parquet,33570270,2026-04-01T16:24:21Z,a9fd322ab25be230dbfa5f950ff0b5c488aa9b0374c1b71e0308eb10f1710fc9,ac0acc22b0b14e6d762d5cb11b76c747,13,22,2004152,745570,1759150800261523063,1761944399271271549,138271,138617,24,v3_pre_gapfill,true,NOT_COVERED,,"",NOT_COVERED,"",19,18,5,7794,671700,5,73870
cl,2025-10,D_PC2_TRANSFER_v4,PC2_TRANSFER_v4/processed/cl/v4_gapfill/cl_snapshots_2025-10.parquet,C:\Users\ttbea\OneDrive\Desktop\MBO_2025\PC2_TRANSFER_v4\processed\cl\v4_gapfill\cl_snapshots_2025-10.parquet,32131274,2026-04-17T09:38:33Z,751c24df134703c94a89fe879ec8fa9101f2c550f24da6e444e93124dff37fda,06b3646a2362a7cf9a4a34cbdd8ef07c,13,22,1933205,727210,1759323600015978145,1761944400080009591,5,27,24,v4_gapfill,false,PC2_TRANSFER_v4/manifest.csv,41,06b3646a2362a7cf9a4a34cbdd8ef07c,MATCH,PC2_TRANSFER_v4/manifest.csv:L41->PC2_TRANSFER_v4/processed/cl/v4_gapfill/cl_snapshots_2025-10.parquet; PC2_TRANSFER_v4/manifest.csv:L41->processed/cl/v4_gapfill/cl_snapshots_2025-10.parquet,,,,,,,
cl,2025-10,B_processed_v4_gapfill,processed/cl/v4_gapfill/cl_snapshots_2025-10.parquet,C:\Users\ttbea\OneDrive\Desktop\MBO_2025\processed\cl\v4_gapfill\cl_snapshots_2025-10.parquet,32131274,2026-04-17T09:38:33Z,751c24df134703c94a89fe879ec8fa9101f2c550f24da6e444e93124dff37fda,06b3646a2362a7cf9a4a34cbdd8ef07c,13,22,1933205,727210,1759323600015978145,1761944400080009591,5,27,24,v4_gapfill,false,PC2_TRANSFER_v4/manifest.csv,41,06b3646a2362a7cf9a4a34cbdd8ef07c,MATCH,PC2_TRANSFER_v4/manifest.csv:L41->PC2_TRANSFER_v4/processed/cl/v4_gapfill/cl_snapshots_2025-10.parquet; PC2_TRANSFER_v4/manifest.csv:L41->processed/cl/v4_gapfill/cl_snapshots_2025-10.parquet,1,0,1,0,727205,2,5
cl,2025-11,E_pc2_transfer_processed,pc2_transfer/processed/cl/cl_snapshots_2025-11.parquet,C:\Users\ttbea\OneDrive\Desktop\MBO_2025\pc2_transfer\processed\cl\cl_snapshots_2025-11.parquet,27931466,2026-04-01T16:32:15Z,937ac6797b490c4f665fe10ab2165df6c9998df8a5affece53b82eb933c2d88f,9608a7d02026330f9c0773a84158da39,13,22,1695341,704000,1762088407442939347,1764359100080010507,134687,134751,24,v3_pre_gapfill,false,NOT_COVERED,,"",NOT_COVERED,"",,,,,,,
cl,2025-11,A_processed_FIXTURE_PATH,processed/cl/cl_snapshots_2025-11.parquet,C:\Users\ttbea\OneDrive\Desktop\MBO_2025\processed\cl\cl_snapshots_2025-11.parquet,27931466,2026-04-01T16:32:15Z,937ac6797b490c4f665fe10ab2165df6c9998df8a5affece53b82eb933c2d88f,9608a7d02026330f9c0773a84158da39,13,22,1695341,704000,1762088407442939347,1764359100080010507,134687,134751,24,v3_pre_gapfill,true,NOT_COVERED,,"",NOT_COVERED,"",17,16,5,6414,632036,5,71964
cl,2025-11,D_PC2_TRANSFER_v4,PC2_TRANSFER_v4/processed/cl/v4_gapfill/cl_snapshots_2025-11.parquet,C:\Users\ttbea\OneDrive\Desktop\MBO_2025\PC2_TRANSFER_v4\processed\cl\v4_gapfill\cl_snapshots_2025-11.parquet,25918490,2026-04-17T09:40:55Z,28083b67d8f5a94e5d5a5975a62ce5027079571b55404661faf47a33d4942cab,8bd4e83f1cd0b873d102bb0b6dc478f7,13,22,1533539,583200,1762174800000016655,1764194399150682865,0,17,24,v4_gapfill,false,PC2_TRANSFER_v4/manifest.csv,42,8bd4e83f1cd0b873d102bb0b6dc478f7,MATCH,PC2_TRANSFER_v4/manifest.csv:L42->PC2_TRANSFER_v4/processed/cl/v4_gapfill/cl_snapshots_2025-11.parquet; PC2_TRANSFER_v4/manifest.csv:L42->processed/cl/v4_gapfill/cl_snapshots_2025-11.parquet,,,,,,,
cl,2025-11,B_processed_v4_gapfill,processed/cl/v4_gapfill/cl_snapshots_2025-11.parquet,C:\Users\ttbea\OneDrive\Desktop\MBO_2025\processed\cl\v4_gapfill\cl_snapshots_2025-11.parquet,25918490,2026-04-17T09:40:55Z,28083b67d8f5a94e5d5a5975a62ce5027079571b55404661faf47a33d4942cab,8bd4e83f1cd0b873d102bb0b6dc478f7,13,22,1533539,583200,1762174800000016655,1764194399150682865,0,17,24,v4_gapfill,false,PC2_TRANSFER_v4/manifest.csv,42,8bd4e83f1cd0b873d102bb0b6dc478f7,MATCH,PC2_TRANSFER_v4/manifest.csv:L42->PC2_TRANSFER_v4/processed/cl/v4_gapfill/cl_snapshots_2025-11.parquet; PC2_TRANSFER_v4/manifest.csv:L42->processed/cl/v4_gapfill/cl_snapshots_2025-11.parquet,1,0,1,0,583200,1,0
cl,2025-12,E_pc2_transfer_processed,pc2_transfer/processed/cl/cl_snapshots_2025-12.parquet,C:\Users\ttbea\OneDrive\Desktop\MBO_2025\pc2_transfer\processed\cl\cl_snapshots_2025-12.parquet,29382838,2026-04-01T16:38:45Z,9d251b1aed55cb195b99a95fa87df214769027741824b7dd7841e7b6addef8f1,4b47a26711f781fe882c4314e4152914,13,22,1914834,768532,1764507607781043731,1767218399708494719,124604,124630,24,v3_pre_gapfill,false,NOT_COVERED,,"",NOT_COVERED,"",,,,,,,
cl,2025-12,A_processed_FIXTURE_PATH,processed/cl/cl_snapshots_2025-12.parquet,C:\Users\ttbea\OneDrive\Desktop\MBO_2025\processed\cl\cl_snapshots_2025-12.parquet,29382838,2026-04-01T16:38:45Z,9d251b1aed55cb195b99a95fa87df214769027741824b7dd7841e7b6addef8f1,4b47a26711f781fe882c4314e4152914,13,22,1914834,768532,1764507607781043731,1767218399708494719,124604,124630,24,v3_pre_gapfill,true,NOT_COVERED,,"",NOT_COVERED,"",19,18,5,11046,701106,5,67426
cl,2025-12,D_PC2_TRANSFER_v4,PC2_TRANSFER_v4/processed/cl/v4_gapfill/cl_snapshots_2025-12.parquet,C:\Users\ttbea\OneDrive\Desktop\MBO_2025\PC2_TRANSFER_v4\processed\cl\v4_gapfill\cl_snapshots_2025-12.parquet,28555621,2026-04-17T09:43:00Z,556a8494f6a3c1b869a361478762ac91c9c9c60a57d3d255fac9ba05462ecc01,04a278e8f2f45dc8ed09090d322b7f05,13,22,1845864,701102,1764594000000016733,1767218399012239313,1,22,24,v4_gapfill,false,PC2_TRANSFER_v4/manifest.csv,43,04a278e8f2f45dc8ed09090d322b7f05,MATCH,PC2_TRANSFER_v4/manifest.csv:L43->PC2_TRANSFER_v4/processed/cl/v4_gapfill/cl_snapshots_2025-12.parquet; PC2_TRANSFER_v4/manifest.csv:L43->processed/cl/v4_gapfill/cl_snapshots_2025-12.parquet,,,,,,,
cl,2025-12,B_processed_v4_gapfill,processed/cl/v4_gapfill/cl_snapshots_2025-12.parquet,C:\Users\ttbea\OneDrive\Desktop\MBO_2025\processed\cl\v4_gapfill\cl_snapshots_2025-12.parquet,28555621,2026-04-17T09:43:00Z,556a8494f6a3c1b869a361478762ac91c9c9c60a57d3d255fac9ba05462ecc01,04a278e8f2f45dc8ed09090d322b7f05,13,22,1845864,701102,1764594000000016733,1767218399012239313,1,22,24,v4_gapfill,false,PC2_TRANSFER_v4/manifest.csv,43,04a278e8f2f45dc8ed09090d322b7f05,MATCH,PC2_TRANSFER_v4/manifest.csv:L43->PC2_TRANSFER_v4/processed/cl/v4_gapfill/cl_snapshots_2025-12.parquet; PC2_TRANSFER_v4/manifest.csv:L43->processed/cl/v4_gapfill/cl_snapshots_2025-12.parquet,1,0,1,0,701101,2,1
es,2025-01,E_pc2_transfer_processed,pc2_transfer/processed/es/es_snapshots_2025-01.parquet,C:\Users\ttbea\OneDrive\Desktop\MBO_2025\pc2_transfer\processed\es\es_snapshots_2025-01.parquet,46772503,2026-04-01T20:11:57Z,288c4f18821c5fb65dea61a7ac5629eeefe5f2db530ce874f19e2da7fbffcb83,97718043ad15e37f305cbd3bfb2c6b73,14,22,1811402,605290,1735567200297756553,1738360799906256315,6,269,24,v3_pre_gapfill,false,NOT_COVERED,,"",NOT_COVERED,"",,,,,,,
es,2025-01,A_processed_FIXTURE_PATH,processed/es/es_snapshots_2025-01.parquet,C:\Users\ttbea\OneDrive\Desktop\MBO_2025\processed\es\es_snapshots_2025-01.parquet,46772503,2026-04-01T20:11:57Z,288c4f18821c5fb65dea61a7ac5629eeefe5f2db530ce874f19e2da7fbffcb83,97718043ad15e37f305cbd3bfb2c6b73,14,22,1811402,605290,1735567200297756553,1738360799906256315,6,269,24,v3_pre_gapfill,true,NOT_COVERED,,"",NOT_COVERED,"",1,0,2,1,605284,2,6
es,2025-01,D_PC2_TRANSFER_v4,PC2_TRANSFER_v4/processed/es/v4_morning_chunk/es_snapshots_2025-01.parquet,C:\Users\ttbea\OneDrive\Desktop\MBO_2025\PC2_TRANSFER_v4\processed\es\v4_morning_chunk\es_snapshots_2025-01.parquet,42999004,2026-04-17T06:05:21Z,21038d5bc999058f5321f4661c4237d5fbbc021f5aaf7d86cec940423e2e4da6,648b4421c08993afb6fe1eb1c2ffc664,14,22,1778405,604800,1735826400000011059,1738360799000010259,0,20,24,v4_morning_chunk,false,PC2_TRANSFER_v4/manifest.csv,68,648b4421c08993afb6fe1eb1c2ffc664,MATCH,PC2_TRANSFER_v4/manifest.csv:L68->PC2_TRANSFER_v4/processed/es/v4_morning_chunk/es_snapshots_2025-01.parquet; PC2_TRANSFER_v4/manifest.csv:L68->processed/es/v4_morning_chunk/es_snapshots_2025-01.parquet,,,,,,,
es,2025-01,B_processed_v4_morning_chunk,processed/es/v4_morning_chunk/es_snapshots_2025-01.parquet,C:\Users\ttbea\OneDrive\Desktop\MBO_2025\processed\es\v4_morning_chunk\es_snapshots_2025-01.parquet,42999004,2026-04-17T06:05:21Z,21038d5bc999058f5321f4661c4237d5fbbc021f5aaf7d86cec940423e2e4da6,648b4421c08993afb6fe1eb1c2ffc664,14,22,1778405,604800,1735826400000011059,1738360799000010259,0,20,24,v4_morning_chunk,false,PC2_TRANSFER_v4/manifest.csv,68,648b4421c08993afb6fe1eb1c2ffc664,MATCH,PC2_TRANSFER_v4/manifest.csv:L68->PC2_TRANSFER_v4/processed/es/v4_morning_chunk/es_snapshots_2025-01.parquet; PC2_TRANSFER_v4/manifest.csv:L68->processed/es/v4_morning_chunk/es_snapshots_2025-01.parquet,1,0,1,0,604800,1,0
es,2025-08,E_pc2_transfer_processed,pc2_transfer/processed/es/es_snapshots_2025-08.parquet,C:\Users\ttbea\OneDrive\Desktop\MBO_2025\pc2_transfer\processed\es\es_snapshots_2025-08.parquet,43407651,2026-04-02T14:01:26Z,8df3f8ead20028a4c9d5072cbfef961b9a9fd474dc55fb13675ca77707789994,76d856e7fffcebb1ab4661c2579bafa3,14,22,1757598,546610,1753650004372854781,1756501199624417099,6,311,24,v3_pre_gapfill,false,NOT_COVERED,,"",NOT_COVERED,"",,,,,,,
es,2025-08,A_processed_FIXTURE_PATH,processed/es/es_snapshots_2025-08.parquet,C:\Users\ttbea\OneDrive\Desktop\MBO_2025\processed\es\es_snapshots_2025-08.parquet,43407651,2026-04-02T14:01:26Z,8df3f8ead20028a4c9d5072cbfef961b9a9fd474dc55fb13675ca77707789994,76d856e7fffcebb1ab4661c2579bafa3,14,22,1757598,546610,1753650004372854781,1756501199624417099,6,311,24,v3_pre_gapfill,true,NOT_COVERED,,"",NOT_COVERED,"",1,0,2,4,546604,2,6
es,2025-08,D_PC2_TRANSFER_v4,PC2_TRANSFER_v4/processed/es/v4_morning_chunk/es_snapshots_2025-08.parquet,C:\Users\ttbea\OneDrive\Desktop\MBO_2025\PC2_TRANSFER_v4\processed\es\v4_morning_chunk\es_snapshots_2025-08.parquet,40861992,2026-04-17T08:00:26Z,f9a0ab9309dbb97bb2c333402ad95b45fb28cfc9ae41f525de5b14ce6f31d96c,badaf96583445f52a5d2d9e96bec273d,14,22,1760404,586810,1754056800000057765,1756501200064030909,5,25,24,v4_morning_chunk,false,PC2_TRANSFER_v4/manifest.csv,75,badaf96583445f52a5d2d9e96bec273d,MATCH,PC2_TRANSFER_v4/manifest.csv:L75->PC2_TRANSFER_v4/processed/es/v4_morning_chunk/es_snapshots_2025-08.parquet; PC2_TRANSFER_v4/manifest.csv:L75->processed/es/v4_morning_chunk/es_snapshots_2025-08.parquet,,,,,,,
es,2025-08,B_processed_v4_morning_chunk,processed/es/v4_morning_chunk/es_snapshots_2025-08.parquet,C:\Users\ttbea\OneDrive\Desktop\MBO_2025\processed\es\v4_morning_chunk\es_snapshots_2025-08.parquet,40861992,2026-04-17T08:00:26Z,f9a0ab9309dbb97bb2c333402ad95b45fb28cfc9ae41f525de5b14ce6f31d96c,badaf96583445f52a5d2d9e96bec273d,14,22,1760404,586810,1754056800000057765,1756501200064030909,5,25,24,v4_morning_chunk,false,PC2_TRANSFER_v4/manifest.csv,75,badaf96583445f52a5d2d9e96bec273d,MATCH,PC2_TRANSFER_v4/manifest.csv:L75->PC2_TRANSFER_v4/processed/es/v4_morning_chunk/es_snapshots_2025-08.parquet; PC2_TRANSFER_v4/manifest.csv:L75->processed/es/v4_morning_chunk/es_snapshots_2025-08.parquet,1,0,1,0,586805,2,5
es,2025-09,E_pc2_transfer_processed,pc2_transfer/processed/es/es_snapshots_2025-09.parquet,C:\Users\ttbea\OneDrive\Desktop\MBO_2025\pc2_transfer\processed\es\es_snapshots_2025-09.parquet,42687321,2026-04-02T14:43:18Z,8e6489bdba017472f801ceb5902b6bef64b31ce8a70f724cc8ae0c7ee8900baa,9c5ebb1a8c354d2eb1495dc13b0881fa,14,22,1820483,553280,1756674006010790563,1759265999842484617,5,209,24,v3_pre_gapfill,false,NOT_COVERED,,"",NOT_COVERED,"",,,,,,,
es,2025-09,A_processed_FIXTURE_PATH,processed/es/es_snapshots_2025-09.parquet,C:\Users\ttbea\OneDrive\Desktop\MBO_2025\processed\es\es_snapshots_2025-09.parquet,42687321,2026-04-02T14:43:18Z,8e6489bdba017472f801ceb5902b6bef64b31ce8a70f724cc8ae0c7ee8900baa,9c5ebb1a8c354d2eb1495dc13b0881fa,14,22,1820483,553280,1756674006010790563,1759265999842484617,5,209,24,v3_pre_gapfill,true,NOT_COVERED,,"",NOT_COVERED,"",1,0,1,0,553275,2,5
es,2025-09,D_PC2_TRANSFER_v4,PC2_TRANSFER_v4/processed/es/v4_morning_chunk/es_snapshots_2025-09.parquet,C:\Users\ttbea\OneDrive\Desktop\MBO_2025\PC2_TRANSFER_v4\processed\es\v4_morning_chunk\es_snapshots_2025-09.parquet,39183393,2026-04-17T08:13:44Z,57ffd6bef416552a50ea8f1ac3ba00e40e97dd4acb39344ced6fee5101ccac9e,c255f14ac769fb3a3c834a4b7c680f6f,14,22,1771204,590408,1756821600000053911,1759269599000080133,4,24,24,v4_morning_chunk,false,PC2_TRANSFER_v4/manifest.csv,76,c255f14ac769fb3a3c834a4b7c680f6f,MATCH,PC2_TRANSFER_v4/manifest.csv:L76->PC2_TRANSFER_v4/processed/es/v4_morning_chunk/es_snapshots_2025-09.parquet; PC2_TRANSFER_v4/manifest.csv:L76->processed/es/v4_morning_chunk/es_snapshots_2025-09.parquet,,,,,,,
es,2025-09,B_processed_v4_morning_chunk,processed/es/v4_morning_chunk/es_snapshots_2025-09.parquet,C:\Users\ttbea\OneDrive\Desktop\MBO_2025\processed\es\v4_morning_chunk\es_snapshots_2025-09.parquet,39183393,2026-04-17T08:13:44Z,57ffd6bef416552a50ea8f1ac3ba00e40e97dd4acb39344ced6fee5101ccac9e,c255f14ac769fb3a3c834a4b7c680f6f,14,22,1771204,590408,1756821600000053911,1759269599000080133,4,24,24,v4_morning_chunk,false,PC2_TRANSFER_v4/manifest.csv,76,c255f14ac769fb3a3c834a4b7c680f6f,MATCH,PC2_TRANSFER_v4/manifest.csv:L76->PC2_TRANSFER_v4/processed/es/v4_morning_chunk/es_snapshots_2025-09.parquet; PC2_TRANSFER_v4/manifest.csv:L76->processed/es/v4_morning_chunk/es_snapshots_2025-09.parquet,1,0,1,0,590404,2,4
es,2025-10,E_pc2_transfer_processed,pc2_transfer/processed/es/es_snapshots_2025-10.parquet,C:\Users\ttbea\OneDrive\Desktop\MBO_2025\pc2_transfer\processed\es\es_snapshots_2025-10.parquet,49770812,2026-04-02T15:11:56Z,44fe5432bfaea8a7386685572b40a3f8499b46405b832c40ae8a1a93cfde93c3,f07adbbc7d7cdc6cc8a7885998926163,14,22,1925583,599190,1759095901014156761,1761944399996922459,5,298,24,v3_pre_gapfill,false,NOT_COVERED,,"",NOT_COVERED,"",,,,,,,
es,2025-10,A_processed_FIXTURE_PATH,processed/es/es_snapshots_2025-10.parquet,C:\Users\ttbea\OneDrive\Desktop\MBO_2025\processed\es\es_snapshots_2025-10.parquet,49770812,2026-04-02T15:11:56Z,44fe5432bfaea8a7386685572b40a3f8499b46405b832c40ae8a1a93cfde93c3,f07adbbc7d7cdc6cc8a7885998926163,14,22,1925583,599190,1759095901014156761,1761944399996922459,5,298,24,v3_pre_gapfill,true,NOT_COVERED,,"",NOT_COVERED,"",1,0,2,1,599185,2,5
es,2025-10,D_PC2_TRANSFER_v4,PC2_TRANSFER_v4/processed/es/v4_morning_chunk/es_snapshots_2025-10.parquet,C:\Users\ttbea\OneDrive\Desktop\MBO_2025\PC2_TRANSFER_v4\processed\es\v4_morning_chunk\es_snapshots_2025-10.parquet,47819676,2026-04-17T08:31:58Z,a6b35f5eda9c8a2efcd21f3e4219e9eb44d40dd72b7f46e9a567b0fa8047e483,04419fb622143e992688dfbc00b9a8a4,14,22,1933204,644410,1759327200000030695,1761944400064085981,5,27,24,v4_morning_chunk,false,PC2_TRANSFER_v4/manifest.csv,77,04419fb622143e992688dfbc00b9a8a4,MATCH,PC2_TRANSFER_v4/manifest.csv:L77->PC2_TRANSFER_v4/processed/es/v4_morning_chunk/es_snapshots_2025-10.parquet; PC2_TRANSFER_v4/manifest.csv:L77->processed/es/v4_morning_chunk/es_snapshots_2025-10.parquet,,,,,,,
es,2025-10,B_processed_v4_morning_chunk,processed/es/v4_morning_chunk/es_snapshots_2025-10.parquet,C:\Users\ttbea\OneDrive\Desktop\MBO_2025\processed\es\v4_morning_chunk\es_snapshots_2025-10.parquet,47819676,2026-04-17T08:31:58Z,a6b35f5eda9c8a2efcd21f3e4219e9eb44d40dd72b7f46e9a567b0fa8047e483,04419fb622143e992688dfbc00b9a8a4,14,22,1933204,644410,1759327200000030695,1761944400064085981,5,27,24,v4_morning_chunk,false,PC2_TRANSFER_v4/manifest.csv,77,04419fb622143e992688dfbc00b9a8a4,MATCH,PC2_TRANSFER_v4/manifest.csv:L77->PC2_TRANSFER_v4/processed/es/v4_morning_chunk/es_snapshots_2025-10.parquet; PC2_TRANSFER_v4/manifest.csv:L77->processed/es/v4_morning_chunk/es_snapshots_2025-10.parquet,1,0,1,0,644405,2,5
es,2025-11,E_pc2_transfer_processed,pc2_transfer/processed/es/es_snapshots_2025-11.parquet,C:\Users\ttbea\OneDrive\Desktop\MBO_2025\pc2_transfer\processed\es\es_snapshots_2025-11.parquet,44692247,2026-04-02T15:13:32Z,16adbf5506d0880d45d55400852d3c9693c7a26b9d6dd040075f1ede95f8bc65,a3ffe1b4a00cfc511f6f6bb5b218eb4d,14,22,1603105,549424,1762178400000014645,1764353700064199879,4,72,24,v3_pre_gapfill,false,NOT_COVERED,,"",NOT_COVERED,"",,,,,,,
es,2025-11,A_processed_FIXTURE_PATH,processed/es/es_snapshots_2025-11.parquet,C:\Users\ttbea\OneDrive\Desktop\MBO_2025\processed\es\es_snapshots_2025-11.parquet,44692247,2026-04-02T15:13:32Z,16adbf5506d0880d45d55400852d3c9693c7a26b9d6dd040075f1ede95f8bc65,a3ffe1b4a00cfc511f6f6bb5b218eb4d,14,22,1603105,549424,1762178400000014645,1764353700064199879,4,72,24,v3_pre_gapfill,true,NOT_COVERED,,"",NOT_COVERED,"",1,0,1,0,549421,2,3
es,2025-11,D_PC2_TRANSFER_v4,PC2_TRANSFER_v4/processed/es/v4_morning_chunk/es_snapshots_2025-11.parquet,C:\Users\ttbea\OneDrive\Desktop\MBO_2025\PC2_TRANSFER_v4\processed\es\v4_morning_chunk\es_snapshots_2025-11.parquet,41758090,2026-04-17T08:53:47Z,7ee48b06da6fc58db24beee409d7a940dd9c1aae22419795e9d7859f04293e14,b42dac8d69e3454c9d00c19a10f7db05,14,22,1533603,518400,1762178400000014645,1764194399000009447,0,17,24,v4_morning_chunk,false,PC2_TRANSFER_v4/manifest.csv,78,b42dac8d69e3454c9d00c19a10f7db05,MATCH,PC2_TRANSFER_v4/manifest.csv:L78->PC2_TRANSFER_v4/processed/es/v4_morning_chunk/es_snapshots_2025-11.parquet; PC2_TRANSFER_v4/manifest.csv:L78->processed/es/v4_morning_chunk/es_snapshots_2025-11.parquet,,,,,,,
es,2025-11,B_processed_v4_morning_chunk,processed/es/v4_morning_chunk/es_snapshots_2025-11.parquet,C:\Users\ttbea\OneDrive\Desktop\MBO_2025\processed\es\v4_morning_chunk\es_snapshots_2025-11.parquet,41758090,2026-04-17T08:53:47Z,7ee48b06da6fc58db24beee409d7a940dd9c1aae22419795e9d7859f04293e14,b42dac8d69e3454c9d00c19a10f7db05,14,22,1533603,518400,1762178400000014645,1764194399000009447,0,17,24,v4_morning_chunk,false,PC2_TRANSFER_v4/manifest.csv,78,b42dac8d69e3454c9d00c19a10f7db05,MATCH,PC2_TRANSFER_v4/manifest.csv:L78->PC2_TRANSFER_v4/processed/es/v4_morning_chunk/es_snapshots_2025-11.parquet; PC2_TRANSFER_v4/manifest.csv:L78->processed/es/v4_morning_chunk/es_snapshots_2025-11.parquet,1,0,1,0,518400,1,0
es,2025-12,E_pc2_transfer_processed,pc2_transfer/processed/es/es_snapshots_2025-12.parquet,C:\Users\ttbea\OneDrive\Desktop\MBO_2025\pc2_transfer\processed\es\es_snapshots_2025-12.parquet,45222133,2026-04-02T15:05:07Z,ab78010d99f03cfc60700e8ec17156b3d354288ef7863ad084058c02e12f42fb,5fd55a709948fcaaefb65225bcb53e25,14,22,1818509,620108,1764597600000013529,1767218399706105827,6,28,24,v3_pre_gapfill,false,NOT_COVERED,,"",NOT_COVERED,"",,,,,,,
es,2025-12,A_processed_FIXTURE_PATH,processed/es/es_snapshots_2025-12.parquet,C:\Users\ttbea\OneDrive\Desktop\MBO_2025\processed\es\es_snapshots_2025-12.parquet,45222133,2026-04-02T15:05:07Z,ab78010d99f03cfc60700e8ec17156b3d354288ef7863ad084058c02e12f42fb,5fd55a709948fcaaefb65225bcb53e25,14,22,1818509,620108,1764597600000013529,1767218399706105827,6,28,24,v3_pre_gapfill,true,NOT_COVERED,,"",NOT_COVERED,"",1,0,1,0,620102,2,6
es,2025-12,D_PC2_TRANSFER_v4,PC2_TRANSFER_v4/processed/es/v4_morning_chunk/es_snapshots_2025-12.parquet,C:\Users\ttbea\OneDrive\Desktop\MBO_2025\PC2_TRANSFER_v4\processed\es\v4_morning_chunk\es_snapshots_2025-12.parquet,42581231,2026-04-17T09:08:28Z,fc60f9a6eff84da1f282317098d22b4feabcc914f056d8b8b67e58f2ce918b34,f765bec8fc6a73aed212379cdc54028f,14,22,1844105,620102,1764597600000013529,1767218399000011701,1,22,24,v4_morning_chunk,false,PC2_TRANSFER_v4/manifest.csv,79,f765bec8fc6a73aed212379cdc54028f,MATCH,PC2_TRANSFER_v4/manifest.csv:L79->PC2_TRANSFER_v4/processed/es/v4_morning_chunk/es_snapshots_2025-12.parquet; PC2_TRANSFER_v4/manifest.csv:L79->processed/es/v4_morning_chunk/es_snapshots_2025-12.parquet,,,,,,,
es,2025-12,B_processed_v4_morning_chunk,processed/es/v4_morning_chunk/es_snapshots_2025-12.parquet,C:\Users\ttbea\OneDrive\Desktop\MBO_2025\processed\es\v4_morning_chunk\es_snapshots_2025-12.parquet,42581231,2026-04-17T09:08:28Z,fc60f9a6eff84da1f282317098d22b4feabcc914f056d8b8b67e58f2ce918b34,f765bec8fc6a73aed212379cdc54028f,14,22,1844105,620102,1764597600000013529,1767218399000011701,1,22,24,v4_morning_chunk,false,PC2_TRANSFER_v4/manifest.csv,79,f765bec8fc6a73aed212379cdc54028f,MATCH,PC2_TRANSFER_v4/manifest.csv:L79->PC2_TRANSFER_v4/processed/es/v4_morning_chunk/es_snapshots_2025-12.parquet; PC2_TRANSFER_v4/manifest.csv:L79->processed/es/v4_morning_chunk/es_snapshots_2025-12.parquet,1,0,1,0,620101,2,1
gc,2025-01,E_pc2_transfer_processed,pc2_transfer/processed/gc/gc_snapshots_2025-01.parquet,C:\Users\ttbea\OneDrive\Desktop\MBO_2025\pc2_transfer\processed\gc\gc_snapshots_2025-01.parquet,39944282,2026-03-31T21:32:01Z,dbb5b89f1e79de520c41831a24e9f7a1e4a7a83f7492fad3e8f04c1dc3940089,b0648d9c7098bc0b6e30c000b4ee27c9,13,22,1884670,761737,1735477206146566929,1738360799911380153,120670,120974,24,v3_pre_gapfill,false,NOT_COVERED,,"",NOT_COVERED,pc2_transfer/transfer/checksums.txt:L1->pc2_transfer/transfer/data/gc/gc_snapshots_2025-01.parquet; transfer/checksums.txt:L1->transfer/data/gc/gc_snapshots_2025-01.parquet,,,,,,,
gc,2025-01,F_pc2_transfer_transfer_data,pc2_transfer/transfer/data/gc/gc_snapshots_2025-01.parquet,C:\Users\ttbea\OneDrive\Desktop\MBO_2025\pc2_transfer\transfer\data\gc\gc_snapshots_2025-01.parquet,39944282,2026-04-07T15:26:11Z,dbb5b89f1e79de520c41831a24e9f7a1e4a7a83f7492fad3e8f04c1dc3940089,b0648d9c7098bc0b6e30c000b4ee27c9,13,22,1884670,761737,1735477206146566929,1738360799911380153,120670,120974,24,v3_pre_gapfill,false,pc2_transfer/transfer/checksums.txt,1,b0648d9c7098bc0b6e30c000b4ee27c9,MATCH,pc2_transfer/transfer/checksums.txt:L1->pc2_transfer/transfer/data/gc/gc_snapshots_2025-01.parquet; transfer/checksums.txt:L1->transfer/data/gc/gc_snapshots_2025-01.parquet,,,,,,,
gc,2025-01,A_processed_FIXTURE_PATH,processed/gc/gc_snapshots_2025-01.parquet,C:\Users\ttbea\OneDrive\Desktop\MBO_2025\processed\gc\gc_snapshots_2025-01.parquet,39944282,2026-03-31T21:32:01Z,dbb5b89f1e79de520c41831a24e9f7a1e4a7a83f7492fad3e8f04c1dc3940089,b0648d9c7098bc0b6e30c000b4ee27c9,13,22,1884670,761737,1735477206146566929,1738360799911380153,120670,120974,24,v3_pre_gapfill,true,NOT_COVERED,,"",NOT_COVERED,pc2_transfer/transfer/checksums.txt:L1->pc2_transfer/transfer/data/gc/gc_snapshots_2025-01.parquet; transfer/checksums.txt:L1->transfer/data/gc/gc_snapshots_2025-01.parquet,19,18,5,6219,697841,5,63896
gc,2025-01,G_transfer_data,transfer/data/gc/gc_snapshots_2025-01.parquet,C:\Users\ttbea\OneDrive\Desktop\MBO_2025\transfer\data\gc\gc_snapshots_2025-01.parquet,39944282,2026-04-07T15:26:11Z,dbb5b89f1e79de520c41831a24e9f7a1e4a7a83f7492fad3e8f04c1dc3940089,b0648d9c7098bc0b6e30c000b4ee27c9,13,22,1884670,761737,1735477206146566929,1738360799911380153,120670,120974,24,v3_pre_gapfill,false,transfer/checksums.txt,1,b0648d9c7098bc0b6e30c000b4ee27c9,MATCH,pc2_transfer/transfer/checksums.txt:L1->pc2_transfer/transfer/data/gc/gc_snapshots_2025-01.parquet; transfer/checksums.txt:L1->transfer/data/gc/gc_snapshots_2025-01.parquet,,,,,,,
gc,2025-01,D_PC2_TRANSFER_v4,PC2_TRANSFER_v4/processed/gc/v4_gapfill/gc_snapshots_2025-01.parquet,C:\Users\ttbea\OneDrive\Desktop\MBO_2025\PC2_TRANSFER_v4\processed\gc\v4_gapfill\gc_snapshots_2025-01.parquet,37629907,2026-04-17T09:45:39Z,5d9454aded8002d47e9c731b8e1832143870ca30decfd80fb034740b07b78454,154db450db8ee84c6603c42ceb9b370e,13,22,1778393,680400,1735822800000021117,1738360799000013487,0,20,24,v4_gapfill,false,PC2_TRANSFER_v4/manifest.csv,104,154db450db8ee84c6603c42ceb9b370e,MATCH,PC2_TRANSFER_v4/manifest.csv:L104->PC2_TRANSFER_v4/processed/gc/v4_gapfill/gc_snapshots_2025-01.parquet; PC2_TRANSFER_v4/manifest.csv:L104->processed/gc/v4_gapfill/gc_snapshots_2025-01.parquet,,,,,,,
gc,2025-01,B_processed_v4_gapfill,processed/gc/v4_gapfill/gc_snapshots_2025-01.parquet,C:\Users\ttbea\OneDrive\Desktop\MBO_2025\processed\gc\v4_gapfill\gc_snapshots_2025-01.parquet,37629907,2026-04-17T09:45:39Z,5d9454aded8002d47e9c731b8e1832143870ca30decfd80fb034740b07b78454,154db450db8ee84c6603c42ceb9b370e,13,22,1778393,680400,1735822800000021117,1738360799000013487,0,20,24,v4_gapfill,false,PC2_TRANSFER_v4/manifest.csv,104,154db450db8ee84c6603c42ceb9b370e,MATCH,PC2_TRANSFER_v4/manifest.csv:L104->PC2_TRANSFER_v4/processed/gc/v4_gapfill/gc_snapshots_2025-01.parquet; PC2_TRANSFER_v4/manifest.csv:L104->processed/gc/v4_gapfill/gc_snapshots_2025-01.parquet,1,0,1,0,680400,1,0
gc,2025-08,E_pc2_transfer_processed,pc2_transfer/processed/gc/gc_snapshots_2025-08.parquet,C:\Users\ttbea\OneDrive\Desktop\MBO_2025\pc2_transfer\processed\gc\gc_snapshots_2025-08.parquet,41277290,2026-03-31T22:47:22Z,60f844194905dffde981763228407e0e6e1647613ba26d9401a35de289bd57ef,fe2de4de245692455ddb60e4da14f948,13,22,1851278,692042,1753710330250725259,1756501199773038517,139135,139481,24,v3_pre_gapfill,false,NOT_COVERED,,"",NOT_COVERED,pc2_transfer/transfer/checksums.txt:L8->pc2_transfer/transfer/data/gc/gc_snapshots_2025-08.parquet; transfer/checksums.txt:L8->transfer/data/gc/gc_snapshots_2025-08.parquet,,,,,,,
gc,2025-08,F_pc2_transfer_transfer_data,pc2_transfer/transfer/data/gc/gc_snapshots_2025-08.parquet,C:\Users\ttbea\OneDrive\Desktop\MBO_2025\pc2_transfer\transfer\data\gc\gc_snapshots_2025-08.parquet,41277290,2026-04-07T15:26:11Z,60f844194905dffde981763228407e0e6e1647613ba26d9401a35de289bd57ef,fe2de4de245692455ddb60e4da14f948,13,22,1851278,692042,1753710330250725259,1756501199773038517,139135,139481,24,v3_pre_gapfill,false,pc2_transfer/transfer/checksums.txt,8,fe2de4de245692455ddb60e4da14f948,MATCH,pc2_transfer/transfer/checksums.txt:L8->pc2_transfer/transfer/data/gc/gc_snapshots_2025-08.parquet; transfer/checksums.txt:L8->transfer/data/gc/gc_snapshots_2025-08.parquet,,,,,,,
gc,2025-08,A_processed_FIXTURE_PATH,processed/gc/gc_snapshots_2025-08.parquet,C:\Users\ttbea\OneDrive\Desktop\MBO_2025\processed\gc\gc_snapshots_2025-08.parquet,41277290,2026-03-31T22:47:22Z,60f844194905dffde981763228407e0e6e1647613ba26d9401a35de289bd57ef,fe2de4de245692455ddb60e4da14f948,13,22,1851278,692042,1753710330250725259,1756501199773038517,139135,139481,24,v3_pre_gapfill,true,NOT_COVERED,,"",NOT_COVERED,pc2_transfer/transfer/checksums.txt:L8->pc2_transfer/transfer/data/gc/gc_snapshots_2025-08.parquet; transfer/checksums.txt:L8->transfer/data/gc/gc_snapshots_2025-08.parquet,17,16,5,8042,617557,5,74485
gc,2025-08,G_transfer_data,transfer/data/gc/gc_snapshots_2025-08.parquet,C:\Users\ttbea\OneDrive\Desktop\MBO_2025\transfer\data\gc\gc_snapshots_2025-08.parquet,41277290,2026-04-07T15:26:11Z,60f844194905dffde981763228407e0e6e1647613ba26d9401a35de289bd57ef,fe2de4de245692455ddb60e4da14f948,13,22,1851278,692042,1753710330250725259,1756501199773038517,139135,139481,24,v3_pre_gapfill,false,transfer/checksums.txt,8,fe2de4de245692455ddb60e4da14f948,MATCH,pc2_transfer/transfer/checksums.txt:L8->pc2_transfer/transfer/data/gc/gc_snapshots_2025-08.parquet; transfer/checksums.txt:L8->transfer/data/gc/gc_snapshots_2025-08.parquet,,,,,,,
gc,2025-08,D_PC2_TRANSFER_v4,PC2_TRANSFER_v4/processed/gc/v4_gapfill/gc_snapshots_2025-08.parquet,C:\Users\ttbea\OneDrive\Desktop\MBO_2025\PC2_TRANSFER_v4\processed\gc\v4_gapfill\gc_snapshots_2025-08.parquet,39920120,2026-04-17T10:10:04Z,7b6c7328444e3c1c69185629b545e02daf8829d6de9889ee167ba055e7450c5f,f26a71d1eab8db2a9550d2d9c6416f7a,13,22,1761718,663733,1754053200000045813,1756501200076020223,5,25,24,v4_gapfill,false,PC2_TRANSFER_v4/manifest.csv,111,f26a71d1eab8db2a9550d2d9c6416f7a,MATCH,PC2_TRANSFER_v4/manifest.csv:L111->PC2_TRANSFER_v4/processed/gc/v4_gapfill/gc_snapshots_2025-08.parquet; PC2_TRANSFER_v4/manifest.csv:L111->processed/gc/v4_gapfill/gc_snapshots_2025-08.parquet,,,,,,,
gc,2025-08,B_processed_v4_gapfill,processed/gc/v4_gapfill/gc_snapshots_2025-08.parquet,C:\Users\ttbea\OneDrive\Desktop\MBO_2025\processed\gc\v4_gapfill\gc_snapshots_2025-08.parquet,39920120,2026-04-17T10:10:04Z,7b6c7328444e3c1c69185629b545e02daf8829d6de9889ee167ba055e7450c5f,f26a71d1eab8db2a9550d2d9c6416f7a,13,22,1761718,663733,1754053200000045813,1756501200076020223,5,25,24,v4_gapfill,false,PC2_TRANSFER_v4/manifest.csv,111,f26a71d1eab8db2a9550d2d9c6416f7a,MATCH,PC2_TRANSFER_v4/manifest.csv:L111->PC2_TRANSFER_v4/processed/gc/v4_gapfill/gc_snapshots_2025-08.parquet; PC2_TRANSFER_v4/manifest.csv:L111->processed/gc/v4_gapfill/gc_snapshots_2025-08.parquet,1,0,1,0,663728,2,5
gc,2025-09,E_pc2_transfer_processed,pc2_transfer/processed/gc/gc_snapshots_2025-09.parquet,C:\Users\ttbea\OneDrive\Desktop\MBO_2025\pc2_transfer\processed\gc\gc_snapshots_2025-09.parquet,48259296,2026-03-31T23:02:06Z,73553c549bede3e099b54343140e093de8aa2c29223bf61b4b70c9ec401a0d7a,977c259ec3a894934e09cf772b0c6997,13,22,1955995,734281,1756674003639690831,1759265999790591911,181109,181318,24,v3_pre_gapfill,false,NOT_COVERED,,"",NOT_COVERED,pc2_transfer/transfer/checksums.txt:L9->pc2_transfer/transfer/data/gc/gc_snapshots_2025-09.parquet; transfer/checksums.txt:L9->transfer/data/gc/gc_snapshots_2025-09.parquet,,,,,,,
gc,2025-09,F_pc2_transfer_transfer_data,pc2_transfer/transfer/data/gc/gc_snapshots_2025-09.parquet,C:\Users\ttbea\OneDrive\Desktop\MBO_2025\pc2_transfer\transfer\data\gc\gc_snapshots_2025-09.parquet,48259296,2026-04-07T15:26:11Z,73553c549bede3e099b54343140e093de8aa2c29223bf61b4b70c9ec401a0d7a,977c259ec3a894934e09cf772b0c6997,13,22,1955995,734281,1756674003639690831,1759265999790591911,181109,181318,24,v3_pre_gapfill,false,pc2_transfer/transfer/checksums.txt,9,977c259ec3a894934e09cf772b0c6997,MATCH,pc2_transfer/transfer/checksums.txt:L9->pc2_transfer/transfer/data/gc/gc_snapshots_2025-09.parquet; transfer/checksums.txt:L9->transfer/data/gc/gc_snapshots_2025-09.parquet,,,,,,,
gc,2025-09,A_processed_FIXTURE_PATH,processed/gc/gc_snapshots_2025-09.parquet,C:\Users\ttbea\OneDrive\Desktop\MBO_2025\processed\gc\gc_snapshots_2025-09.parquet,48259296,2026-03-31T23:02:06Z,73553c549bede3e099b54343140e093de8aa2c29223bf61b4b70c9ec401a0d7a,977c259ec3a894934e09cf772b0c6997,13,22,1955995,734281,1756674003639690831,1759265999790591911,181109,181318,24,v3_pre_gapfill,true,NOT_COVERED,,"",NOT_COVERED,pc2_transfer/transfer/checksums.txt:L9->pc2_transfer/transfer/data/gc/gc_snapshots_2025-09.parquet; transfer/checksums.txt:L9->transfer/data/gc/gc_snapshots_2025-09.parquet,18,17,5,9044,638773,5,95508
gc,2025-09,G_transfer_data,transfer/data/gc/gc_snapshots_2025-09.parquet,C:\Users\ttbea\OneDrive\Desktop\MBO_2025\transfer\data\gc\gc_snapshots_2025-09.parquet,48259296,2026-04-07T15:26:11Z,73553c549bede3e099b54343140e093de8aa2c29223bf61b4b70c9ec401a0d7a,977c259ec3a894934e09cf772b0c6997,13,22,1955995,734281,1756674003639690831,1759265999790591911,181109,181318,24,v3_pre_gapfill,false,transfer/checksums.txt,9,977c259ec3a894934e09cf772b0c6997,MATCH,pc2_transfer/transfer/checksums.txt:L9->pc2_transfer/transfer/data/gc/gc_snapshots_2025-09.parquet; transfer/checksums.txt:L9->transfer/data/gc/gc_snapshots_2025-09.parquet,,,,,,,
gc,2025-09,D_PC2_TRANSFER_v4,PC2_TRANSFER_v4/processed/gc/v4_gapfill/gc_snapshots_2025-09.parquet,C:\Users\ttbea\OneDrive\Desktop\MBO_2025\PC2_TRANSFER_v4\processed\gc\v4_gapfill\gc_snapshots_2025-09.parquet,45689591,2026-04-17T10:14:50Z,7f5a63bdaa0660d9223a43a848d3a813a40c92f60ea0d116cdf08a0cc6b3b1c4,4c89b8d19eafb140044ee46faff9e9d8,13,22,1771196,666008,1756818000000054767,1759269599000059857,4,24,24,v4_gapfill,false,PC2_TRANSFER_v4/manifest.csv,112,4c89b8d19eafb140044ee46faff9e9d8,MATCH,PC2_TRANSFER_v4/manifest.csv:L112->PC2_TRANSFER_v4/processed/gc/v4_gapfill/gc_snapshots_2025-09.parquet; PC2_TRANSFER_v4/manifest.csv:L112->processed/gc/v4_gapfill/gc_snapshots_2025-09.parquet,,,,,,,
gc,2025-09,B_processed_v4_gapfill,processed/gc/v4_gapfill/gc_snapshots_2025-09.parquet,C:\Users\ttbea\OneDrive\Desktop\MBO_2025\processed\gc\v4_gapfill\gc_snapshots_2025-09.parquet,45689591,2026-04-17T10:14:50Z,7f5a63bdaa0660d9223a43a848d3a813a40c92f60ea0d116cdf08a0cc6b3b1c4,4c89b8d19eafb140044ee46faff9e9d8,13,22,1771196,666008,1756818000000054767,1759269599000059857,4,24,24,v4_gapfill,false,PC2_TRANSFER_v4/manifest.csv,112,4c89b8d19eafb140044ee46faff9e9d8,MATCH,PC2_TRANSFER_v4/manifest.csv:L112->PC2_TRANSFER_v4/processed/gc/v4_gapfill/gc_snapshots_2025-09.parquet; PC2_TRANSFER_v4/manifest.csv:L112->processed/gc/v4_gapfill/gc_snapshots_2025-09.parquet,1,0,1,0,666004,2,4
gc,2025-10,E_pc2_transfer_processed,pc2_transfer/processed/gc/gc_snapshots_2025-10.parquet,C:\Users\ttbea\OneDrive\Desktop\MBO_2025\pc2_transfer\processed\gc\gc_snapshots_2025-10.parquet,57161655,2026-03-31T23:26:12Z,7b03b932f2ae5772ec29d1741262ccc12c84f6618fcc3472344ef34a38ca53b3,cd138586629eb8e8b957b9d504b4e0cf,13,22,2048494,772448,1759093260002974445,1761944399918293025,172222,172553,24,v3_pre_gapfill,false,NOT_COVERED,,"",NOT_COVERED,pc2_transfer/transfer/checksums.txt:L10->pc2_transfer/transfer/data/gc/gc_snapshots_2025-10.parquet; transfer/checksums.txt:L10->transfer/data/gc/gc_snapshots_2025-10.parquet,,,,,,,
gc,2025-10,F_pc2_transfer_transfer_data,pc2_transfer/transfer/data/gc/gc_snapshots_2025-10.parquet,C:\Users\ttbea\OneDrive\Desktop\MBO_2025\pc2_transfer\transfer\data\gc\gc_snapshots_2025-10.parquet,57161655,2026-04-07T15:26:11Z,7b03b932f2ae5772ec29d1741262ccc12c84f6618fcc3472344ef34a38ca53b3,cd138586629eb8e8b957b9d504b4e0cf,13,22,2048494,772448,1759093260002974445,1761944399918293025,172222,172553,24,v3_pre_gapfill,false,pc2_transfer/transfer/checksums.txt,10,cd138586629eb8e8b957b9d504b4e0cf,MATCH,pc2_transfer/transfer/checksums.txt:L10->pc2_transfer/transfer/data/gc/gc_snapshots_2025-10.parquet; transfer/checksums.txt:L10->transfer/data/gc/gc_snapshots_2025-10.parquet,,,,,,,
gc,2025-10,A_processed_FIXTURE_PATH,processed/gc/gc_snapshots_2025-10.parquet,C:\Users\ttbea\OneDrive\Desktop\MBO_2025\processed\gc\gc_snapshots_2025-10.parquet,57161655,2026-03-31T23:26:12Z,7b03b932f2ae5772ec29d1741262ccc12c84f6618fcc3472344ef34a38ca53b3,cd138586629eb8e8b957b9d504b4e0cf,13,22,2048494,772448,1759093260002974445,1761944399918293025,172222,172553,24,v3_pre_gapfill,true,NOT_COVERED,,"",NOT_COVERED,pc2_transfer/transfer/checksums.txt:L10->pc2_transfer/transfer/data/gc/gc_snapshots_2025-10.parquet; transfer/checksums.txt:L10->transfer/data/gc/gc_snapshots_2025-10.parquet,19,18,5,14710,678991,5,93457
gc,2025-10,G_transfer_data,transfer/data/gc/gc_snapshots_2025-10.parquet,C:\Users\ttbea\OneDrive\Desktop\MBO_2025\transfer\data\gc\gc_snapshots_2025-10.parquet,57161655,2026-04-07T15:26:11Z,7b03b932f2ae5772ec29d1741262ccc12c84f6618fcc3472344ef34a38ca53b3,cd138586629eb8e8b957b9d504b4e0cf,13,22,2048494,772448,1759093260002974445,1761944399918293025,172222,172553,24,v3_pre_gapfill,false,transfer/checksums.txt,10,cd138586629eb8e8b957b9d504b4e0cf,MATCH,pc2_transfer/transfer/checksums.txt:L10->pc2_transfer/transfer/data/gc/gc_snapshots_2025-10.parquet; transfer/checksums.txt:L10->transfer/data/gc/gc_snapshots_2025-10.parquet,,,,,,,
gc,2025-10,D_PC2_TRANSFER_v4,PC2_TRANSFER_v4/processed/gc/v4_gapfill/gc_snapshots_2025-10.parquet,C:\Users\ttbea\OneDrive\Desktop\MBO_2025\PC2_TRANSFER_v4\processed\gc\v4_gapfill\gc_snapshots_2025-10.parquet,55409436,2026-04-17T10:22:27Z,9f0ba8bbc1bd16216ea825dc8ff9721e6b11d0a7e9944b0570038bb5450a5b33,a97cac189cca05b91ce1bf2da5781d6c,13,22,1933204,727210,1759323600000022807,1761944400076030265,5,27,24,v4_gapfill,false,PC2_TRANSFER_v4/manifest.csv,113,a97cac189cca05b91ce1bf2da5781d6c,MATCH,PC2_TRANSFER_v4/manifest.csv:L113->PC2_TRANSFER_v4/processed/gc/v4_gapfill/gc_snapshots_2025-10.parquet; PC2_TRANSFER_v4/manifest.csv:L113->processed/gc/v4_gapfill/gc_snapshots_2025-10.parquet,,,,,,,
gc,2025-10,B_processed_v4_gapfill,processed/gc/v4_gapfill/gc_snapshots_2025-10.parquet,C:\Users\ttbea\OneDrive\Desktop\MBO_2025\processed\gc\v4_gapfill\gc_snapshots_2025-10.parquet,55409436,2026-04-17T10:22:27Z,9f0ba8bbc1bd16216ea825dc8ff9721e6b11d0a7e9944b0570038bb5450a5b33,a97cac189cca05b91ce1bf2da5781d6c,13,22,1933204,727210,1759323600000022807,1761944400076030265,5,27,24,v4_gapfill,false,PC2_TRANSFER_v4/manifest.csv,113,a97cac189cca05b91ce1bf2da5781d6c,MATCH,PC2_TRANSFER_v4/manifest.csv:L113->PC2_TRANSFER_v4/processed/gc/v4_gapfill/gc_snapshots_2025-10.parquet; PC2_TRANSFER_v4/manifest.csv:L113->processed/gc/v4_gapfill/gc_snapshots_2025-10.parquet,1,0,1,0,727205,2,5
gc,2025-11,E_pc2_transfer_processed,pc2_transfer/processed/gc/gc_snapshots_2025-11.parquet,C:\Users\ttbea\OneDrive\Desktop\MBO_2025\pc2_transfer\processed\gc\gc_snapshots_2025-11.parquet,42785447,2026-03-31T23:39:43Z,4e29cccd7c81411122c88c36c2519f965949349c5da17e05301244bdac49de01,ecad11bb252dda7916c05d5fc1f95e34,13,22,1666570,674039,1762088407491197109,1764359100076189887,91958,92108,24,v3_pre_gapfill,false,NOT_COVERED,,"",NOT_COVERED,pc2_transfer/transfer/checksums.txt:L11->pc2_transfer/transfer/data/gc/gc_snapshots_2025-11.parquet; transfer/checksums.txt:L11->transfer/data/gc/gc_snapshots_2025-11.parquet,,,,,,,
gc,2025-11,F_pc2_transfer_transfer_data,pc2_transfer/transfer/data/gc/gc_snapshots_2025-11.parquet,C:\Users\ttbea\OneDrive\Desktop\MBO_2025\pc2_transfer\transfer\data\gc\gc_snapshots_2025-11.parquet,42785447,2026-04-07T15:26:11Z,4e29cccd7c81411122c88c36c2519f965949349c5da17e05301244bdac49de01,ecad11bb252dda7916c05d5fc1f95e34,13,22,1666570,674039,1762088407491197109,1764359100076189887,91958,92108,24,v3_pre_gapfill,false,pc2_transfer/transfer/checksums.txt,11,ecad11bb252dda7916c05d5fc1f95e34,MATCH,pc2_transfer/transfer/checksums.txt:L11->pc2_transfer/transfer/data/gc/gc_snapshots_2025-11.parquet; transfer/checksums.txt:L11->transfer/data/gc/gc_snapshots_2025-11.parquet,,,,,,,
gc,2025-11,A_processed_FIXTURE_PATH,processed/gc/gc_snapshots_2025-11.parquet,C:\Users\ttbea\OneDrive\Desktop\MBO_2025\processed\gc\gc_snapshots_2025-11.parquet,42785447,2026-03-31T23:39:43Z,4e29cccd7c81411122c88c36c2519f965949349c5da17e05301244bdac49de01,ecad11bb252dda7916c05d5fc1f95e34,13,22,1666570,674039,1762088407491197109,1764359100076189887,91958,92108,24,v3_pre_gapfill,true,NOT_COVERED,,"",NOT_COVERED,pc2_transfer/transfer/checksums.txt:L11->pc2_transfer/transfer/data/gc/gc_snapshots_2025-11.parquet; transfer/checksums.txt:L11->transfer/data/gc/gc_snapshots_2025-11.parquet,17,16,5,8678,624446,5,49593
gc,2025-11,G_transfer_data,transfer/data/gc/gc_snapshots_2025-11.parquet,C:\Users\ttbea\OneDrive\Desktop\MBO_2025\transfer\data\gc\gc_snapshots_2025-11.parquet,42785447,2026-04-07T15:26:11Z,4e29cccd7c81411122c88c36c2519f965949349c5da17e05301244bdac49de01,ecad11bb252dda7916c05d5fc1f95e34,13,22,1666570,674039,1762088407491197109,1764359100076189887,91958,92108,24,v3_pre_gapfill,false,transfer/checksums.txt,11,ecad11bb252dda7916c05d5fc1f95e34,MATCH,pc2_transfer/transfer/checksums.txt:L11->pc2_transfer/transfer/data/gc/gc_snapshots_2025-11.parquet; transfer/checksums.txt:L11->transfer/data/gc/gc_snapshots_2025-11.parquet,,,,,,,
gc,2025-11,D_PC2_TRANSFER_v4,PC2_TRANSFER_v4/processed/gc/v4_gapfill/gc_snapshots_2025-11.parquet,C:\Users\ttbea\OneDrive\Desktop\MBO_2025\PC2_TRANSFER_v4\processed\gc\v4_gapfill\gc_snapshots_2025-11.parquet,39676245,2026-04-17T10:26:36Z,0a268e42ce261f896f29811d89c282576243b1913a89b095ebd11aa20d062339,c8142e0a216fe7187496f9828178490e,13,22,1533354,583200,1762174800000010297,1764194399635358271,0,17,24,v4_gapfill,false,PC2_TRANSFER_v4/manifest.csv,114,c8142e0a216fe7187496f9828178490e,MATCH,PC2_TRANSFER_v4/manifest.csv:L114->PC2_TRANSFER_v4/processed/gc/v4_gapfill/gc_snapshots_2025-11.parquet; PC2_TRANSFER_v4/manifest.csv:L114->processed/gc/v4_gapfill/gc_snapshots_2025-11.parquet,,,,,,,
gc,2025-11,B_processed_v4_gapfill,processed/gc/v4_gapfill/gc_snapshots_2025-11.parquet,C:\Users\ttbea\OneDrive\Desktop\MBO_2025\processed\gc\v4_gapfill\gc_snapshots_2025-11.parquet,39676245,2026-04-17T10:26:36Z,0a268e42ce261f896f29811d89c282576243b1913a89b095ebd11aa20d062339,c8142e0a216fe7187496f9828178490e,13,22,1533354,583200,1762174800000010297,1764194399635358271,0,17,24,v4_gapfill,false,PC2_TRANSFER_v4/manifest.csv,114,c8142e0a216fe7187496f9828178490e,MATCH,PC2_TRANSFER_v4/manifest.csv:L114->PC2_TRANSFER_v4/processed/gc/v4_gapfill/gc_snapshots_2025-11.parquet; PC2_TRANSFER_v4/manifest.csv:L114->processed/gc/v4_gapfill/gc_snapshots_2025-11.parquet,1,0,1,0,583200,1,0
gc,2025-12,E_pc2_transfer_processed,pc2_transfer/processed/gc/gc_snapshots_2025-12.parquet,C:\Users\ttbea\OneDrive\Desktop\MBO_2025\pc2_transfer\processed\gc\gc_snapshots_2025-12.parquet,50733522,2026-03-31T23:58:45Z,a8ff9cfc1c144889146dd6ea6ee59a2c56b41bb7a81e075a654566448ed2c554,d793eeaaf89607805795f6d4f95872c9,13,22,1909176,772203,1764507607827916389,1767218399402459929,132845,132871,24,v3_pre_gapfill,false,NOT_COVERED,,"",NOT_COVERED,pc2_transfer/transfer/checksums.txt:L12->pc2_transfer/transfer/data/gc/gc_snapshots_2025-12.parquet; transfer/checksums.txt:L12->transfer/data/gc/gc_snapshots_2025-12.parquet,,,,,,,
gc,2025-12,F_pc2_transfer_transfer_data,pc2_transfer/transfer/data/gc/gc_snapshots_2025-12.parquet,C:\Users\ttbea\OneDrive\Desktop\MBO_2025\pc2_transfer\transfer\data\gc\gc_snapshots_2025-12.parquet,50733522,2026-04-07T15:26:11Z,a8ff9cfc1c144889146dd6ea6ee59a2c56b41bb7a81e075a654566448ed2c554,d793eeaaf89607805795f6d4f95872c9,13,22,1909176,772203,1764507607827916389,1767218399402459929,132845,132871,24,v3_pre_gapfill,false,pc2_transfer/transfer/checksums.txt,12,d793eeaaf89607805795f6d4f95872c9,MATCH,pc2_transfer/transfer/checksums.txt:L12->pc2_transfer/transfer/data/gc/gc_snapshots_2025-12.parquet; transfer/checksums.txt:L12->transfer/data/gc/gc_snapshots_2025-12.parquet,,,,,,,
gc,2025-12,A_processed_FIXTURE_PATH,processed/gc/gc_snapshots_2025-12.parquet,C:\Users\ttbea\OneDrive\Desktop\MBO_2025\processed\gc\gc_snapshots_2025-12.parquet,50733522,2026-03-31T23:58:45Z,a8ff9cfc1c144889146dd6ea6ee59a2c56b41bb7a81e075a654566448ed2c554,d793eeaaf89607805795f6d4f95872c9,13,22,1909176,772203,1764507607827916389,1767218399402459929,132845,132871,24,v3_pre_gapfill,true,NOT_COVERED,,"",NOT_COVERED,pc2_transfer/transfer/checksums.txt:L12->pc2_transfer/transfer/data/gc/gc_snapshots_2025-12.parquet; transfer/checksums.txt:L12->transfer/data/gc/gc_snapshots_2025-12.parquet,19,18,5,9253,701106,5,71097
gc,2025-12,G_transfer_data,transfer/data/gc/gc_snapshots_2025-12.parquet,C:\Users\ttbea\OneDrive\Desktop\MBO_2025\transfer\data\gc\gc_snapshots_2025-12.parquet,50733522,2026-04-07T15:26:11Z,a8ff9cfc1c144889146dd6ea6ee59a2c56b41bb7a81e075a654566448ed2c554,d793eeaaf89607805795f6d4f95872c9,13,22,1909176,772203,1764507607827916389,1767218399402459929,132845,132871,24,v3_pre_gapfill,false,transfer/checksums.txt,12,d793eeaaf89607805795f6d4f95872c9,MATCH,pc2_transfer/transfer/checksums.txt:L12->pc2_transfer/transfer/data/gc/gc_snapshots_2025-12.parquet; transfer/checksums.txt:L12->transfer/data/gc/gc_snapshots_2025-12.parquet,,,,,,,
gc,2025-12,D_PC2_TRANSFER_v4,PC2_TRANSFER_v4/processed/gc/v4_gapfill/gc_snapshots_2025-12.parquet,C:\Users\ttbea\OneDrive\Desktop\MBO_2025\PC2_TRANSFER_v4\processed\gc\v4_gapfill\gc_snapshots_2025-12.parquet,49775075,2026-04-17T10:31:44Z,da659879d421499e61475679cfd645e6950c1b5769a4ae6f3ca4720064efdf30,3096000fd5eab754b0d88619c13d56fd,13,22,1845892,701102,1764594000000014885,1767218399000010065,1,22,24,v4_gapfill,false,PC2_TRANSFER_v4/manifest.csv,115,3096000fd5eab754b0d88619c13d56fd,MATCH,PC2_TRANSFER_v4/manifest.csv:L115->PC2_TRANSFER_v4/processed/gc/v4_gapfill/gc_snapshots_2025-12.parquet; PC2_TRANSFER_v4/manifest.csv:L115->processed/gc/v4_gapfill/gc_snapshots_2025-12.parquet,,,,,,,
gc,2025-12,B_processed_v4_gapfill,processed/gc/v4_gapfill/gc_snapshots_2025-12.parquet,C:\Users\ttbea\OneDrive\Desktop\MBO_2025\processed\gc\v4_gapfill\gc_snapshots_2025-12.parquet,49775075,2026-04-17T10:31:44Z,da659879d421499e61475679cfd645e6950c1b5769a4ae6f3ca4720064efdf30,3096000fd5eab754b0d88619c13d56fd,13,22,1845892,701102,1764594000000014885,1767218399000010065,1,22,24,v4_gapfill,false,PC2_TRANSFER_v4/manifest.csv,115,3096000fd5eab754b0d88619c13d56fd,MATCH,PC2_TRANSFER_v4/manifest.csv:L115->PC2_TRANSFER_v4/processed/gc/v4_gapfill/gc_snapshots_2025-12.parquet; PC2_TRANSFER_v4/manifest.csv:L115->processed/gc/v4_gapfill/gc_snapshots_2025-12.parquet,1,0,1,0,701101,2,1
he,2025-01,D_PC2_TRANSFER_v4,PC2_TRANSFER_v4/processed/he/he_snapshots_2025-01.parquet,C:\Users\ttbea\OneDrive\Desktop\MBO_2025\PC2_TRANSFER_v4\processed\he\he_snapshots_2025-01.parquet,5617514,2026-04-02T20:43:51Z,928f4a2242ebee02e9c884cf3322cd6d202a78a1a990cec899da0db9ffbc0482,53b76beef38df52ac49724b55dc65c2a,14,19,343499,337489,1735828201000000000,1738349999999905807,1,22,24,v3_pre_gapfill,false,PC2_TRANSFER_v4/manifest.csv,128,53b76beef38df52ac49724b55dc65c2a,MATCH,PC2_TRANSFER_v4/manifest.csv:L128->PC2_TRANSFER_v4/processed/he/he_snapshots_2025-01.parquet; PC2_TRANSFER_v4/manifest.csv:L128->processed/he/he_snapshots_2025-01.parquet,,,,,,,
he,2025-01,E_pc2_transfer_processed,pc2_transfer/processed/he/he_snapshots_2025-01.parquet,C:\Users\ttbea\OneDrive\Desktop\MBO_2025\pc2_transfer\processed\he\he_snapshots_2025-01.parquet,5617514,2026-04-02T20:43:51Z,928f4a2242ebee02e9c884cf3322cd6d202a78a1a990cec899da0db9ffbc0482,53b76beef38df52ac49724b55dc65c2a,14,19,343499,337489,1735828201000000000,1738349999999905807,1,22,24,v3_pre_gapfill,false,NOT_COVERED,,"",NOT_COVERED,PC2_TRANSFER_v4/manifest.csv:L128->PC2_TRANSFER_v4/processed/he/he_snapshots_2025-01.parquet; PC2_TRANSFER_v4/manifest.csv:L128->processed/he/he_snapshots_2025-01.parquet,,,,,,,
he,2025-01,A_processed_FIXTURE_PATH,processed/he/he_snapshots_2025-01.parquet,C:\Users\ttbea\OneDrive\Desktop\MBO_2025\processed\he\he_snapshots_2025-01.parquet,5617514,2026-04-02T20:43:51Z,928f4a2242ebee02e9c884cf3322cd6d202a78a1a990cec899da0db9ffbc0482,53b76beef38df52ac49724b55dc65c2a,14,19,343499,337489,1735828201000000000,1738349999999905807,1,22,24,v3_pre_gapfill,true,PC2_TRANSFER_v4/manifest.csv,128,53b76beef38df52ac49724b55dc65c2a,MATCH,PC2_TRANSFER_v4/manifest.csv:L128->PC2_TRANSFER_v4/processed/he/he_snapshots_2025-01.parquet; PC2_TRANSFER_v4/manifest.csv:L128->processed/he/he_snapshots_2025-01.parquet,1,0,2,1,337488,2,1
he,2025-08,D_PC2_TRANSFER_v4,PC2_TRANSFER_v4/processed/he/he_snapshots_2025-08.parquet,C:\Users\ttbea\OneDrive\Desktop\MBO_2025\PC2_TRANSFER_v4\processed\he\he_snapshots_2025-08.parquet,5107650,2026-04-02T20:47:52Z,47c3877cea524dd24f2774d0950d9e9198e5cb04d49a4b899abf18728c5d9c0e,c01482ce25fd8fea2c281fd6815efdb2,14,19,346496,308711,1754056800000000000,1756490699901124193,21,41,24,v3_pre_gapfill,false,PC2_TRANSFER_v4/manifest.csv,135,c01482ce25fd8fea2c281fd6815efdb2,MATCH,PC2_TRANSFER_v4/manifest.csv:L135->PC2_TRANSFER_v4/processed/he/he_snapshots_2025-08.parquet; PC2_TRANSFER_v4/manifest.csv:L135->processed/he/he_snapshots_2025-08.parquet,,,,,,,
he,2025-08,E_pc2_transfer_processed,pc2_transfer/processed/he/he_snapshots_2025-08.parquet,C:\Users\ttbea\OneDrive\Desktop\MBO_2025\pc2_transfer\processed\he\he_snapshots_2025-08.parquet,5107650,2026-04-02T20:47:52Z,47c3877cea524dd24f2774d0950d9e9198e5cb04d49a4b899abf18728c5d9c0e,c01482ce25fd8fea2c281fd6815efdb2,14,19,346496,308711,1754056800000000000,1756490699901124193,21,41,24,v3_pre_gapfill,false,NOT_COVERED,,"",NOT_COVERED,PC2_TRANSFER_v4/manifest.csv:L135->PC2_TRANSFER_v4/processed/he/he_snapshots_2025-08.parquet; PC2_TRANSFER_v4/manifest.csv:L135->processed/he/he_snapshots_2025-08.parquet,,,,,,,
he,2025-08,A_processed_FIXTURE_PATH,processed/he/he_snapshots_2025-08.parquet,C:\Users\ttbea\OneDrive\Desktop\MBO_2025\processed\he\he_snapshots_2025-08.parquet,5107650,2026-04-02T20:47:52Z,47c3877cea524dd24f2774d0950d9e9198e5cb04d49a4b899abf18728c5d9c0e,c01482ce25fd8fea2c281fd6815efdb2,14,19,346496,308711,1754056800000000000,1756490699901124193,21,41,24,v3_pre_gapfill,true,PC2_TRANSFER_v4/manifest.csv,135,c01482ce25fd8fea2c281fd6815efdb2,MATCH,PC2_TRANSFER_v4/manifest.csv:L135->PC2_TRANSFER_v4/processed/he/he_snapshots_2025-08.parquet; PC2_TRANSFER_v4/manifest.csv:L135->processed/he/he_snapshots_2025-08.parquet,1,0,1,0,308696,2,15
he,2025-09,D_PC2_TRANSFER_v4,PC2_TRANSFER_v4/processed/he/he_snapshots_2025-09.parquet,C:\Users\ttbea\OneDrive\Desktop\MBO_2025\PC2_TRANSFER_v4\processed\he\he_snapshots_2025-09.parquet,5257159,2026-04-02T20:48:21Z,9d03ec731108df12e20cb429f77442780c7e67473d5de125a003862e3089556a,9b60259e6a08e83e395275cf48420238,14,19,346488,308702,1756821600999777403,1759255499379574351,21,41,24,v3_pre_gapfill,false,PC2_TRANSFER_v4/manifest.csv,136,9b60259e6a08e83e395275cf48420238,MATCH,PC2_TRANSFER_v4/manifest.csv:L136->PC2_TRANSFER_v4/processed/he/he_snapshots_2025-09.parquet; PC2_TRANSFER_v4/manifest.csv:L136->processed/he/he_snapshots_2025-09.parquet,,,,,,,
he,2025-09,E_pc2_transfer_processed,pc2_transfer/processed/he/he_snapshots_2025-09.parquet,C:\Users\ttbea\OneDrive\Desktop\MBO_2025\pc2_transfer\processed\he\he_snapshots_2025-09.parquet,5257159,2026-04-02T20:48:21Z,9d03ec731108df12e20cb429f77442780c7e67473d5de125a003862e3089556a,9b60259e6a08e83e395275cf48420238,14,19,346488,308702,1756821600999777403,1759255499379574351,21,41,24,v3_pre_gapfill,false,NOT_COVERED,,"",NOT_COVERED,PC2_TRANSFER_v4/manifest.csv:L136->PC2_TRANSFER_v4/processed/he/he_snapshots_2025-09.parquet; PC2_TRANSFER_v4/manifest.csv:L136->processed/he/he_snapshots_2025-09.parquet,,,,,,,
he,2025-09,A_processed_FIXTURE_PATH,processed/he/he_snapshots_2025-09.parquet,C:\Users\ttbea\OneDrive\Desktop\MBO_2025\processed\he\he_snapshots_2025-09.parquet,5257159,2026-04-02T20:48:21Z,9d03ec731108df12e20cb429f77442780c7e67473d5de125a003862e3089556a,9b60259e6a08e83e395275cf48420238,14,19,346488,308702,1756821600999777403,1759255499379574351,21,41,24,v3_pre_gapfill,true,PC2_TRANSFER_v4/manifest.csv,136,9b60259e6a08e83e395275cf48420238,MATCH,PC2_TRANSFER_v4/manifest.csv:L136->PC2_TRANSFER_v4/processed/he/he_snapshots_2025-09.parquet; PC2_TRANSFER_v4/manifest.csv:L136->processed/he/he_snapshots_2025-09.parquet,1,0,1,0,308688,2,14
he,2025-10,D_PC2_TRANSFER_v4,PC2_TRANSFER_v4/processed/he/he_snapshots_2025-10.parquet,C:\Users\ttbea\OneDrive\Desktop\MBO_2025\PC2_TRANSFER_v4\processed\he\he_snapshots_2025-10.parquet,5541593,2026-04-02T20:48:51Z,7f633cce7c12ed1dd79bf1122ff94769d99cdd3cabce0550a56e94e7a2014c3c,d4cf9cbe5051128685163c1d642ce4d3,14,19,379494,338111,1759327200000000000,1761933899738814833,23,45,24,v3_pre_gapfill,false,PC2_TRANSFER_v4/manifest.csv,137,d4cf9cbe5051128685163c1d642ce4d3,MATCH,PC2_TRANSFER_v4/manifest.csv:L137->PC2_TRANSFER_v4/processed/he/he_snapshots_2025-10.parquet; PC2_TRANSFER_v4/manifest.csv:L137->processed/he/he_snapshots_2025-10.parquet,,,,,,,
he,2025-10,E_pc2_transfer_processed,pc2_transfer/processed/he/he_snapshots_2025-10.parquet,C:\Users\ttbea\OneDrive\Desktop\MBO_2025\pc2_transfer\processed\he\he_snapshots_2025-10.parquet,5541593,2026-04-02T20:48:51Z,7f633cce7c12ed1dd79bf1122ff94769d99cdd3cabce0550a56e94e7a2014c3c,d4cf9cbe5051128685163c1d642ce4d3,14,19,379494,338111,1759327200000000000,1761933899738814833,23,45,24,v3_pre_gapfill,false,NOT_COVERED,,"",NOT_COVERED,PC2_TRANSFER_v4/manifest.csv:L137->PC2_TRANSFER_v4/processed/he/he_snapshots_2025-10.parquet; PC2_TRANSFER_v4/manifest.csv:L137->processed/he/he_snapshots_2025-10.parquet,,,,,,,
he,2025-10,A_processed_FIXTURE_PATH,processed/he/he_snapshots_2025-10.parquet,C:\Users\ttbea\OneDrive\Desktop\MBO_2025\processed\he\he_snapshots_2025-10.parquet,5541593,2026-04-02T20:48:51Z,7f633cce7c12ed1dd79bf1122ff94769d99cdd3cabce0550a56e94e7a2014c3c,d4cf9cbe5051128685163c1d642ce4d3,14,19,379494,338111,1759327200000000000,1761933899738814833,23,45,24,v3_pre_gapfill,true,PC2_TRANSFER_v4/manifest.csv,137,d4cf9cbe5051128685163c1d642ce4d3,MATCH,PC2_TRANSFER_v4/manifest.csv:L137->PC2_TRANSFER_v4/processed/he/he_snapshots_2025-10.parquet; PC2_TRANSFER_v4/manifest.csv:L137->processed/he/he_snapshots_2025-10.parquet,1,0,1,0,338094,2,17
he,2025-11,D_PC2_TRANSFER_v4,PC2_TRANSFER_v4/processed/he/he_snapshots_2025-11.parquet,C:\Users\ttbea\OneDrive\Desktop\MBO_2025\PC2_TRANSFER_v4\processed\he\he_snapshots_2025-11.parquet,4778713,2026-04-02T20:49:18Z,95aac07a9395ebe0fc8eb25d45124ed0a4570081031398a14f4d7555d71fbffb,483b71f41c0a9a95c7a0a110fd5151fa,14,19,309895,304487,1762180201000000000,1764353100070036943,1,19,24,v3_pre_gapfill,false,PC2_TRANSFER_v4/manifest.csv,138,483b71f41c0a9a95c7a0a110fd5151fa,MATCH,PC2_TRANSFER_v4/manifest.csv:L138->PC2_TRANSFER_v4/processed/he/he_snapshots_2025-11.parquet; PC2_TRANSFER_v4/manifest.csv:L138->processed/he/he_snapshots_2025-11.parquet,,,,,,,
he,2025-11,E_pc2_transfer_processed,pc2_transfer/processed/he/he_snapshots_2025-11.parquet,C:\Users\ttbea\OneDrive\Desktop\MBO_2025\pc2_transfer\processed\he\he_snapshots_2025-11.parquet,4778713,2026-04-02T20:49:18Z,95aac07a9395ebe0fc8eb25d45124ed0a4570081031398a14f4d7555d71fbffb,483b71f41c0a9a95c7a0a110fd5151fa,14,19,309895,304487,1762180201000000000,1764353100070036943,1,19,24,v3_pre_gapfill,false,NOT_COVERED,,"",NOT_COVERED,PC2_TRANSFER_v4/manifest.csv:L138->PC2_TRANSFER_v4/processed/he/he_snapshots_2025-11.parquet; PC2_TRANSFER_v4/manifest.csv:L138->processed/he/he_snapshots_2025-11.parquet,,,,,,,
he,2025-11,A_processed_FIXTURE_PATH,processed/he/he_snapshots_2025-11.parquet,C:\Users\ttbea\OneDrive\Desktop\MBO_2025\processed\he\he_snapshots_2025-11.parquet,4778713,2026-04-02T20:49:18Z,95aac07a9395ebe0fc8eb25d45124ed0a4570081031398a14f4d7555d71fbffb,483b71f41c0a9a95c7a0a110fd5151fa,14,19,309895,304487,1762180201000000000,1764353100070036943,1,19,24,v3_pre_gapfill,true,PC2_TRANSFER_v4/manifest.csv,138,483b71f41c0a9a95c7a0a110fd5151fa,MATCH,PC2_TRANSFER_v4/manifest.csv:L138->PC2_TRANSFER_v4/processed/he/he_snapshots_2025-11.parquet; PC2_TRANSFER_v4/manifest.csv:L138->processed/he/he_snapshots_2025-11.parquet,1,0,1,0,304487,1,0
he,2025-12,D_PC2_TRANSFER_v4,PC2_TRANSFER_v4/processed/he/he_snapshots_2025-12.parquet,C:\Users\ttbea\OneDrive\Desktop\MBO_2025\PC2_TRANSFER_v4\processed\he\he_snapshots_2025-12.parquet,5021928,2026-04-02T20:49:44Z,0d2b021a309152be7e0c8eee390477f9d9dfd4b5360ad9c2780af830f547bb20,2775b35812a1b1d984442f751eb2cf49,14,19,359992,353683,1764599401000000000,1767207599000000000,1,22,24,v3_pre_gapfill,false,PC2_TRANSFER_v4/manifest.csv,139,2775b35812a1b1d984442f751eb2cf49,MATCH,PC2_TRANSFER_v4/manifest.csv:L139->PC2_TRANSFER_v4/processed/he/he_snapshots_2025-12.parquet; PC2_TRANSFER_v4/manifest.csv:L139->processed/he/he_snapshots_2025-12.parquet,,,,,,,
he,2025-12,E_pc2_transfer_processed,pc2_transfer/processed/he/he_snapshots_2025-12.parquet,C:\Users\ttbea\OneDrive\Desktop\MBO_2025\pc2_transfer\processed\he\he_snapshots_2025-12.parquet,5021928,2026-04-02T20:49:44Z,0d2b021a309152be7e0c8eee390477f9d9dfd4b5360ad9c2780af830f547bb20,2775b35812a1b1d984442f751eb2cf49,14,19,359992,353683,1764599401000000000,1767207599000000000,1,22,24,v3_pre_gapfill,false,NOT_COVERED,,"",NOT_COVERED,PC2_TRANSFER_v4/manifest.csv:L139->PC2_TRANSFER_v4/processed/he/he_snapshots_2025-12.parquet; PC2_TRANSFER_v4/manifest.csv:L139->processed/he/he_snapshots_2025-12.parquet,,,,,,,
he,2025-12,A_processed_FIXTURE_PATH,processed/he/he_snapshots_2025-12.parquet,C:\Users\ttbea\OneDrive\Desktop\MBO_2025\processed\he\he_snapshots_2025-12.parquet,5021928,2026-04-02T20:49:44Z,0d2b021a309152be7e0c8eee390477f9d9dfd4b5360ad9c2780af830f547bb20,2775b35812a1b1d984442f751eb2cf49,14,19,359992,353683,1764599401000000000,1767207599000000000,1,22,24,v3_pre_gapfill,true,PC2_TRANSFER_v4/manifest.csv,139,2775b35812a1b1d984442f751eb2cf49,MATCH,PC2_TRANSFER_v4/manifest.csv:L139->PC2_TRANSFER_v4/processed/he/he_snapshots_2025-12.parquet; PC2_TRANSFER_v4/manifest.csv:L139->processed/he/he_snapshots_2025-12.parquet,1,0,1,0,353682,2,1
le,2025-01,D_PC2_TRANSFER_v4,PC2_TRANSFER_v4/processed/le/le_snapshots_2025-01.parquet,C:\Users\ttbea\OneDrive\Desktop\MBO_2025\PC2_TRANSFER_v4\processed\le\le_snapshots_2025-01.parquet,6359310,2026-04-02T20:57:56Z,642fadcf7ba57981cd30acd1fc94dfcb2ff6a84de77858855d348a32a14446c1,ab148a0fa77f9dc6c47c7ed05dbe79c1,14,19,343507,337494,1735828201000000000,1738349999999542157,1,24,24,v3_pre_gapfill,false,PC2_TRANSFER_v4/manifest.csv,152,ab148a0fa77f9dc6c47c7ed05dbe79c1,MATCH,PC2_TRANSFER_v4/manifest.csv:L152->PC2_TRANSFER_v4/processed/le/le_snapshots_2025-01.parquet; PC2_TRANSFER_v4/manifest.csv:L152->processed/le/le_snapshots_2025-01.parquet,,,,,,,
le,2025-01,E_pc2_transfer_processed,pc2_transfer/processed/le/le_snapshots_2025-01.parquet,C:\Users\ttbea\OneDrive\Desktop\MBO_2025\pc2_transfer\processed\le\le_snapshots_2025-01.parquet,6359310,2026-04-02T20:57:56Z,642fadcf7ba57981cd30acd1fc94dfcb2ff6a84de77858855d348a32a14446c1,ab148a0fa77f9dc6c47c7ed05dbe79c1,14,19,343507,337494,1735828201000000000,1738349999999542157,1,24,24,v3_pre_gapfill,false,NOT_COVERED,,"",NOT_COVERED,PC2_TRANSFER_v4/manifest.csv:L152->PC2_TRANSFER_v4/processed/le/le_snapshots_2025-01.parquet; PC2_TRANSFER_v4/manifest.csv:L152->processed/le/le_snapshots_2025-01.parquet,,,,,,,
le,2025-01,A_processed_FIXTURE_PATH,processed/le/le_snapshots_2025-01.parquet,C:\Users\ttbea\OneDrive\Desktop\MBO_2025\processed\le\le_snapshots_2025-01.parquet,6359310,2026-04-02T20:57:56Z,642fadcf7ba57981cd30acd1fc94dfcb2ff6a84de77858855d348a32a14446c1,ab148a0fa77f9dc6c47c7ed05dbe79c1,14,19,343507,337494,1735828201000000000,1738349999999542157,1,24,24,v3_pre_gapfill,true,PC2_TRANSFER_v4/manifest.csv,152,ab148a0fa77f9dc6c47c7ed05dbe79c1,MATCH,PC2_TRANSFER_v4/manifest.csv:L152->PC2_TRANSFER_v4/processed/le/le_snapshots_2025-01.parquet; PC2_TRANSFER_v4/manifest.csv:L152->processed/le/le_snapshots_2025-01.parquet,1,0,2,1,337493,2,1
le,2025-08,D_PC2_TRANSFER_v4,PC2_TRANSFER_v4/processed/le/le_snapshots_2025-08.parquet,C:\Users\ttbea\OneDrive\Desktop\MBO_2025\PC2_TRANSFER_v4\processed\le\le_snapshots_2025-08.parquet,7092473,2026-04-02T21:03:21Z,dd3270662b9c3d44a649358f97491db007cace6bec79d5ce86d00708c22072e7,e30551da4cecc04f022f198e508d0859,14,19,346498,308711,1754056800000000000,1756490699440499153,21,41,24,v3_pre_gapfill,false,PC2_TRANSFER_v4/manifest.csv,159,e30551da4cecc04f022f198e508d0859,MATCH,PC2_TRANSFER_v4/manifest.csv:L159->PC2_TRANSFER_v4/processed/le/le_snapshots_2025-08.parquet; PC2_TRANSFER_v4/manifest.csv:L159->processed/le/le_snapshots_2025-08.parquet,,,,,,,
le,2025-08,E_pc2_transfer_processed,pc2_transfer/processed/le/le_snapshots_2025-08.parquet,C:\Users\ttbea\OneDrive\Desktop\MBO_2025\pc2_transfer\processed\le\le_snapshots_2025-08.parquet,7092473,2026-04-02T21:03:21Z,dd3270662b9c3d44a649358f97491db007cace6bec79d5ce86d00708c22072e7,e30551da4cecc04f022f198e508d0859,14,19,346498,308711,1754056800000000000,1756490699440499153,21,41,24,v3_pre_gapfill,false,NOT_COVERED,,"",NOT_COVERED,PC2_TRANSFER_v4/manifest.csv:L159->PC2_TRANSFER_v4/processed/le/le_snapshots_2025-08.parquet; PC2_TRANSFER_v4/manifest.csv:L159->processed/le/le_snapshots_2025-08.parquet,,,,,,,
le,2025-08,A_processed_FIXTURE_PATH,processed/le/le_snapshots_2025-08.parquet,C:\Users\ttbea\OneDrive\Desktop\MBO_2025\processed\le\le_snapshots_2025-08.parquet,7092473,2026-04-02T21:03:21Z,dd3270662b9c3d44a649358f97491db007cace6bec79d5ce86d00708c22072e7,e30551da4cecc04f022f198e508d0859,14,19,346498,308711,1754056800000000000,1756490699440499153,21,41,24,v3_pre_gapfill,true,PC2_TRANSFER_v4/manifest.csv,159,e30551da4cecc04f022f198e508d0859,MATCH,PC2_TRANSFER_v4/manifest.csv:L159->PC2_TRANSFER_v4/processed/le/le_snapshots_2025-08.parquet; PC2_TRANSFER_v4/manifest.csv:L159->processed/le/le_snapshots_2025-08.parquet,1,0,1,0,308698,2,13
le,2025-09,D_PC2_TRANSFER_v4,PC2_TRANSFER_v4/processed/le/le_snapshots_2025-09.parquet,C:\Users\ttbea\OneDrive\Desktop\MBO_2025\PC2_TRANSFER_v4\processed\le\le_snapshots_2025-09.parquet,6854099,2026-04-02T21:04:09Z,c2712da800a5d96cbcd9b87f389aee25e454e02ef6a20572eaf3cc61eaf4ae89,be88a136facb5e8afe29cea61d69bd31,14,19,346495,308710,1756821600000000000,1759255499993775375,21,41,24,v3_pre_gapfill,false,PC2_TRANSFER_v4/manifest.csv,160,be88a136facb5e8afe29cea61d69bd31,MATCH,PC2_TRANSFER_v4/manifest.csv:L160->PC2_TRANSFER_v4/processed/le/le_snapshots_2025-09.parquet; PC2_TRANSFER_v4/manifest.csv:L160->processed/le/le_snapshots_2025-09.parquet,,,,,,,
le,2025-09,E_pc2_transfer_processed,pc2_transfer/processed/le/le_snapshots_2025-09.parquet,C:\Users\ttbea\OneDrive\Desktop\MBO_2025\pc2_transfer\processed\le\le_snapshots_2025-09.parquet,6854099,2026-04-02T21:04:09Z,c2712da800a5d96cbcd9b87f389aee25e454e02ef6a20572eaf3cc61eaf4ae89,be88a136facb5e8afe29cea61d69bd31,14,19,346495,308710,1756821600000000000,1759255499993775375,21,41,24,v3_pre_gapfill,false,NOT_COVERED,,"",NOT_COVERED,PC2_TRANSFER_v4/manifest.csv:L160->PC2_TRANSFER_v4/processed/le/le_snapshots_2025-09.parquet; PC2_TRANSFER_v4/manifest.csv:L160->processed/le/le_snapshots_2025-09.parquet,,,,,,,
le,2025-09,A_processed_FIXTURE_PATH,processed/le/le_snapshots_2025-09.parquet,C:\Users\ttbea\OneDrive\Desktop\MBO_2025\processed\le\le_snapshots_2025-09.parquet,6854099,2026-04-02T21:04:09Z,c2712da800a5d96cbcd9b87f389aee25e454e02ef6a20572eaf3cc61eaf4ae89,be88a136facb5e8afe29cea61d69bd31,14,19,346495,308710,1756821600000000000,1759255499993775375,21,41,24,v3_pre_gapfill,true,PC2_TRANSFER_v4/manifest.csv,160,be88a136facb5e8afe29cea61d69bd31,MATCH,PC2_TRANSFER_v4/manifest.csv:L160->PC2_TRANSFER_v4/processed/le/le_snapshots_2025-09.parquet; PC2_TRANSFER_v4/manifest.csv:L160->processed/le/le_snapshots_2025-09.parquet,1,0,1,0,308695,2,15
le,2025-10,D_PC2_TRANSFER_v4,PC2_TRANSFER_v4/processed/le/le_snapshots_2025-10.parquet,C:\Users\ttbea\OneDrive\Desktop\MBO_2025\PC2_TRANSFER_v4\processed\le\le_snapshots_2025-10.parquet,7647399,2026-04-02T21:05:15Z,3577afbd37eb4eadf5296757460c2c2b52f471b10dc99c5ba064d466c5d88fa4,d1def4b21664b4bc53d88d6ef1a00af0,14,19,379499,338113,1759327200000000000,1761933899820178755,23,45,24,v3_pre_gapfill,false,PC2_TRANSFER_v4/manifest.csv,161,d1def4b21664b4bc53d88d6ef1a00af0,MATCH,PC2_TRANSFER_v4/manifest.csv:L161->PC2_TRANSFER_v4/processed/le/le_snapshots_2025-10.parquet; PC2_TRANSFER_v4/manifest.csv:L161->processed/le/le_snapshots_2025-10.parquet,,,,,,,
le,2025-10,E_pc2_transfer_processed,pc2_transfer/processed/le/le_snapshots_2025-10.parquet,C:\Users\ttbea\OneDrive\Desktop\MBO_2025\pc2_transfer\processed\le\le_snapshots_2025-10.parquet,7647399,2026-04-02T21:05:15Z,3577afbd37eb4eadf5296757460c2c2b52f471b10dc99c5ba064d466c5d88fa4,d1def4b21664b4bc53d88d6ef1a00af0,14,19,379499,338113,1759327200000000000,1761933899820178755,23,45,24,v3_pre_gapfill,false,NOT_COVERED,,"",NOT_COVERED,PC2_TRANSFER_v4/manifest.csv:L161->PC2_TRANSFER_v4/processed/le/le_snapshots_2025-10.parquet; PC2_TRANSFER_v4/manifest.csv:L161->processed/le/le_snapshots_2025-10.parquet,,,,,,,
le,2025-10,A_processed_FIXTURE_PATH,processed/le/le_snapshots_2025-10.parquet,C:\Users\ttbea\OneDrive\Desktop\MBO_2025\processed\le\le_snapshots_2025-10.parquet,7647399,2026-04-02T21:05:15Z,3577afbd37eb4eadf5296757460c2c2b52f471b10dc99c5ba064d466c5d88fa4,d1def4b21664b4bc53d88d6ef1a00af0,14,19,379499,338113,1759327200000000000,1761933899820178755,23,45,24,v3_pre_gapfill,true,PC2_TRANSFER_v4/manifest.csv,161,d1def4b21664b4bc53d88d6ef1a00af0,MATCH,PC2_TRANSFER_v4/manifest.csv:L161->PC2_TRANSFER_v4/processed/le/le_snapshots_2025-10.parquet; PC2_TRANSFER_v4/manifest.csv:L161->processed/le/le_snapshots_2025-10.parquet,1,0,1,0,338099,2,14
le,2025-11,D_PC2_TRANSFER_v4,PC2_TRANSFER_v4/processed/le/le_snapshots_2025-11.parquet,C:\Users\ttbea\OneDrive\Desktop\MBO_2025\PC2_TRANSFER_v4\processed\le\le_snapshots_2025-11.parquet,6404651,2026-04-02T21:06:00Z,f6a5d28e692ee2c063bd25a8c1888c9e76e6cfb30514611f2e03271229775436,894f82b24e4467ffe22f23cb1c30c266,14,19,309899,304492,1762180200999930941,1764353100070036943,1,19,24,v3_pre_gapfill,false,PC2_TRANSFER_v4/manifest.csv,162,894f82b24e4467ffe22f23cb1c30c266,MATCH,PC2_TRANSFER_v4/manifest.csv:L162->PC2_TRANSFER_v4/processed/le/le_snapshots_2025-11.parquet; PC2_TRANSFER_v4/manifest.csv:L162->processed/le/le_snapshots_2025-11.parquet,,,,,,,
le,2025-11,E_pc2_transfer_processed,pc2_transfer/processed/le/le_snapshots_2025-11.parquet,C:\Users\ttbea\OneDrive\Desktop\MBO_2025\pc2_transfer\processed\le\le_snapshots_2025-11.parquet,6404651,2026-04-02T21:06:00Z,f6a5d28e692ee2c063bd25a8c1888c9e76e6cfb30514611f2e03271229775436,894f82b24e4467ffe22f23cb1c30c266,14,19,309899,304492,1762180200999930941,1764353100070036943,1,19,24,v3_pre_gapfill,false,NOT_COVERED,,"",NOT_COVERED,PC2_TRANSFER_v4/manifest.csv:L162->PC2_TRANSFER_v4/processed/le/le_snapshots_2025-11.parquet; PC2_TRANSFER_v4/manifest.csv:L162->processed/le/le_snapshots_2025-11.parquet,,,,,,,
le,2025-11,A_processed_FIXTURE_PATH,processed/le/le_snapshots_2025-11.parquet,C:\Users\ttbea\OneDrive\Desktop\MBO_2025\processed\le\le_snapshots_2025-11.parquet,6404651,2026-04-02T21:06:00Z,f6a5d28e692ee2c063bd25a8c1888c9e76e6cfb30514611f2e03271229775436,894f82b24e4467ffe22f23cb1c30c266,14,19,309899,304492,1762180200999930941,1764353100070036943,1,19,24,v3_pre_gapfill,true,PC2_TRANSFER_v4/manifest.csv,162,894f82b24e4467ffe22f23cb1c30c266,MATCH,PC2_TRANSFER_v4/manifest.csv:L162->PC2_TRANSFER_v4/processed/le/le_snapshots_2025-11.parquet; PC2_TRANSFER_v4/manifest.csv:L162->processed/le/le_snapshots_2025-11.parquet,1,0,1,0,304492,1,0
le,2025-12,D_PC2_TRANSFER_v4,PC2_TRANSFER_v4/processed/le/le_snapshots_2025-12.parquet,C:\Users\ttbea\OneDrive\Desktop\MBO_2025\PC2_TRANSFER_v4\processed\le\le_snapshots_2025-12.parquet,6396108,2026-04-02T21:06:34Z,bb8f79169f467a95c57b73071d73e6f979467ad915efc686c49cc7495575004f,5a9165c3891431261237b3386dda427c,14,19,359997,353690,1764599401000000000,1767207599000000000,1,22,24,v3_pre_gapfill,false,PC2_TRANSFER_v4/manifest.csv,163,5a9165c3891431261237b3386dda427c,MATCH,PC2_TRANSFER_v4/manifest.csv:L163->PC2_TRANSFER_v4/processed/le/le_snapshots_2025-12.parquet; PC2_TRANSFER_v4/manifest.csv:L163->processed/le/le_snapshots_2025-12.parquet,,,,,,,
le,2025-12,E_pc2_transfer_processed,pc2_transfer/processed/le/le_snapshots_2025-12.parquet,C:\Users\ttbea\OneDrive\Desktop\MBO_2025\pc2_transfer\processed\le\le_snapshots_2025-12.parquet,6396108,2026-04-02T21:06:34Z,bb8f79169f467a95c57b73071d73e6f979467ad915efc686c49cc7495575004f,5a9165c3891431261237b3386dda427c,14,19,359997,353690,1764599401000000000,1767207599000000000,1,22,24,v3_pre_gapfill,false,NOT_COVERED,,"",NOT_COVERED,PC2_TRANSFER_v4/manifest.csv:L163->PC2_TRANSFER_v4/processed/le/le_snapshots_2025-12.parquet; PC2_TRANSFER_v4/manifest.csv:L163->processed/le/le_snapshots_2025-12.parquet,,,,,,,
le,2025-12,A_processed_FIXTURE_PATH,processed/le/le_snapshots_2025-12.parquet,C:\Users\ttbea\OneDrive\Desktop\MBO_2025\processed\le\le_snapshots_2025-12.parquet,6396108,2026-04-02T21:06:34Z,bb8f79169f467a95c57b73071d73e6f979467ad915efc686c49cc7495575004f,5a9165c3891431261237b3386dda427c,14,19,359997,353690,1764599401000000000,1767207599000000000,1,22,24,v3_pre_gapfill,true,PC2_TRANSFER_v4/manifest.csv,163,5a9165c3891431261237b3386dda427c,MATCH,PC2_TRANSFER_v4/manifest.csv:L163->PC2_TRANSFER_v4/processed/le/le_snapshots_2025-12.parquet; PC2_TRANSFER_v4/manifest.csv:L163->processed/le/le_snapshots_2025-12.parquet,1,0,1,0,353689,2,1
nq,2025-01,E_pc2_transfer_processed,pc2_transfer/processed/nq/nq_snapshots_2025-01.parquet,C:\Users\ttbea\OneDrive\Desktop\MBO_2025\pc2_transfer\processed\nq\nq_snapshots_2025-01.parquet,53171917,2026-04-02T01:06:31Z,88569c4311e273e34f5d4180d90baaa1f678db89f8d080f1810d1207f652a423,a1e4ea6c62d900fbb9a6c8c77b3b5cba,14,22,1795415,598228,1735567905886716601,1738360799924994381,6,243,24,v3_pre_gapfill,false,NOT_COVERED,,"",NOT_COVERED,pc2_transfer/transfer/checksums.txt:L25->pc2_transfer/transfer/data/nq/nq_snapshots_2025-01.parquet; transfer/checksums.txt:L25->transfer/data/nq/nq_snapshots_2025-01.parquet,,,,,,,
nq,2025-01,F_pc2_transfer_transfer_data,pc2_transfer/transfer/data/nq/nq_snapshots_2025-01.parquet,C:\Users\ttbea\OneDrive\Desktop\MBO_2025\pc2_transfer\transfer\data\nq\nq_snapshots_2025-01.parquet,53171917,2026-04-07T15:26:08Z,88569c4311e273e34f5d4180d90baaa1f678db89f8d080f1810d1207f652a423,a1e4ea6c62d900fbb9a6c8c77b3b5cba,14,22,1795415,598228,1735567905886716601,1738360799924994381,6,243,24,v3_pre_gapfill,false,pc2_transfer/transfer/checksums.txt,25,a1e4ea6c62d900fbb9a6c8c77b3b5cba,MATCH,pc2_transfer/transfer/checksums.txt:L25->pc2_transfer/transfer/data/nq/nq_snapshots_2025-01.parquet; transfer/checksums.txt:L25->transfer/data/nq/nq_snapshots_2025-01.parquet,,,,,,,
nq,2025-01,A_processed_FIXTURE_PATH,processed/nq/nq_snapshots_2025-01.parquet,C:\Users\ttbea\OneDrive\Desktop\MBO_2025\processed\nq\nq_snapshots_2025-01.parquet,53171917,2026-04-02T01:06:31Z,88569c4311e273e34f5d4180d90baaa1f678db89f8d080f1810d1207f652a423,a1e4ea6c62d900fbb9a6c8c77b3b5cba,14,22,1795415,598228,1735567905886716601,1738360799924994381,6,243,24,v3_pre_gapfill,true,NOT_COVERED,,"",NOT_COVERED,pc2_transfer/transfer/checksums.txt:L25->pc2_transfer/transfer/data/nq/nq_snapshots_2025-01.parquet; transfer/checksums.txt:L25->transfer/data/nq/nq_snapshots_2025-01.parquet,1,0,2,3,598222,2,6
nq,2025-01,G_transfer_data,transfer/data/nq/nq_snapshots_2025-01.parquet,C:\Users\ttbea\OneDrive\Desktop\MBO_2025\transfer\data\nq\nq_snapshots_2025-01.parquet,53171917,2026-04-07T15:26:08Z,88569c4311e273e34f5d4180d90baaa1f678db89f8d080f1810d1207f652a423,a1e4ea6c62d900fbb9a6c8c77b3b5cba,14,22,1795415,598228,1735567905886716601,1738360799924994381,6,243,24,v3_pre_gapfill,false,transfer/checksums.txt,25,a1e4ea6c62d900fbb9a6c8c77b3b5cba,MATCH,pc2_transfer/transfer/checksums.txt:L25->pc2_transfer/transfer/data/nq/nq_snapshots_2025-01.parquet; transfer/checksums.txt:L25->transfer/data/nq/nq_snapshots_2025-01.parquet,,,,,,,
nq,2025-01,D_PC2_TRANSFER_v4,PC2_TRANSFER_v4/processed/nq/v4_gapfill/nq_snapshots_2025-01.parquet,C:\Users\ttbea\OneDrive\Desktop\MBO_2025\PC2_TRANSFER_v4\processed\nq\v4_gapfill\nq_snapshots_2025-01.parquet,51840110,2026-04-16T23:38:42Z,426cb2d87f867893c67462c40258cf59c2d30939097d9b63e4584ac4aa140d94,a9c85c34b5a5845dbfcc51cc5dd8e718,14,22,1778405,604800,1735826400004939881,1738360799000011289,0,20,24,v4_gapfill,false,PC2_TRANSFER_v4/manifest.csv,176,a9c85c34b5a5845dbfcc51cc5dd8e718,MATCH,PC2_TRANSFER_v4/manifest.csv:L176->PC2_TRANSFER_v4/processed/nq/v4_gapfill/nq_snapshots_2025-01.parquet; PC2_TRANSFER_v4/manifest.csv:L176->processed/nq/v4_gapfill/nq_snapshots_2025-01.parquet,,,,,,,
nq,2025-01,B_processed_v4_gapfill,processed/nq/v4_gapfill/nq_snapshots_2025-01.parquet,C:\Users\ttbea\OneDrive\Desktop\MBO_2025\processed\nq\v4_gapfill\nq_snapshots_2025-01.parquet,51840110,2026-04-16T23:38:42Z,426cb2d87f867893c67462c40258cf59c2d30939097d9b63e4584ac4aa140d94,a9c85c34b5a5845dbfcc51cc5dd8e718,14,22,1778405,604800,1735826400004939881,1738360799000011289,0,20,24,v4_gapfill,false,PC2_TRANSFER_v4/manifest.csv,176,a9c85c34b5a5845dbfcc51cc5dd8e718,MATCH,PC2_TRANSFER_v4/manifest.csv:L176->PC2_TRANSFER_v4/processed/nq/v4_gapfill/nq_snapshots_2025-01.parquet; PC2_TRANSFER_v4/manifest.csv:L176->processed/nq/v4_gapfill/nq_snapshots_2025-01.parquet,1,0,1,0,604800,1,0
nq,2025-08,E_pc2_transfer_processed,pc2_transfer/processed/nq/nq_snapshots_2025-08.parquet,C:\Users\ttbea\OneDrive\Desktop\MBO_2025\pc2_transfer\processed\nq\nq_snapshots_2025-08.parquet,49828504,2026-04-02T16:49:50Z,1a200a3a71a597c84e869d0ce647195b86250c0d28e3d0c813a3aaf40f1304d7,de9102cc811a0d2e48a1cf402b3f3c16,14,22,1750610,540531,1753652702423366679,1756501199911709147,7,285,24,v3_pre_gapfill,false,NOT_COVERED,,"",NOT_COVERED,pc2_transfer/transfer/checksums.txt:L32->pc2_transfer/transfer/data/nq/nq_snapshots_2025-08.parquet; transfer/checksums.txt:L32->transfer/data/nq/nq_snapshots_2025-08.parquet,,,,,,,
nq,2025-08,F_pc2_transfer_transfer_data,pc2_transfer/transfer/data/nq/nq_snapshots_2025-08.parquet,C:\Users\ttbea\OneDrive\Desktop\MBO_2025\pc2_transfer\transfer\data\nq\nq_snapshots_2025-08.parquet,49828504,2026-04-07T15:26:09Z,1a200a3a71a597c84e869d0ce647195b86250c0d28e3d0c813a3aaf40f1304d7,de9102cc811a0d2e48a1cf402b3f3c16,14,22,1750610,540531,1753652702423366679,1756501199911709147,7,285,24,v3_pre_gapfill,false,pc2_transfer/transfer/checksums.txt,32,de9102cc811a0d2e48a1cf402b3f3c16,MATCH,pc2_transfer/transfer/checksums.txt:L32->pc2_transfer/transfer/data/nq/nq_snapshots_2025-08.parquet; transfer/checksums.txt:L32->transfer/data/nq/nq_snapshots_2025-08.parquet,,,,,,,
nq,2025-08,A_processed_FIXTURE_PATH,processed/nq/nq_snapshots_2025-08.parquet,C:\Users\ttbea\OneDrive\Desktop\MBO_2025\processed\nq\nq_snapshots_2025-08.parquet,49828504,2026-04-02T16:49:50Z,1a200a3a71a597c84e869d0ce647195b86250c0d28e3d0c813a3aaf40f1304d7,de9102cc811a0d2e48a1cf402b3f3c16,14,22,1750610,540531,1753652702423366679,1756501199911709147,7,285,24,v3_pre_gapfill,true,NOT_COVERED,,"",NOT_COVERED,pc2_transfer/transfer/checksums.txt:L32->pc2_transfer/transfer/data/nq/nq_snapshots_2025-08.parquet; transfer/checksums.txt:L32->transfer/data/nq/nq_snapshots_2025-08.parquet,1,0,2,4,540524,2,7
nq,2025-08,G_transfer_data,transfer/data/nq/nq_snapshots_2025-08.parquet,C:\Users\ttbea\OneDrive\Desktop\MBO_2025\transfer\data\nq\nq_snapshots_2025-08.parquet,49828504,2026-04-07T15:26:09Z,1a200a3a71a597c84e869d0ce647195b86250c0d28e3d0c813a3aaf40f1304d7,de9102cc811a0d2e48a1cf402b3f3c16,14,22,1750610,540531,1753652702423366679,1756501199911709147,7,285,24,v3_pre_gapfill,false,transfer/checksums.txt,32,de9102cc811a0d2e48a1cf402b3f3c16,MATCH,pc2_transfer/transfer/checksums.txt:L32->pc2_transfer/transfer/data/nq/nq_snapshots_2025-08.parquet; transfer/checksums.txt:L32->transfer/data/nq/nq_snapshots_2025-08.parquet,,,,,,,
nq,2025-08,D_PC2_TRANSFER_v4,PC2_TRANSFER_v4/processed/nq/v4_gapfill/nq_snapshots_2025-08.parquet,C:\Users\ttbea\OneDrive\Desktop\MBO_2025\PC2_TRANSFER_v4\processed\nq\v4_gapfill\nq_snapshots_2025-08.parquet,49346735,2026-04-17T02:17:06Z,5ee7c078e584963fb1ed59e828e498be8c981d1682644210dbfb761f771591ba,02aa1f7f36ec9e3c052f5f93c2536312,14,22,1760404,586810,1754056800020817297,1756501200068025619,5,25,24,v4_gapfill,false,PC2_TRANSFER_v4/manifest.csv,183,02aa1f7f36ec9e3c052f5f93c2536312,MATCH,PC2_TRANSFER_v4/manifest.csv:L183->PC2_TRANSFER_v4/processed/nq/v4_gapfill/nq_snapshots_2025-08.parquet; PC2_TRANSFER_v4/manifest.csv:L183->processed/nq/v4_gapfill/nq_snapshots_2025-08.parquet,,,,,,,
nq,2025-08,B_processed_v4_gapfill,processed/nq/v4_gapfill/nq_snapshots_2025-08.parquet,C:\Users\ttbea\OneDrive\Desktop\MBO_2025\processed\nq\v4_gapfill\nq_snapshots_2025-08.parquet,49346735,2026-04-17T02:17:06Z,5ee7c078e584963fb1ed59e828e498be8c981d1682644210dbfb761f771591ba,02aa1f7f36ec9e3c052f5f93c2536312,14,22,1760404,586810,1754056800020817297,1756501200068025619,5,25,24,v4_gapfill,false,PC2_TRANSFER_v4/manifest.csv,183,02aa1f7f36ec9e3c052f5f93c2536312,MATCH,PC2_TRANSFER_v4/manifest.csv:L183->PC2_TRANSFER_v4/processed/nq/v4_gapfill/nq_snapshots_2025-08.parquet; PC2_TRANSFER_v4/manifest.csv:L183->processed/nq/v4_gapfill/nq_snapshots_2025-08.parquet,1,0,1,0,586805,2,5
nq,2025-09,E_pc2_transfer_processed,pc2_transfer/processed/nq/nq_snapshots_2025-09.parquet,C:\Users\ttbea\OneDrive\Desktop\MBO_2025\pc2_transfer\processed\nq\nq_snapshots_2025-09.parquet,49605436,2026-04-02T17:03:39Z,421d881b62109379c4022fecce9c431192dad8cb6b3be4a3528e882d11f0b0f5,b59466b87c64cc6ff05e4c98a883fe33,14,22,1816635,549431,1756674955669014397,1759265999988376271,5,212,24,v3_pre_gapfill,false,NOT_COVERED,,"",NOT_COVERED,pc2_transfer/transfer/checksums.txt:L33->pc2_transfer/transfer/data/nq/nq_snapshots_2025-09.parquet; transfer/checksums.txt:L33->transfer/data/nq/nq_snapshots_2025-09.parquet,,,,,,,
nq,2025-09,F_pc2_transfer_transfer_data,pc2_transfer/transfer/data/nq/nq_snapshots_2025-09.parquet,C:\Users\ttbea\OneDrive\Desktop\MBO_2025\pc2_transfer\transfer\data\nq\nq_snapshots_2025-09.parquet,49605436,2026-04-07T15:26:09Z,421d881b62109379c4022fecce9c431192dad8cb6b3be4a3528e882d11f0b0f5,b59466b87c64cc6ff05e4c98a883fe33,14,22,1816635,549431,1756674955669014397,1759265999988376271,5,212,24,v3_pre_gapfill,false,pc2_transfer/transfer/checksums.txt,33,b59466b87c64cc6ff05e4c98a883fe33,MATCH,pc2_transfer/transfer/checksums.txt:L33->pc2_transfer/transfer/data/nq/nq_snapshots_2025-09.parquet; transfer/checksums.txt:L33->transfer/data/nq/nq_snapshots_2025-09.parquet,,,,,,,
nq,2025-09,A_processed_FIXTURE_PATH,processed/nq/nq_snapshots_2025-09.parquet,C:\Users\ttbea\OneDrive\Desktop\MBO_2025\processed\nq\nq_snapshots_2025-09.parquet,49605436,2026-04-02T17:03:39Z,421d881b62109379c4022fecce9c431192dad8cb6b3be4a3528e882d11f0b0f5,b59466b87c64cc6ff05e4c98a883fe33,14,22,1816635,549431,1756674955669014397,1759265999988376271,5,212,24,v3_pre_gapfill,true,NOT_COVERED,,"",NOT_COVERED,pc2_transfer/transfer/checksums.txt:L33->pc2_transfer/transfer/data/nq/nq_snapshots_2025-09.parquet; transfer/checksums.txt:L33->transfer/data/nq/nq_snapshots_2025-09.parquet,1,0,1,0,549426,2,5
nq,2025-09,G_transfer_data,transfer/data/nq/nq_snapshots_2025-09.parquet,C:\Users\ttbea\OneDrive\Desktop\MBO_2025\transfer\data\nq\nq_snapshots_2025-09.parquet,49605436,2026-04-07T15:26:09Z,421d881b62109379c4022fecce9c431192dad8cb6b3be4a3528e882d11f0b0f5,b59466b87c64cc6ff05e4c98a883fe33,14,22,1816635,549431,1756674955669014397,1759265999988376271,5,212,24,v3_pre_gapfill,false,transfer/checksums.txt,33,b59466b87c64cc6ff05e4c98a883fe33,MATCH,pc2_transfer/transfer/checksums.txt:L33->pc2_transfer/transfer/data/nq/nq_snapshots_2025-09.parquet; transfer/checksums.txt:L33->transfer/data/nq/nq_snapshots_2025-09.parquet,,,,,,,
nq,2025-09,D_PC2_TRANSFER_v4,PC2_TRANSFER_v4/processed/nq/v4_gapfill/nq_snapshots_2025-09.parquet,C:\Users\ttbea\OneDrive\Desktop\MBO_2025\PC2_TRANSFER_v4\processed\nq\v4_gapfill\nq_snapshots_2025-09.parquet,48252601,2026-04-17T02:36:15Z,cb9424a4c0c7b998f768dffb450a2ca40f56b59eaeb200e64b11026655ba1fea,59cc4ecb1572b72c3cfdf9a41a56d4f7,14,22,1771204,590408,1756821600046264687,1759269599035742887,4,24,24,v4_gapfill,false,PC2_TRANSFER_v4/manifest.csv,184,59cc4ecb1572b72c3cfdf9a41a56d4f7,MATCH,PC2_TRANSFER_v4/manifest.csv:L184->PC2_TRANSFER_v4/processed/nq/v4_gapfill/nq_snapshots_2025-09.parquet; PC2_TRANSFER_v4/manifest.csv:L184->processed/nq/v4_gapfill/nq_snapshots_2025-09.parquet,,,,,,,
nq,2025-09,B_processed_v4_gapfill,processed/nq/v4_gapfill/nq_snapshots_2025-09.parquet,C:\Users\ttbea\OneDrive\Desktop\MBO_2025\processed\nq\v4_gapfill\nq_snapshots_2025-09.parquet,48252601,2026-04-17T02:36:15Z,cb9424a4c0c7b998f768dffb450a2ca40f56b59eaeb200e64b11026655ba1fea,59cc4ecb1572b72c3cfdf9a41a56d4f7,14,22,1771204,590408,1756821600046264687,1759269599035742887,4,24,24,v4_gapfill,false,PC2_TRANSFER_v4/manifest.csv,184,59cc4ecb1572b72c3cfdf9a41a56d4f7,MATCH,PC2_TRANSFER_v4/manifest.csv:L184->PC2_TRANSFER_v4/processed/nq/v4_gapfill/nq_snapshots_2025-09.parquet; PC2_TRANSFER_v4/manifest.csv:L184->processed/nq/v4_gapfill/nq_snapshots_2025-09.parquet,1,0,1,0,590404,2,4
nq,2025-10,E_pc2_transfer_processed,pc2_transfer/processed/nq/nq_snapshots_2025-10.parquet,C:\Users\ttbea\OneDrive\Desktop\MBO_2025\pc2_transfer\processed\nq\nq_snapshots_2025-10.parquet,56492749,2026-04-02T17:29:30Z,9524e711d5a442911f5c0141b600cecde8738082854b11632150144d68f66ced,fc21463d73a220284e4bf6a0313ba363,14,22,1916320,590786,1759095900254420635,1761944399997018327,5,289,24,v3_pre_gapfill,false,NOT_COVERED,,"",NOT_COVERED,pc2_transfer/transfer/checksums.txt:L34->pc2_transfer/transfer/data/nq/nq_snapshots_2025-10.parquet; transfer/checksums.txt:L34->transfer/data/nq/nq_snapshots_2025-10.parquet,,,,,,,
nq,2025-10,F_pc2_transfer_transfer_data,pc2_transfer/transfer/data/nq/nq_snapshots_2025-10.parquet,C:\Users\ttbea\OneDrive\Desktop\MBO_2025\pc2_transfer\transfer\data\nq\nq_snapshots_2025-10.parquet,56492749,2026-04-07T15:26:09Z,9524e711d5a442911f5c0141b600cecde8738082854b11632150144d68f66ced,fc21463d73a220284e4bf6a0313ba363,14,22,1916320,590786,1759095900254420635,1761944399997018327,5,289,24,v3_pre_gapfill,false,pc2_transfer/transfer/checksums.txt,34,fc21463d73a220284e4bf6a0313ba363,MATCH,pc2_transfer/transfer/checksums.txt:L34->pc2_transfer/transfer/data/nq/nq_snapshots_2025-10.parquet; transfer/checksums.txt:L34->transfer/data/nq/nq_snapshots_2025-10.parquet,,,,,,,
nq,2025-10,A_processed_FIXTURE_PATH,processed/nq/nq_snapshots_2025-10.parquet,C:\Users\ttbea\OneDrive\Desktop\MBO_2025\processed\nq\nq_snapshots_2025-10.parquet,56492749,2026-04-02T17:29:30Z,9524e711d5a442911f5c0141b600cecde8738082854b11632150144d68f66ced,fc21463d73a220284e4bf6a0313ba363,14,22,1916320,590786,1759095900254420635,1761944399997018327,5,289,24,v3_pre_gapfill,true,NOT_COVERED,,"",NOT_COVERED,pc2_transfer/transfer/checksums.txt:L34->pc2_transfer/transfer/data/nq/nq_snapshots_2025-10.parquet; transfer/checksums.txt:L34->transfer/data/nq/nq_snapshots_2025-10.parquet,1,0,2,1,590781,2,5
nq,2025-10,G_transfer_data,transfer/data/nq/nq_snapshots_2025-10.parquet,C:\Users\ttbea\OneDrive\Desktop\MBO_2025\transfer\data\nq\nq_snapshots_2025-10.parquet,56492749,2026-04-07T15:26:09Z,9524e711d5a442911f5c0141b600cecde8738082854b11632150144d68f66ced,fc21463d73a220284e4bf6a0313ba363,14,22,1916320,590786,1759095900254420635,1761944399997018327,5,289,24,v3_pre_gapfill,false,transfer/checksums.txt,34,fc21463d73a220284e4bf6a0313ba363,MATCH,pc2_transfer/transfer/checksums.txt:L34->pc2_transfer/transfer/data/nq/nq_snapshots_2025-10.parquet; transfer/checksums.txt:L34->transfer/data/nq/nq_snapshots_2025-10.parquet,,,,,,,
nq,2025-10,D_PC2_TRANSFER_v4,PC2_TRANSFER_v4/processed/nq/v4_gapfill/nq_snapshots_2025-10.parquet,C:\Users\ttbea\OneDrive\Desktop\MBO_2025\PC2_TRANSFER_v4\processed\nq\v4_gapfill\nq_snapshots_2025-10.parquet,56232449,2026-04-17T02:59:21Z,753ee9dc2ba5099dbe0196794c7a416c0f3813cb3d19f678f107fcc3f94350fc,83c687e94bed979e7b871db41089701b,14,22,1933205,644410,1759327200011953061,1761944400068028443,5,27,24,v4_gapfill,false,PC2_TRANSFER_v4/manifest.csv,185,83c687e94bed979e7b871db41089701b,MATCH,PC2_TRANSFER_v4/manifest.csv:L185->PC2_TRANSFER_v4/processed/nq/v4_gapfill/nq_snapshots_2025-10.parquet; PC2_TRANSFER_v4/manifest.csv:L185->processed/nq/v4_gapfill/nq_snapshots_2025-10.parquet,,,,,,,
nq,2025-10,B_processed_v4_gapfill,processed/nq/v4_gapfill/nq_snapshots_2025-10.parquet,C:\Users\ttbea\OneDrive\Desktop\MBO_2025\processed\nq\v4_gapfill\nq_snapshots_2025-10.parquet,56232449,2026-04-17T02:59:21Z,753ee9dc2ba5099dbe0196794c7a416c0f3813cb3d19f678f107fcc3f94350fc,83c687e94bed979e7b871db41089701b,14,22,1933205,644410,1759327200011953061,1761944400068028443,5,27,24,v4_gapfill,false,PC2_TRANSFER_v4/manifest.csv,185,83c687e94bed979e7b871db41089701b,MATCH,PC2_TRANSFER_v4/manifest.csv:L185->PC2_TRANSFER_v4/processed/nq/v4_gapfill/nq_snapshots_2025-10.parquet; PC2_TRANSFER_v4/manifest.csv:L185->processed/nq/v4_gapfill/nq_snapshots_2025-10.parquet,1,0,1,0,644405,2,5
nq,2025-11,E_pc2_transfer_processed,pc2_transfer/processed/nq/nq_snapshots_2025-11.parquet,C:\Users\ttbea\OneDrive\Desktop\MBO_2025\pc2_transfer\processed\nq\nq_snapshots_2025-11.parquet,49708861,2026-04-02T17:58:53Z,187af363af1d97eb0b9632b93710a5f1646e2385d582261336e783b403d51cb8,6b17334720c22a1f971b1974f80e5b42,14,22,1603667,550464,1762178400000024053,1764353700068071121,4,79,24,v3_pre_gapfill,false,NOT_COVERED,,"",NOT_COVERED,pc2_transfer/transfer/checksums.txt:L35->pc2_transfer/transfer/data/nq/nq_snapshots_2025-11.parquet; transfer/checksums.txt:L35->transfer/data/nq/nq_snapshots_2025-11.parquet,,,,,,,
nq,2025-11,F_pc2_transfer_transfer_data,pc2_transfer/transfer/data/nq/nq_snapshots_2025-11.parquet,C:\Users\ttbea\OneDrive\Desktop\MBO_2025\pc2_transfer\transfer\data\nq\nq_snapshots_2025-11.parquet,49708861,2026-04-07T15:26:09Z,187af363af1d97eb0b9632b93710a5f1646e2385d582261336e783b403d51cb8,6b17334720c22a1f971b1974f80e5b42,14,22,1603667,550464,1762178400000024053,1764353700068071121,4,79,24,v3_pre_gapfill,false,pc2_transfer/transfer/checksums.txt,35,6b17334720c22a1f971b1974f80e5b42,MATCH,pc2_transfer/transfer/checksums.txt:L35->pc2_transfer/transfer/data/nq/nq_snapshots_2025-11.parquet; transfer/checksums.txt:L35->transfer/data/nq/nq_snapshots_2025-11.parquet,,,,,,,
nq,2025-11,A_processed_FIXTURE_PATH,processed/nq/nq_snapshots_2025-11.parquet,C:\Users\ttbea\OneDrive\Desktop\MBO_2025\processed\nq\nq_snapshots_2025-11.parquet,49708861,2026-04-02T17:58:53Z,187af363af1d97eb0b9632b93710a5f1646e2385d582261336e783b403d51cb8,6b17334720c22a1f971b1974f80e5b42,14,22,1603667,550464,1762178400000024053,1764353700068071121,4,79,24,v3_pre_gapfill,true,NOT_COVERED,,"",NOT_COVERED,pc2_transfer/transfer/checksums.txt:L35->pc2_transfer/transfer/data/nq/nq_snapshots_2025-11.parquet; transfer/checksums.txt:L35->transfer/data/nq/nq_snapshots_2025-11.parquet,1,0,1,0,550461,2,3
nq,2025-11,G_transfer_data,transfer/data/nq/nq_snapshots_2025-11.parquet,C:\Users\ttbea\OneDrive\Desktop\MBO_2025\transfer\data\nq\nq_snapshots_2025-11.parquet,49708861,2026-04-07T15:26:09Z,187af363af1d97eb0b9632b93710a5f1646e2385d582261336e783b403d51cb8,6b17334720c22a1f971b1974f80e5b42,14,22,1603667,550464,1762178400000024053,1764353700068071121,4,79,24,v3_pre_gapfill,false,transfer/checksums.txt,35,6b17334720c22a1f971b1974f80e5b42,MATCH,pc2_transfer/transfer/checksums.txt:L35->pc2_transfer/transfer/data/nq/nq_snapshots_2025-11.parquet; transfer/checksums.txt:L35->transfer/data/nq/nq_snapshots_2025-11.parquet,,,,,,,
nq,2025-11,D_PC2_TRANSFER_v4,PC2_TRANSFER_v4/processed/nq/v4_gapfill/nq_snapshots_2025-11.parquet,C:\Users\ttbea\OneDrive\Desktop\MBO_2025\PC2_TRANSFER_v4\processed\nq\v4_gapfill\nq_snapshots_2025-11.parquet,47989421,2026-04-17T03:27:15Z,1b6b445c1c2f79da90b4a70ef8d1253a01ab825b4eb4a7f25705ac20ee6a6d80,5f831226062030edd7d848139f8217e7,14,22,1533603,518400,1762178400000024053,1764194399000008937,0,17,24,v4_gapfill,false,PC2_TRANSFER_v4/manifest.csv,186,5f831226062030edd7d848139f8217e7,MATCH,PC2_TRANSFER_v4/manifest.csv:L186->PC2_TRANSFER_v4/processed/nq/v4_gapfill/nq_snapshots_2025-11.parquet; PC2_TRANSFER_v4/manifest.csv:L186->processed/nq/v4_gapfill/nq_snapshots_2025-11.parquet,,,,,,,
nq,2025-11,B_processed_v4_gapfill,processed/nq/v4_gapfill/nq_snapshots_2025-11.parquet,C:\Users\ttbea\OneDrive\Desktop\MBO_2025\processed\nq\v4_gapfill\nq_snapshots_2025-11.parquet,47989421,2026-04-17T03:27:15Z,1b6b445c1c2f79da90b4a70ef8d1253a01ab825b4eb4a7f25705ac20ee6a6d80,5f831226062030edd7d848139f8217e7,14,22,1533603,518400,1762178400000024053,1764194399000008937,0,17,24,v4_gapfill,false,PC2_TRANSFER_v4/manifest.csv,186,5f831226062030edd7d848139f8217e7,MATCH,PC2_TRANSFER_v4/manifest.csv:L186->PC2_TRANSFER_v4/processed/nq/v4_gapfill/nq_snapshots_2025-11.parquet; PC2_TRANSFER_v4/manifest.csv:L186->processed/nq/v4_gapfill/nq_snapshots_2025-11.parquet,1,0,1,0,518400,1,0
nq,2025-12,E_pc2_transfer_processed,pc2_transfer/processed/nq/nq_snapshots_2025-12.parquet,C:\Users\ttbea\OneDrive\Desktop\MBO_2025\pc2_transfer\processed\nq\nq_snapshots_2025-12.parquet,51941216,2026-04-02T18:00:26Z,89f356941f99d54b9da34bee56565fbcb06b1a786a4a106b370c1799d6d16153,dea101f4228fcfabff3bdc09ceda05d7,14,22,1815663,620108,1764597600000016281,1767218399868177373,6,28,24,v3_pre_gapfill,false,NOT_COVERED,,"",NOT_COVERED,pc2_transfer/transfer/checksums.txt:L36->pc2_transfer/transfer/data/nq/nq_snapshots_2025-12.parquet; transfer/checksums.txt:L36->transfer/data/nq/nq_snapshots_2025-12.parquet,,,,,,,
nq,2025-12,F_pc2_transfer_transfer_data,pc2_transfer/transfer/data/nq/nq_snapshots_2025-12.parquet,C:\Users\ttbea\OneDrive\Desktop\MBO_2025\pc2_transfer\transfer\data\nq\nq_snapshots_2025-12.parquet,51941216,2026-04-07T15:26:09Z,89f356941f99d54b9da34bee56565fbcb06b1a786a4a106b370c1799d6d16153,dea101f4228fcfabff3bdc09ceda05d7,14,22,1815663,620108,1764597600000016281,1767218399868177373,6,28,24,v3_pre_gapfill,false,pc2_transfer/transfer/checksums.txt,36,dea101f4228fcfabff3bdc09ceda05d7,MATCH,pc2_transfer/transfer/checksums.txt:L36->pc2_transfer/transfer/data/nq/nq_snapshots_2025-12.parquet; transfer/checksums.txt:L36->transfer/data/nq/nq_snapshots_2025-12.parquet,,,,,,,
nq,2025-12,A_processed_FIXTURE_PATH,processed/nq/nq_snapshots_2025-12.parquet,C:\Users\ttbea\OneDrive\Desktop\MBO_2025\processed\nq\nq_snapshots_2025-12.parquet,51941216,2026-04-02T18:00:26Z,89f356941f99d54b9da34bee56565fbcb06b1a786a4a106b370c1799d6d16153,dea101f4228fcfabff3bdc09ceda05d7,14,22,1815663,620108,1764597600000016281,1767218399868177373,6,28,24,v3_pre_gapfill,true,NOT_COVERED,,"",NOT_COVERED,pc2_transfer/transfer/checksums.txt:L36->pc2_transfer/transfer/data/nq/nq_snapshots_2025-12.parquet; transfer/checksums.txt:L36->transfer/data/nq/nq_snapshots_2025-12.parquet,1,0,1,0,620102,2,6
nq,2025-12,G_transfer_data,transfer/data/nq/nq_snapshots_2025-12.parquet,C:\Users\ttbea\OneDrive\Desktop\MBO_2025\transfer\data\nq\nq_snapshots_2025-12.parquet,51941216,2026-04-07T15:26:09Z,89f356941f99d54b9da34bee56565fbcb06b1a786a4a106b370c1799d6d16153,dea101f4228fcfabff3bdc09ceda05d7,14,22,1815663,620108,1764597600000016281,1767218399868177373,6,28,24,v3_pre_gapfill,false,transfer/checksums.txt,36,dea101f4228fcfabff3bdc09ceda05d7,MATCH,pc2_transfer/transfer/checksums.txt:L36->pc2_transfer/transfer/data/nq/nq_snapshots_2025-12.parquet; transfer/checksums.txt:L36->transfer/data/nq/nq_snapshots_2025-12.parquet,,,,,,,
nq,2025-12,D_PC2_TRANSFER_v4,PC2_TRANSFER_v4/processed/nq/v4_gapfill/nq_snapshots_2025-12.parquet,C:\Users\ttbea\OneDrive\Desktop\MBO_2025\PC2_TRANSFER_v4\processed\nq\v4_gapfill\nq_snapshots_2025-12.parquet,51697201,2026-04-17T03:47:16Z,2157ad024d7c7b8ffd26bc4548e8e852210148c83a23bdbe37f654229fdc352e,db9a82e7ce7921bcefdc42ad7ac7513a,14,22,1844106,620102,1764597600000016281,1767218399000011275,1,22,24,v4_gapfill,false,PC2_TRANSFER_v4/manifest.csv,187,db9a82e7ce7921bcefdc42ad7ac7513a,MATCH,PC2_TRANSFER_v4/manifest.csv:L187->PC2_TRANSFER_v4/processed/nq/v4_gapfill/nq_snapshots_2025-12.parquet; PC2_TRANSFER_v4/manifest.csv:L187->processed/nq/v4_gapfill/nq_snapshots_2025-12.parquet,,,,,,,
nq,2025-12,B_processed_v4_gapfill,processed/nq/v4_gapfill/nq_snapshots_2025-12.parquet,C:\Users\ttbea\OneDrive\Desktop\MBO_2025\processed\nq\v4_gapfill\nq_snapshots_2025-12.parquet,51697201,2026-04-17T03:47:16Z,2157ad024d7c7b8ffd26bc4548e8e852210148c83a23bdbe37f654229fdc352e,db9a82e7ce7921bcefdc42ad7ac7513a,14,22,1844106,620102,1764597600000016281,1767218399000011275,1,22,24,v4_gapfill,false,PC2_TRANSFER_v4/manifest.csv,187,db9a82e7ce7921bcefdc42ad7ac7513a,MATCH,PC2_TRANSFER_v4/manifest.csv:L187->PC2_TRANSFER_v4/processed/nq/v4_gapfill/nq_snapshots_2025-12.parquet; PC2_TRANSFER_v4/manifest.csv:L187->processed/nq/v4_gapfill/nq_snapshots_2025-12.parquet,1,0,1,0,620101,2,1
zc,2025-01,E_pc2_transfer_processed,pc2_transfer/processed/zc/zc_snapshots_2025-01.parquet,C:\Users\ttbea\OneDrive\Desktop\MBO_2025\pc2_transfer\processed\zc\zc_snapshots_2025-01.parquet,15919599,2026-04-02T21:31:53Z,46aa7639f3eb92ad7cfafecb78983340e83409f104b1fbf06d4c479078729b46,ea2eee6136896b5f8a5b7ddc052f589c,14,19,1262191,338159,1735828200000000000,1738349999000000000,0,28,24,v3_pre_gapfill,false,NOT_COVERED,,"",NOT_COVERED,pc2_transfer/transfer/checksums.txt:L49->pc2_transfer/transfer/data/zc/zc_snapshots_2025-01.parquet; transfer/checksums.txt:L49->transfer/data/zc/zc_snapshots_2025-01.parquet,,,,,,,
zc,2025-01,F_pc2_transfer_transfer_data,pc2_transfer/transfer/data/zc/zc_snapshots_2025-01.parquet,C:\Users\ttbea\OneDrive\Desktop\MBO_2025\pc2_transfer\transfer\data\zc\zc_snapshots_2025-01.parquet,15919599,2026-04-07T15:26:14Z,46aa7639f3eb92ad7cfafecb78983340e83409f104b1fbf06d4c479078729b46,ea2eee6136896b5f8a5b7ddc052f589c,14,19,1262191,338159,1735828200000000000,1738349999000000000,0,28,24,v3_pre_gapfill,false,pc2_transfer/transfer/checksums.txt,49,ea2eee6136896b5f8a5b7ddc052f589c,MATCH,pc2_transfer/transfer/checksums.txt:L49->pc2_transfer/transfer/data/zc/zc_snapshots_2025-01.parquet; transfer/checksums.txt:L49->transfer/data/zc/zc_snapshots_2025-01.parquet,,,,,,,
zc,2025-01,A_processed_FIXTURE_PATH,processed/zc/zc_snapshots_2025-01.parquet,C:\Users\ttbea\OneDrive\Desktop\MBO_2025\processed\zc\zc_snapshots_2025-01.parquet,15919599,2026-04-02T21:31:53Z,46aa7639f3eb92ad7cfafecb78983340e83409f104b1fbf06d4c479078729b46,ea2eee6136896b5f8a5b7ddc052f589c,14,19,1262191,338159,1735828200000000000,1738349999000000000,0,28,24,v3_pre_gapfill,true,NOT_COVERED,,"",NOT_COVERED,pc2_transfer/transfer/checksums.txt:L49->pc2_transfer/transfer/data/zc/zc_snapshots_2025-01.parquet; transfer/checksums.txt:L49->transfer/data/zc/zc_snapshots_2025-01.parquet,1,0,2,1,338159,1,0
zc,2025-01,G_transfer_data,transfer/data/zc/zc_snapshots_2025-01.parquet,C:\Users\ttbea\OneDrive\Desktop\MBO_2025\transfer\data\zc\zc_snapshots_2025-01.parquet,15919599,2026-04-07T15:26:14Z,46aa7639f3eb92ad7cfafecb78983340e83409f104b1fbf06d4c479078729b46,ea2eee6136896b5f8a5b7ddc052f589c,14,19,1262191,338159,1735828200000000000,1738349999000000000,0,28,24,v3_pre_gapfill,false,transfer/checksums.txt,49,ea2eee6136896b5f8a5b7ddc052f589c,MATCH,pc2_transfer/transfer/checksums.txt:L49->pc2_transfer/transfer/data/zc/zc_snapshots_2025-01.parquet; transfer/checksums.txt:L49->transfer/data/zc/zc_snapshots_2025-01.parquet,,,,,,,
zc,2025-01,D_PC2_TRANSFER_v4,PC2_TRANSFER_v4/processed/zc/v4_gapfill/zc_snapshots_2025-01.parquet,C:\Users\ttbea\OneDrive\Desktop\MBO_2025\PC2_TRANSFER_v4\processed\zc\v4_gapfill\zc_snapshots_2025-01.parquet,18328075,2026-04-17T03:58:32Z,0c0cb4ad2dfb19be057e6be611d92ff09d06f33de613bf0041b7e5ff22b5012f,900b30a0b7d5cb890329dac5329b0890,14,19,1346274,378000,1735826400199155501,1738349999999303117,0,20,24,v4_gapfill,false,PC2_TRANSFER_v4/manifest.csv,200,900b30a0b7d5cb890329dac5329b0890,MATCH,PC2_TRANSFER_v4/manifest.csv:L200->PC2_TRANSFER_v4/processed/zc/v4_gapfill/zc_snapshots_2025-01.parquet; PC2_TRANSFER_v4/manifest.csv:L200->processed/zc/v4_gapfill/zc_snapshots_2025-01.parquet,,,,,,,
zc,2025-01,B_processed_v4_gapfill,processed/zc/v4_gapfill/zc_snapshots_2025-01.parquet,C:\Users\ttbea\OneDrive\Desktop\MBO_2025\processed\zc\v4_gapfill\zc_snapshots_2025-01.parquet,18328075,2026-04-17T03:58:32Z,0c0cb4ad2dfb19be057e6be611d92ff09d06f33de613bf0041b7e5ff22b5012f,900b30a0b7d5cb890329dac5329b0890,14,19,1346274,378000,1735826400199155501,1738349999999303117,0,20,24,v4_gapfill,false,PC2_TRANSFER_v4/manifest.csv,200,900b30a0b7d5cb890329dac5329b0890,MATCH,PC2_TRANSFER_v4/manifest.csv:L200->PC2_TRANSFER_v4/processed/zc/v4_gapfill/zc_snapshots_2025-01.parquet; PC2_TRANSFER_v4/manifest.csv:L200->processed/zc/v4_gapfill/zc_snapshots_2025-01.parquet,1,0,1,0,378000,1,0
zc,2025-08,E_pc2_transfer_processed,pc2_transfer/processed/zc/zc_snapshots_2025-08.parquet,C:\Users\ttbea\OneDrive\Desktop\MBO_2025\pc2_transfer\processed\zc\zc_snapshots_2025-08.parquet,17473406,2026-04-02T21:45:03Z,d63508c3e3171f1073bc7c01a2d28f60af89093274342435b1be0eaaa8c3d0c3,07bad01ce5aa3795a4c17bfc7ca4ca7f,14,19,1666968,554304,1753711235363078609,1756491599920747881,335822,336106,24,v3_pre_gapfill,false,NOT_COVERED,,"",NOT_COVERED,pc2_transfer/transfer/checksums.txt:L56->pc2_transfer/transfer/data/zc/zc_snapshots_2025-08.parquet; transfer/checksums.txt:L56->transfer/data/zc/zc_snapshots_2025-08.parquet,,,,,,,
zc,2025-08,F_pc2_transfer_transfer_data,pc2_transfer/transfer/data/zc/zc_snapshots_2025-08.parquet,C:\Users\ttbea\OneDrive\Desktop\MBO_2025\pc2_transfer\transfer\data\zc\zc_snapshots_2025-08.parquet,17473406,2026-04-07T15:26:14Z,d63508c3e3171f1073bc7c01a2d28f60af89093274342435b1be0eaaa8c3d0c3,07bad01ce5aa3795a4c17bfc7ca4ca7f,14,19,1666968,554304,1753711235363078609,1756491599920747881,335822,336106,24,v3_pre_gapfill,false,pc2_transfer/transfer/checksums.txt,56,07bad01ce5aa3795a4c17bfc7ca4ca7f,MATCH,pc2_transfer/transfer/checksums.txt:L56->pc2_transfer/transfer/data/zc/zc_snapshots_2025-08.parquet; transfer/checksums.txt:L56->transfer/data/zc/zc_snapshots_2025-08.parquet,,,,,,,
zc,2025-08,A_processed_FIXTURE_PATH,processed/zc/zc_snapshots_2025-08.parquet,C:\Users\ttbea\OneDrive\Desktop\MBO_2025\processed\zc\zc_snapshots_2025-08.parquet,17473406,2026-04-02T21:45:03Z,d63508c3e3171f1073bc7c01a2d28f60af89093274342435b1be0eaaa8c3d0c3,07bad01ce5aa3795a4c17bfc7ca4ca7f,14,19,1666968,554304,1753711235363078609,1756491599920747881,335822,336106,24,v3_pre_gapfill,true,NOT_COVERED,,"",NOT_COVERED,pc2_transfer/transfer/checksums.txt:L56->pc2_transfer/transfer/data/zc/zc_snapshots_2025-08.parquet; transfer/checksums.txt:L56->transfer/data/zc/zc_snapshots_2025-08.parquet,17,16,5,64073,342854,5,211450
zc,2025-08,G_transfer_data,transfer/data/zc/zc_snapshots_2025-08.parquet,C:\Users\ttbea\OneDrive\Desktop\MBO_2025\transfer\data\zc\zc_snapshots_2025-08.parquet,17473406,2026-04-07T15:26:14Z,d63508c3e3171f1073bc7c01a2d28f60af89093274342435b1be0eaaa8c3d0c3,07bad01ce5aa3795a4c17bfc7ca4ca7f,14,19,1666968,554304,1753711235363078609,1756491599920747881,335822,336106,24,v3_pre_gapfill,false,transfer/checksums.txt,56,07bad01ce5aa3795a4c17bfc7ca4ca7f,MATCH,pc2_transfer/transfer/checksums.txt:L56->pc2_transfer/transfer/data/zc/zc_snapshots_2025-08.parquet; transfer/checksums.txt:L56->transfer/data/zc/zc_snapshots_2025-08.parquet,,,,,,,
zc,2025-08,D_PC2_TRANSFER_v4,PC2_TRANSFER_v4/processed/zc/v4_gapfill/zc_snapshots_2025-08.parquet,C:\Users\ttbea\OneDrive\Desktop\MBO_2025\PC2_TRANSFER_v4\processed\zc\v4_gapfill\zc_snapshots_2025-08.parquet,19343028,2026-04-17T04:03:24Z,d9a15e3d04911ff279821916c400563682443e6f8d34cb3e993c250474b4722b,0cdd60b1259c8415ccf25c7d20deb5d4,14,19,1712400,366005,1754056800000000000,1756491599920747881,5,25,24,v4_gapfill,false,PC2_TRANSFER_v4/manifest.csv,207,0cdd60b1259c8415ccf25c7d20deb5d4,MATCH,PC2_TRANSFER_v4/manifest.csv:L207->PC2_TRANSFER_v4/processed/zc/v4_gapfill/zc_snapshots_2025-08.parquet; PC2_TRANSFER_v4/manifest.csv:L207->processed/zc/v4_gapfill/zc_snapshots_2025-08.parquet,,,,,,,
zc,2025-08,B_processed_v4_gapfill,processed/zc/v4_gapfill/zc_snapshots_2025-08.parquet,C:\Users\ttbea\OneDrive\Desktop\MBO_2025\processed\zc\v4_gapfill\zc_snapshots_2025-08.parquet,19343028,2026-04-17T04:03:24Z,d9a15e3d04911ff279821916c400563682443e6f8d34cb3e993c250474b4722b,0cdd60b1259c8415ccf25c7d20deb5d4,14,19,1712400,366005,1754056800000000000,1756491599920747881,5,25,24,v4_gapfill,false,PC2_TRANSFER_v4/manifest.csv,207,0cdd60b1259c8415ccf25c7d20deb5d4,MATCH,PC2_TRANSFER_v4/manifest.csv:L207->PC2_TRANSFER_v4/processed/zc/v4_gapfill/zc_snapshots_2025-08.parquet; PC2_TRANSFER_v4/manifest.csv:L207->processed/zc/v4_gapfill/zc_snapshots_2025-08.parquet,1,0,1,0,366000,2,5
zc,2025-09,E_pc2_transfer_processed,pc2_transfer/processed/zc/zc_snapshots_2025-09.parquet,C:\Users\ttbea\OneDrive\Desktop\MBO_2025\pc2_transfer\processed\zc\zc_snapshots_2025-09.parquet,18384909,2026-04-02T21:47:04Z,ad9a3661e19fb6d44d655c2bd709bf4ff0890a9df18900e5dae11e53d5313ef6,87238c1727bb4b416fbbca801b29dac0,14,19,1743521,580945,1756735626660556771,1759256399846790459,398101,398156,24,v3_pre_gapfill,false,NOT_COVERED,,"",NOT_COVERED,pc2_transfer/transfer/checksums.txt:L57->pc2_transfer/transfer/data/zc/zc_snapshots_2025-09.parquet; transfer/checksums.txt:L57->transfer/data/zc/zc_snapshots_2025-09.parquet,,,,,,,
zc,2025-09,F_pc2_transfer_transfer_data,pc2_transfer/transfer/data/zc/zc_snapshots_2025-09.parquet,C:\Users\ttbea\OneDrive\Desktop\MBO_2025\pc2_transfer\transfer\data\zc\zc_snapshots_2025-09.parquet,18384909,2026-04-07T15:26:14Z,ad9a3661e19fb6d44d655c2bd709bf4ff0890a9df18900e5dae11e53d5313ef6,87238c1727bb4b416fbbca801b29dac0,14,19,1743521,580945,1756735626660556771,1759256399846790459,398101,398156,24,v3_pre_gapfill,false,pc2_transfer/transfer/checksums.txt,57,87238c1727bb4b416fbbca801b29dac0,MATCH,pc2_transfer/transfer/checksums.txt:L57->pc2_transfer/transfer/data/zc/zc_snapshots_2025-09.parquet; transfer/checksums.txt:L57->transfer/data/zc/zc_snapshots_2025-09.parquet,,,,,,,
zc,2025-09,A_processed_FIXTURE_PATH,processed/zc/zc_snapshots_2025-09.parquet,C:\Users\ttbea\OneDrive\Desktop\MBO_2025\processed\zc\zc_snapshots_2025-09.parquet,18384909,2026-04-02T21:47:04Z,ad9a3661e19fb6d44d655c2bd709bf4ff0890a9df18900e5dae11e53d5313ef6,87238c1727bb4b416fbbca801b29dac0,14,19,1743521,580945,1756735626660556771,1759256399846790459,398101,398156,24,v3_pre_gapfill,true,NOT_COVERED,,"",NOT_COVERED,pc2_transfer/transfer/checksums.txt:L57->pc2_transfer/transfer/data/zc/zc_snapshots_2025-09.parquet; transfer/checksums.txt:L57->transfer/data/zc/zc_snapshots_2025-09.parquet,18,17,5,79742,327931,5,253014
zc,2025-09,G_transfer_data,transfer/data/zc/zc_snapshots_2025-09.parquet,C:\Users\ttbea\OneDrive\Desktop\MBO_2025\transfer\data\zc\zc_snapshots_2025-09.parquet,18384909,2026-04-07T15:26:14Z,ad9a3661e19fb6d44d655c2bd709bf4ff0890a9df18900e5dae11e53d5313ef6,87238c1727bb4b416fbbca801b29dac0,14,19,1743521,580945,1756735626660556771,1759256399846790459,398101,398156,24,v3_pre_gapfill,false,transfer/checksums.txt,57,87238c1727bb4b416fbbca801b29dac0,MATCH,pc2_transfer/transfer/checksums.txt:L57->pc2_transfer/transfer/data/zc/zc_snapshots_2025-09.parquet; transfer/checksums.txt:L57->transfer/data/zc/zc_snapshots_2025-09.parquet,,,,,,,
zc,2025-09,D_PC2_TRANSFER_v4,PC2_TRANSFER_v4/processed/zc/v4_gapfill/zc_snapshots_2025-09.parquet,C:\Users\ttbea\OneDrive\Desktop\MBO_2025\PC2_TRANSFER_v4\processed\zc\v4_gapfill\zc_snapshots_2025-09.parquet,19950623,2026-04-17T04:04:05Z,f85301e294bdb248f0ef0fc6be57a268c082ffb778a0279e0c3cceab697047fd,b7477143ab46dabb8fbbeb5fb9a705a2,14,19,1732800,368404,1756821600000000000,1759258799000000000,4,24,24,v4_gapfill,false,PC2_TRANSFER_v4/manifest.csv,208,b7477143ab46dabb8fbbeb5fb9a705a2,MATCH,PC2_TRANSFER_v4/manifest.csv:L208->PC2_TRANSFER_v4/processed/zc/v4_gapfill/zc_snapshots_2025-09.parquet; PC2_TRANSFER_v4/manifest.csv:L208->processed/zc/v4_gapfill/zc_snapshots_2025-09.parquet,,,,,,,
zc,2025-09,B_processed_v4_gapfill,processed/zc/v4_gapfill/zc_snapshots_2025-09.parquet,C:\Users\ttbea\OneDrive\Desktop\MBO_2025\processed\zc\v4_gapfill\zc_snapshots_2025-09.parquet,19950623,2026-04-17T04:04:05Z,f85301e294bdb248f0ef0fc6be57a268c082ffb778a0279e0c3cceab697047fd,b7477143ab46dabb8fbbeb5fb9a705a2,14,19,1732800,368404,1756821600000000000,1759258799000000000,4,24,24,v4_gapfill,false,PC2_TRANSFER_v4/manifest.csv,208,b7477143ab46dabb8fbbeb5fb9a705a2,MATCH,PC2_TRANSFER_v4/manifest.csv:L208->PC2_TRANSFER_v4/processed/zc/v4_gapfill/zc_snapshots_2025-09.parquet; PC2_TRANSFER_v4/manifest.csv:L208->processed/zc/v4_gapfill/zc_snapshots_2025-09.parquet,1,0,1,0,368400,2,4
zc,2025-10,E_pc2_transfer_processed,pc2_transfer/processed/zc/zc_snapshots_2025-10.parquet,C:\Users\ttbea\OneDrive\Desktop\MBO_2025\pc2_transfer\processed\zc\zc_snapshots_2025-10.parquet,21172120,2026-04-02T21:49:19Z,1dc49265e91561099c5e4202fec70550ba8b14833e4db040aae1af15e45e1fee,ff648eaf8c5aa226d4d6c3286238b2bb,14,19,1915096,634446,1759154436591587419,1761934799428135693,424332,424493,24,v3_pre_gapfill,false,NOT_COVERED,,"",NOT_COVERED,pc2_transfer/transfer/checksums.txt:L58->pc2_transfer/transfer/data/zc/zc_snapshots_2025-10.parquet; transfer/checksums.txt:L58->transfer/data/zc/zc_snapshots_2025-10.parquet,,,,,,,
zc,2025-10,F_pc2_transfer_transfer_data,pc2_transfer/transfer/data/zc/zc_snapshots_2025-10.parquet,C:\Users\ttbea\OneDrive\Desktop\MBO_2025\pc2_transfer\transfer\data\zc\zc_snapshots_2025-10.parquet,21172120,2026-04-07T15:26:14Z,1dc49265e91561099c5e4202fec70550ba8b14833e4db040aae1af15e45e1fee,ff648eaf8c5aa226d4d6c3286238b2bb,14,19,1915096,634446,1759154436591587419,1761934799428135693,424332,424493,24,v3_pre_gapfill,false,pc2_transfer/transfer/checksums.txt,58,ff648eaf8c5aa226d4d6c3286238b2bb,MATCH,pc2_transfer/transfer/checksums.txt:L58->pc2_transfer/transfer/data/zc/zc_snapshots_2025-10.parquet; transfer/checksums.txt:L58->transfer/data/zc/zc_snapshots_2025-10.parquet,,,,,,,
zc,2025-10,A_processed_FIXTURE_PATH,processed/zc/zc_snapshots_2025-10.parquet,C:\Users\ttbea\OneDrive\Desktop\MBO_2025\processed\zc\zc_snapshots_2025-10.parquet,21172120,2026-04-02T21:49:19Z,1dc49265e91561099c5e4202fec70550ba8b14833e4db040aae1af15e45e1fee,ff648eaf8c5aa226d4d6c3286238b2bb,14,19,1915096,634446,1759154436591587419,1761934799428135693,424332,424493,24,v3_pre_gapfill,true,NOT_COVERED,,"",NOT_COVERED,pc2_transfer/transfer/checksums.txt:L58->pc2_transfer/transfer/data/zc/zc_snapshots_2025-10.parquet; transfer/checksums.txt:L58->transfer/data/zc/zc_snapshots_2025-10.parquet,19,18,5,74401,369254,5,265192
zc,2025-10,G_transfer_data,transfer/data/zc/zc_snapshots_2025-10.parquet,C:\Users\ttbea\OneDrive\Desktop\MBO_2025\transfer\data\zc\zc_snapshots_2025-10.parquet,21172120,2026-04-07T15:26:14Z,1dc49265e91561099c5e4202fec70550ba8b14833e4db040aae1af15e45e1fee,ff648eaf8c5aa226d4d6c3286238b2bb,14,19,1915096,634446,1759154436591587419,1761934799428135693,424332,424493,24,v3_pre_gapfill,false,transfer/checksums.txt,58,ff648eaf8c5aa226d4d6c3286238b2bb,MATCH,pc2_transfer/transfer/checksums.txt:L58->pc2_transfer/transfer/data/zc/zc_snapshots_2025-10.parquet; transfer/checksums.txt:L58->transfer/data/zc/zc_snapshots_2025-10.parquet,,,,,,,
zc,2025-10,D_PC2_TRANSFER_v4,PC2_TRANSFER_v4/processed/zc/v4_gapfill/zc_snapshots_2025-10.parquet,C:\Users\ttbea\OneDrive\Desktop\MBO_2025\PC2_TRANSFER_v4\processed\zc\v4_gapfill\zc_snapshots_2025-10.parquet,22674185,2026-04-17T04:04:51Z,a78adf2a0a484c562c50efb84a70e28711f9aed8de4d081166d534303c33d5ac,97645d3bfe1e16d166584fe6e8b7ff3a,14,19,1885200,402005,1759327200000000000,1761934799428135693,5,27,24,v4_gapfill,false,PC2_TRANSFER_v4/manifest.csv,209,97645d3bfe1e16d166584fe6e8b7ff3a,MATCH,PC2_TRANSFER_v4/manifest.csv:L209->PC2_TRANSFER_v4/processed/zc/v4_gapfill/zc_snapshots_2025-10.parquet; PC2_TRANSFER_v4/manifest.csv:L209->processed/zc/v4_gapfill/zc_snapshots_2025-10.parquet,,,,,,,
zc,2025-10,B_processed_v4_gapfill,processed/zc/v4_gapfill/zc_snapshots_2025-10.parquet,C:\Users\ttbea\OneDrive\Desktop\MBO_2025\processed\zc\v4_gapfill\zc_snapshots_2025-10.parquet,22674185,2026-04-17T04:04:51Z,a78adf2a0a484c562c50efb84a70e28711f9aed8de4d081166d534303c33d5ac,97645d3bfe1e16d166584fe6e8b7ff3a,14,19,1885200,402005,1759327200000000000,1761934799428135693,5,27,24,v4_gapfill,false,PC2_TRANSFER_v4/manifest.csv,209,97645d3bfe1e16d166584fe6e8b7ff3a,MATCH,PC2_TRANSFER_v4/manifest.csv:L209->PC2_TRANSFER_v4/processed/zc/v4_gapfill/zc_snapshots_2025-10.parquet; PC2_TRANSFER_v4/manifest.csv:L209->processed/zc/v4_gapfill/zc_snapshots_2025-10.parquet,1,0,1,0,402000,2,5
zc,2025-11,E_pc2_transfer_processed,pc2_transfer/processed/zc/zc_snapshots_2025-11.parquet,C:\Users\ttbea\OneDrive\Desktop\MBO_2025\pc2_transfer\processed\zc\zc_snapshots_2025-11.parquet,13658481,2026-04-02T21:50:37Z,0e4ce42593093eeef3f74961c44bbdec144a71f81abb59d15282c250bbcebe2b,e997eb101932c1fa9cc8a24d06716261,14,19,1110050,304506,1762180200000000000,1764353100070036943,1,19,24,v3_pre_gapfill,false,NOT_COVERED,,"",NOT_COVERED,pc2_transfer/transfer/checksums.txt:L59->pc2_transfer/transfer/data/zc/zc_snapshots_2025-11.parquet; transfer/checksums.txt:L59->transfer/data/zc/zc_snapshots_2025-11.parquet,,,,,,,
zc,2025-11,F_pc2_transfer_transfer_data,pc2_transfer/transfer/data/zc/zc_snapshots_2025-11.parquet,C:\Users\ttbea\OneDrive\Desktop\MBO_2025\pc2_transfer\transfer\data\zc\zc_snapshots_2025-11.parquet,13658481,2026-04-07T15:26:14Z,0e4ce42593093eeef3f74961c44bbdec144a71f81abb59d15282c250bbcebe2b,e997eb101932c1fa9cc8a24d06716261,14,19,1110050,304506,1762180200000000000,1764353100070036943,1,19,24,v3_pre_gapfill,false,pc2_transfer/transfer/checksums.txt,59,e997eb101932c1fa9cc8a24d06716261,MATCH,pc2_transfer/transfer/checksums.txt:L59->pc2_transfer/transfer/data/zc/zc_snapshots_2025-11.parquet; transfer/checksums.txt:L59->transfer/data/zc/zc_snapshots_2025-11.parquet,,,,,,,
zc,2025-11,A_processed_FIXTURE_PATH,processed/zc/zc_snapshots_2025-11.parquet,C:\Users\ttbea\OneDrive\Desktop\MBO_2025\processed\zc\zc_snapshots_2025-11.parquet,13658481,2026-04-02T21:50:37Z,0e4ce42593093eeef3f74961c44bbdec144a71f81abb59d15282c250bbcebe2b,e997eb101932c1fa9cc8a24d06716261,14,19,1110050,304506,1762180200000000000,1764353100070036943,1,19,24,v3_pre_gapfill,true,NOT_COVERED,,"",NOT_COVERED,pc2_transfer/transfer/checksums.txt:L59->pc2_transfer/transfer/data/zc/zc_snapshots_2025-11.parquet; transfer/checksums.txt:L59->transfer/data/zc/zc_snapshots_2025-11.parquet,1,0,1,0,304506,1,0
zc,2025-11,G_transfer_data,transfer/data/zc/zc_snapshots_2025-11.parquet,C:\Users\ttbea\OneDrive\Desktop\MBO_2025\transfer\data\zc\zc_snapshots_2025-11.parquet,13658481,2026-04-07T15:26:14Z,0e4ce42593093eeef3f74961c44bbdec144a71f81abb59d15282c250bbcebe2b,e997eb101932c1fa9cc8a24d06716261,14,19,1110050,304506,1762180200000000000,1764353100070036943,1,19,24,v3_pre_gapfill,false,transfer/checksums.txt,59,e997eb101932c1fa9cc8a24d06716261,MATCH,pc2_transfer/transfer/checksums.txt:L59->pc2_transfer/transfer/data/zc/zc_snapshots_2025-11.parquet; transfer/checksums.txt:L59->transfer/data/zc/zc_snapshots_2025-11.parquet,,,,,,,
zc,2025-11,D_PC2_TRANSFER_v4,PC2_TRANSFER_v4/processed/zc/v4_gapfill/zc_snapshots_2025-11.parquet,C:\Users\ttbea\OneDrive\Desktop\MBO_2025\PC2_TRANSFER_v4\processed\zc\v4_gapfill\zc_snapshots_2025-11.parquet,15505705,2026-04-17T04:05:23Z,201dbb43adc70f82214370209721fb8ecc9952d1c4cb53a685b7555dea20c6ad,823bcad9d4b48b97a0a27395cf133b99,14,19,1188000,324000,1762178400000000000,1764183599000000000,0,17,24,v4_gapfill,false,PC2_TRANSFER_v4/manifest.csv,210,823bcad9d4b48b97a0a27395cf133b99,MATCH,PC2_TRANSFER_v4/manifest.csv:L210->PC2_TRANSFER_v4/processed/zc/v4_gapfill/zc_snapshots_2025-11.parquet; PC2_TRANSFER_v4/manifest.csv:L210->processed/zc/v4_gapfill/zc_snapshots_2025-11.parquet,,,,,,,
zc,2025-11,B_processed_v4_gapfill,processed/zc/v4_gapfill/zc_snapshots_2025-11.parquet,C:\Users\ttbea\OneDrive\Desktop\MBO_2025\processed\zc\v4_gapfill\zc_snapshots_2025-11.parquet,15505705,2026-04-17T04:05:23Z,201dbb43adc70f82214370209721fb8ecc9952d1c4cb53a685b7555dea20c6ad,823bcad9d4b48b97a0a27395cf133b99,14,19,1188000,324000,1762178400000000000,1764183599000000000,0,17,24,v4_gapfill,false,PC2_TRANSFER_v4/manifest.csv,210,823bcad9d4b48b97a0a27395cf133b99,MATCH,PC2_TRANSFER_v4/manifest.csv:L210->PC2_TRANSFER_v4/processed/zc/v4_gapfill/zc_snapshots_2025-11.parquet; PC2_TRANSFER_v4/manifest.csv:L210->processed/zc/v4_gapfill/zc_snapshots_2025-11.parquet,1,0,1,0,324000,1,0
zc,2025-12,E_pc2_transfer_processed,pc2_transfer/processed/zc/zc_snapshots_2025-12.parquet,C:\Users\ttbea\OneDrive\Desktop\MBO_2025\pc2_transfer\processed\zc\zc_snapshots_2025-12.parquet,14957104,2026-04-02T21:51:57Z,147e843a2f62474d3bee51dc5d5ee17f82f70e791ae04d0d449dd69533345f14,2866cba6ea1b25f03b82bf06066e3f91,14,19,1278384,353104,1764599399999704203,1767207599000000000,1,22,24,v3_pre_gapfill,false,NOT_COVERED,,"",NOT_COVERED,pc2_transfer/transfer/checksums.txt:L60->pc2_transfer/transfer/data/zc/zc_snapshots_2025-12.parquet; transfer/checksums.txt:L60->transfer/data/zc/zc_snapshots_2025-12.parquet,,,,,,,
zc,2025-12,F_pc2_transfer_transfer_data,pc2_transfer/transfer/data/zc/zc_snapshots_2025-12.parquet,C:\Users\ttbea\OneDrive\Desktop\MBO_2025\pc2_transfer\transfer\data\zc\zc_snapshots_2025-12.parquet,14957104,2026-04-07T15:26:14Z,147e843a2f62474d3bee51dc5d5ee17f82f70e791ae04d0d449dd69533345f14,2866cba6ea1b25f03b82bf06066e3f91,14,19,1278384,353104,1764599399999704203,1767207599000000000,1,22,24,v3_pre_gapfill,false,pc2_transfer/transfer/checksums.txt,60,2866cba6ea1b25f03b82bf06066e3f91,MATCH,pc2_transfer/transfer/checksums.txt:L60->pc2_transfer/transfer/data/zc/zc_snapshots_2025-12.parquet; transfer/checksums.txt:L60->transfer/data/zc/zc_snapshots_2025-12.parquet,,,,,,,
zc,2025-12,A_processed_FIXTURE_PATH,processed/zc/zc_snapshots_2025-12.parquet,C:\Users\ttbea\OneDrive\Desktop\MBO_2025\processed\zc\zc_snapshots_2025-12.parquet,14957104,2026-04-02T21:51:57Z,147e843a2f62474d3bee51dc5d5ee17f82f70e791ae04d0d449dd69533345f14,2866cba6ea1b25f03b82bf06066e3f91,14,19,1278384,353104,1764599399999704203,1767207599000000000,1,22,24,v3_pre_gapfill,true,NOT_COVERED,,"",NOT_COVERED,pc2_transfer/transfer/checksums.txt:L60->pc2_transfer/transfer/data/zc/zc_snapshots_2025-12.parquet; transfer/checksums.txt:L60->transfer/data/zc/zc_snapshots_2025-12.parquet,1,0,1,0,353103,2,1
zc,2025-12,G_transfer_data,transfer/data/zc/zc_snapshots_2025-12.parquet,C:\Users\ttbea\OneDrive\Desktop\MBO_2025\transfer\data\zc\zc_snapshots_2025-12.parquet,14957104,2026-04-07T15:26:14Z,147e843a2f62474d3bee51dc5d5ee17f82f70e791ae04d0d449dd69533345f14,2866cba6ea1b25f03b82bf06066e3f91,14,19,1278384,353104,1764599399999704203,1767207599000000000,1,22,24,v3_pre_gapfill,false,transfer/checksums.txt,60,2866cba6ea1b25f03b82bf06066e3f91,MATCH,pc2_transfer/transfer/checksums.txt:L60->pc2_transfer/transfer/data/zc/zc_snapshots_2025-12.parquet; transfer/checksums.txt:L60->transfer/data/zc/zc_snapshots_2025-12.parquet,,,,,,,
zc,2025-12,D_PC2_TRANSFER_v4,PC2_TRANSFER_v4/processed/zc/v4_gapfill/zc_snapshots_2025-12.parquet,C:\Users\ttbea\OneDrive\Desktop\MBO_2025\PC2_TRANSFER_v4\processed\zc\v4_gapfill\zc_snapshots_2025-12.parquet,17539440,2026-04-17T04:05:58Z,338cfc29efb83fcd25b1d463fe8d606cdbc237eca82f65019108e55867e0d594,96fee6f0c5a52b74b3de22f16e23781d,14,19,1407899,392702,1764597600000000000,1767207599000000000,1,22,24,v4_gapfill,false,PC2_TRANSFER_v4/manifest.csv,211,96fee6f0c5a52b74b3de22f16e23781d,MATCH,PC2_TRANSFER_v4/manifest.csv:L211->PC2_TRANSFER_v4/processed/zc/v4_gapfill/zc_snapshots_2025-12.parquet; PC2_TRANSFER_v4/manifest.csv:L211->processed/zc/v4_gapfill/zc_snapshots_2025-12.parquet,,,,,,,
zc,2025-12,B_processed_v4_gapfill,processed/zc/v4_gapfill/zc_snapshots_2025-12.parquet,C:\Users\ttbea\OneDrive\Desktop\MBO_2025\processed\zc\v4_gapfill\zc_snapshots_2025-12.parquet,17539440,2026-04-17T04:05:58Z,338cfc29efb83fcd25b1d463fe8d606cdbc237eca82f65019108e55867e0d594,96fee6f0c5a52b74b3de22f16e23781d,14,19,1407899,392702,1764597600000000000,1767207599000000000,1,22,24,v4_gapfill,false,PC2_TRANSFER_v4/manifest.csv,211,96fee6f0c5a52b74b3de22f16e23781d,MATCH,PC2_TRANSFER_v4/manifest.csv:L211->PC2_TRANSFER_v4/processed/zc/v4_gapfill/zc_snapshots_2025-12.parquet; PC2_TRANSFER_v4/manifest.csv:L211->processed/zc/v4_gapfill/zc_snapshots_2025-12.parquet,1,0,1,0,392701,2,1
zs,2025-01,E_pc2_transfer_processed,pc2_transfer/processed/zs/zs_snapshots_2025-01.parquet,C:\Users\ttbea\OneDrive\Desktop\MBO_2025\pc2_transfer\processed\zs\zs_snapshots_2025-01.parquet,16864637,2026-04-02T22:41:23Z,c753dd5776ac31d6cc60d6e04a9c170dbc17490d9775c3b1614927af198918cd,380e56acd99bc5a9bcdd69463dd7c6e1,14,19,1275375,337845,1735828199999701677,1738349999999364545,0,28,24,v3_pre_gapfill,false,NOT_COVERED,,"",NOT_COVERED,pc2_transfer/transfer/checksums.txt:L73->pc2_transfer/transfer/data/zs/zs_snapshots_2025-01.parquet; transfer/checksums.txt:L73->transfer/data/zs/zs_snapshots_2025-01.parquet,,,,,,,
zs,2025-01,F_pc2_transfer_transfer_data,pc2_transfer/transfer/data/zs/zs_snapshots_2025-01.parquet,C:\Users\ttbea\OneDrive\Desktop\MBO_2025\pc2_transfer\transfer\data\zs\zs_snapshots_2025-01.parquet,16864637,2026-04-07T15:26:12Z,c753dd5776ac31d6cc60d6e04a9c170dbc17490d9775c3b1614927af198918cd,380e56acd99bc5a9bcdd69463dd7c6e1,14,19,1275375,337845,1735828199999701677,1738349999999364545,0,28,24,v3_pre_gapfill,false,pc2_transfer/transfer/checksums.txt,73,380e56acd99bc5a9bcdd69463dd7c6e1,MATCH,pc2_transfer/transfer/checksums.txt:L73->pc2_transfer/transfer/data/zs/zs_snapshots_2025-01.parquet; transfer/checksums.txt:L73->transfer/data/zs/zs_snapshots_2025-01.parquet,,,,,,,
zs,2025-01,A_processed_FIXTURE_PATH,processed/zs/zs_snapshots_2025-01.parquet,C:\Users\ttbea\OneDrive\Desktop\MBO_2025\processed\zs\zs_snapshots_2025-01.parquet,16864637,2026-04-02T22:41:23Z,c753dd5776ac31d6cc60d6e04a9c170dbc17490d9775c3b1614927af198918cd,380e56acd99bc5a9bcdd69463dd7c6e1,14,19,1275375,337845,1735828199999701677,1738349999999364545,0,28,24,v3_pre_gapfill,true,NOT_COVERED,,"",NOT_COVERED,pc2_transfer/transfer/checksums.txt:L73->pc2_transfer/transfer/data/zs/zs_snapshots_2025-01.parquet; transfer/checksums.txt:L73->transfer/data/zs/zs_snapshots_2025-01.parquet,1,0,2,1,337845,1,0
zs,2025-01,G_transfer_data,transfer/data/zs/zs_snapshots_2025-01.parquet,C:\Users\ttbea\OneDrive\Desktop\MBO_2025\transfer\data\zs\zs_snapshots_2025-01.parquet,16864637,2026-04-07T15:26:12Z,c753dd5776ac31d6cc60d6e04a9c170dbc17490d9775c3b1614927af198918cd,380e56acd99bc5a9bcdd69463dd7c6e1,14,19,1275375,337845,1735828199999701677,1738349999999364545,0,28,24,v3_pre_gapfill,false,transfer/checksums.txt,73,380e56acd99bc5a9bcdd69463dd7c6e1,MATCH,pc2_transfer/transfer/checksums.txt:L73->pc2_transfer/transfer/data/zs/zs_snapshots_2025-01.parquet; transfer/checksums.txt:L73->transfer/data/zs/zs_snapshots_2025-01.parquet,,,,,,,
zs,2025-01,D_PC2_TRANSFER_v4,PC2_TRANSFER_v4/processed/zs/v4_gapfill/zs_snapshots_2025-01.parquet,C:\Users\ttbea\OneDrive\Desktop\MBO_2025\PC2_TRANSFER_v4\processed\zs\v4_gapfill\zs_snapshots_2025-01.parquet,19712085,2026-04-17T03:48:15Z,2022c1a66f9efbd96eb37a1f4fef73445eec798172ca2bfac7f28fee4f1390eb,d3fdcca2e87f7a1761310ff1a857bf94,14,19,1346211,378000,1735826400000000000,1738349999000000000,0,20,24,v4_gapfill,false,PC2_TRANSFER_v4/manifest.csv,224,d3fdcca2e87f7a1761310ff1a857bf94,MATCH,PC2_TRANSFER_v4/manifest.csv:L224->PC2_TRANSFER_v4/processed/zs/v4_gapfill/zs_snapshots_2025-01.parquet; PC2_TRANSFER_v4/manifest.csv:L224->processed/zs/v4_gapfill/zs_snapshots_2025-01.parquet,,,,,,,
zs,2025-01,B_processed_v4_gapfill,processed/zs/v4_gapfill/zs_snapshots_2025-01.parquet,C:\Users\ttbea\OneDrive\Desktop\MBO_2025\processed\zs\v4_gapfill\zs_snapshots_2025-01.parquet,19712085,2026-04-17T03:48:15Z,2022c1a66f9efbd96eb37a1f4fef73445eec798172ca2bfac7f28fee4f1390eb,d3fdcca2e87f7a1761310ff1a857bf94,14,19,1346211,378000,1735826400000000000,1738349999000000000,0,20,24,v4_gapfill,false,PC2_TRANSFER_v4/manifest.csv,224,d3fdcca2e87f7a1761310ff1a857bf94,MATCH,PC2_TRANSFER_v4/manifest.csv:L224->PC2_TRANSFER_v4/processed/zs/v4_gapfill/zs_snapshots_2025-01.parquet; PC2_TRANSFER_v4/manifest.csv:L224->processed/zs/v4_gapfill/zs_snapshots_2025-01.parquet,1,0,1,0,378000,1,0
zs,2025-08,E_pc2_transfer_processed,pc2_transfer/processed/zs/zs_snapshots_2025-08.parquet,C:\Users\ttbea\OneDrive\Desktop\MBO_2025\pc2_transfer\processed\zs\zs_snapshots_2025-08.parquet,18549845,2026-04-02T22:55:32Z,24f18811208d0c2383b68cdbbb954a8c59c8d1fba977017b018c4ed8588bd0d5,98e46f7f02bf6aa0c72e54f74b2b12f3,14,19,1597846,465382,1753712117996723553,1756491599828965401,223309,223544,24,v3_pre_gapfill,false,NOT_COVERED,,"",NOT_COVERED,pc2_transfer/transfer/checksums.txt:L80->pc2_transfer/transfer/data/zs/zs_snapshots_2025-08.parquet; transfer/checksums.txt:L80->transfer/data/zs/zs_snapshots_2025-08.parquet,,,,,,,
zs,2025-08,F_pc2_transfer_transfer_data,pc2_transfer/transfer/data/zs/zs_snapshots_2025-08.parquet,C:\Users\ttbea\OneDrive\Desktop\MBO_2025\pc2_transfer\transfer\data\zs\zs_snapshots_2025-08.parquet,18549845,2026-04-07T15:26:13Z,24f18811208d0c2383b68cdbbb954a8c59c8d1fba977017b018c4ed8588bd0d5,98e46f7f02bf6aa0c72e54f74b2b12f3,14,19,1597846,465382,1753712117996723553,1756491599828965401,223309,223544,24,v3_pre_gapfill,false,pc2_transfer/transfer/checksums.txt,80,98e46f7f02bf6aa0c72e54f74b2b12f3,MATCH,pc2_transfer/transfer/checksums.txt:L80->pc2_transfer/transfer/data/zs/zs_snapshots_2025-08.parquet; transfer/checksums.txt:L80->transfer/data/zs/zs_snapshots_2025-08.parquet,,,,,,,
zs,2025-08,A_processed_FIXTURE_PATH,processed/zs/zs_snapshots_2025-08.parquet,C:\Users\ttbea\OneDrive\Desktop\MBO_2025\processed\zs\zs_snapshots_2025-08.parquet,18549845,2026-04-02T22:55:32Z,24f18811208d0c2383b68cdbbb954a8c59c8d1fba977017b018c4ed8588bd0d5,98e46f7f02bf6aa0c72e54f74b2b12f3,14,19,1597846,465382,1753712117996723553,1756491599828965401,223309,223544,24,v3_pre_gapfill,true,NOT_COVERED,,"",NOT_COVERED,pc2_transfer/transfer/checksums.txt:L80->pc2_transfer/transfer/data/zs/zs_snapshots_2025-08.parquet; transfer/checksums.txt:L80->transfer/data/zs/zs_snapshots_2025-08.parquet,17,16,5,38055,333170,5,132212
zs,2025-08,G_transfer_data,transfer/data/zs/zs_snapshots_2025-08.parquet,C:\Users\ttbea\OneDrive\Desktop\MBO_2025\transfer\data\zs\zs_snapshots_2025-08.parquet,18549845,2026-04-07T15:26:13Z,24f18811208d0c2383b68cdbbb954a8c59c8d1fba977017b018c4ed8588bd0d5,98e46f7f02bf6aa0c72e54f74b2b12f3,14,19,1597846,465382,1753712117996723553,1756491599828965401,223309,223544,24,v3_pre_gapfill,false,transfer/checksums.txt,80,98e46f7f02bf6aa0c72e54f74b2b12f3,MATCH,pc2_transfer/transfer/checksums.txt:L80->pc2_transfer/transfer/data/zs/zs_snapshots_2025-08.parquet; transfer/checksums.txt:L80->transfer/data/zs/zs_snapshots_2025-08.parquet,,,,,,,
zs,2025-08,D_PC2_TRANSFER_v4,PC2_TRANSFER_v4/processed/zs/v4_gapfill/zs_snapshots_2025-08.parquet,C:\Users\ttbea\OneDrive\Desktop\MBO_2025\PC2_TRANSFER_v4\processed\zs\v4_gapfill\zs_snapshots_2025-08.parquet,21279719,2026-04-17T03:54:27Z,dea1f046afcee03161c3fad65eb62c194161483001d7aedc035e2a13c0fa1ed0,dbfa00384587ccc8879e9b055d48fdbc,14,19,1712400,366005,1754056800000000000,1756491599828965401,5,25,24,v4_gapfill,false,PC2_TRANSFER_v4/manifest.csv,231,dbfa00384587ccc8879e9b055d48fdbc,MATCH,PC2_TRANSFER_v4/manifest.csv:L231->PC2_TRANSFER_v4/processed/zs/v4_gapfill/zs_snapshots_2025-08.parquet; PC2_TRANSFER_v4/manifest.csv:L231->processed/zs/v4_gapfill/zs_snapshots_2025-08.parquet,,,,,,,
zs,2025-08,B_processed_v4_gapfill,processed/zs/v4_gapfill/zs_snapshots_2025-08.parquet,C:\Users\ttbea\OneDrive\Desktop\MBO_2025\processed\zs\v4_gapfill\zs_snapshots_2025-08.parquet,21279719,2026-04-17T03:54:27Z,dea1f046afcee03161c3fad65eb62c194161483001d7aedc035e2a13c0fa1ed0,dbfa00384587ccc8879e9b055d48fdbc,14,19,1712400,366005,1754056800000000000,1756491599828965401,5,25,24,v4_gapfill,false,PC2_TRANSFER_v4/manifest.csv,231,dbfa00384587ccc8879e9b055d48fdbc,MATCH,PC2_TRANSFER_v4/manifest.csv:L231->PC2_TRANSFER_v4/processed/zs/v4_gapfill/zs_snapshots_2025-08.parquet; PC2_TRANSFER_v4/manifest.csv:L231->processed/zs/v4_gapfill/zs_snapshots_2025-08.parquet,1,0,1,0,366000,2,5
zs,2025-09,E_pc2_transfer_processed,pc2_transfer/processed/zs/zs_snapshots_2025-09.parquet,C:\Users\ttbea\OneDrive\Desktop\MBO_2025\pc2_transfer\processed\zs\zs_snapshots_2025-09.parquet,17723228,2026-04-02T22:55:11Z,9403b667b57a74cb8f718ff2cb4fd3fa551ff52b592f902a02adb13a4a2d9b8e,f06faf7feb52a77b7ba0abebc79205e0,14,19,1529902,429466,1756738433137377027,1759256399853492819,179182,179210,24,v3_pre_gapfill,false,NOT_COVERED,,"",NOT_COVERED,pc2_transfer/transfer/checksums.txt:L81->pc2_transfer/transfer/data/zs/zs_snapshots_2025-09.parquet; transfer/checksums.txt:L81->transfer/data/zs/zs_snapshots_2025-09.parquet,,,,,,,
zs,2025-09,F_pc2_transfer_transfer_data,pc2_transfer/transfer/data/zs/zs_snapshots_2025-09.parquet,C:\Users\ttbea\OneDrive\Desktop\MBO_2025\pc2_transfer\transfer\data\zs\zs_snapshots_2025-09.parquet,17723228,2026-04-07T15:26:13Z,9403b667b57a74cb8f718ff2cb4fd3fa551ff52b592f902a02adb13a4a2d9b8e,f06faf7feb52a77b7ba0abebc79205e0,14,19,1529902,429466,1756738433137377027,1759256399853492819,179182,179210,24,v3_pre_gapfill,false,pc2_transfer/transfer/checksums.txt,81,f06faf7feb52a77b7ba0abebc79205e0,MATCH,pc2_transfer/transfer/checksums.txt:L81->pc2_transfer/transfer/data/zs/zs_snapshots_2025-09.parquet; transfer/checksums.txt:L81->transfer/data/zs/zs_snapshots_2025-09.parquet,,,,,,,
zs,2025-09,A_processed_FIXTURE_PATH,processed/zs/zs_snapshots_2025-09.parquet,C:\Users\ttbea\OneDrive\Desktop\MBO_2025\processed\zs\zs_snapshots_2025-09.parquet,17723228,2026-04-02T22:55:11Z,9403b667b57a74cb8f718ff2cb4fd3fa551ff52b592f902a02adb13a4a2d9b8e,f06faf7feb52a77b7ba0abebc79205e0,14,19,1529902,429466,1756738433137377027,1759256399853492819,179182,179210,24,v3_pre_gapfill,true,NOT_COVERED,,"",NOT_COVERED,pc2_transfer/transfer/checksums.txt:L81->pc2_transfer/transfer/data/zs/zs_snapshots_2025-09.parquet; transfer/checksums.txt:L81->transfer/data/zs/zs_snapshots_2025-09.parquet,18,17,5,28041,327670,5,101796
zs,2025-09,G_transfer_data,transfer/data/zs/zs_snapshots_2025-09.parquet,C:\Users\ttbea\OneDrive\Desktop\MBO_2025\transfer\data\zs\zs_snapshots_2025-09.parquet,17723228,2026-04-07T15:26:13Z,9403b667b57a74cb8f718ff2cb4fd3fa551ff52b592f902a02adb13a4a2d9b8e,f06faf7feb52a77b7ba0abebc79205e0,14,19,1529902,429466,1756738433137377027,1759256399853492819,179182,179210,24,v3_pre_gapfill,false,transfer/checksums.txt,81,f06faf7feb52a77b7ba0abebc79205e0,MATCH,pc2_transfer/transfer/checksums.txt:L81->pc2_transfer/transfer/data/zs/zs_snapshots_2025-09.parquet; transfer/checksums.txt:L81->transfer/data/zs/zs_snapshots_2025-09.parquet,,,,,,,
zs,2025-09,D_PC2_TRANSFER_v4,PC2_TRANSFER_v4/processed/zs/v4_gapfill/zs_snapshots_2025-09.parquet,C:\Users\ttbea\OneDrive\Desktop\MBO_2025\PC2_TRANSFER_v4\processed\zs\v4_gapfill\zs_snapshots_2025-09.parquet,21030080,2026-04-17T03:55:16Z,342db9bc0eb5624fb08bff6de1baf5d0ce4b43641c94e0d25e7f51f2153e523c,c03be206f45e8f40e4e6e7e34c155a6d,14,19,1732800,368404,1756821600000000000,1759258799000000000,4,24,24,v4_gapfill,false,PC2_TRANSFER_v4/manifest.csv,232,c03be206f45e8f40e4e6e7e34c155a6d,MATCH,PC2_TRANSFER_v4/manifest.csv:L232->PC2_TRANSFER_v4/processed/zs/v4_gapfill/zs_snapshots_2025-09.parquet; PC2_TRANSFER_v4/manifest.csv:L232->processed/zs/v4_gapfill/zs_snapshots_2025-09.parquet,,,,,,,
zs,2025-09,B_processed_v4_gapfill,processed/zs/v4_gapfill/zs_snapshots_2025-09.parquet,C:\Users\ttbea\OneDrive\Desktop\MBO_2025\processed\zs\v4_gapfill\zs_snapshots_2025-09.parquet,21030080,2026-04-17T03:55:16Z,342db9bc0eb5624fb08bff6de1baf5d0ce4b43641c94e0d25e7f51f2153e523c,c03be206f45e8f40e4e6e7e34c155a6d,14,19,1732800,368404,1756821600000000000,1759258799000000000,4,24,24,v4_gapfill,false,PC2_TRANSFER_v4/manifest.csv,232,c03be206f45e8f40e4e6e7e34c155a6d,MATCH,PC2_TRANSFER_v4/manifest.csv:L232->PC2_TRANSFER_v4/processed/zs/v4_gapfill/zs_snapshots_2025-09.parquet; PC2_TRANSFER_v4/manifest.csv:L232->processed/zs/v4_gapfill/zs_snapshots_2025-09.parquet,1,0,1,0,368400,2,4
zs,2025-10,E_pc2_transfer_processed,pc2_transfer/processed/zs/zs_snapshots_2025-10.parquet,C:\Users\ttbea\OneDrive\Desktop\MBO_2025\pc2_transfer\processed\zs\zs_snapshots_2025-10.parquet,20652732,2026-04-02T22:55:38Z,ff0e6150973afe02266d887e300ebfebec38d04295f2f0472cf44202122ac913,4e0f4e5a44edc756a89f715b4ddcc478,14,19,1749946,508911,1759154976576381811,1761934799992248615,250728,250887,24,v3_pre_gapfill,false,NOT_COVERED,,"",NOT_COVERED,pc2_transfer/transfer/checksums.txt:L82->pc2_transfer/transfer/data/zs/zs_snapshots_2025-10.parquet; transfer/checksums.txt:L82->transfer/data/zs/zs_snapshots_2025-10.parquet,,,,,,,
zs,2025-10,F_pc2_transfer_transfer_data,pc2_transfer/transfer/data/zs/zs_snapshots_2025-10.parquet,C:\Users\ttbea\OneDrive\Desktop\MBO_2025\pc2_transfer\transfer\data\zs\zs_snapshots_2025-10.parquet,20652732,2026-04-07T15:26:13Z,ff0e6150973afe02266d887e300ebfebec38d04295f2f0472cf44202122ac913,4e0f4e5a44edc756a89f715b4ddcc478,14,19,1749946,508911,1759154976576381811,1761934799992248615,250728,250887,24,v3_pre_gapfill,false,pc2_transfer/transfer/checksums.txt,82,4e0f4e5a44edc756a89f715b4ddcc478,MATCH,pc2_transfer/transfer/checksums.txt:L82->pc2_transfer/transfer/data/zs/zs_snapshots_2025-10.parquet; transfer/checksums.txt:L82->transfer/data/zs/zs_snapshots_2025-10.parquet,,,,,,,
zs,2025-10,A_processed_FIXTURE_PATH,processed/zs/zs_snapshots_2025-10.parquet,C:\Users\ttbea\OneDrive\Desktop\MBO_2025\processed\zs\zs_snapshots_2025-10.parquet,20652732,2026-04-02T22:55:38Z,ff0e6150973afe02266d887e300ebfebec38d04295f2f0472cf44202122ac913,4e0f4e5a44edc756a89f715b4ddcc478,14,19,1749946,508911,1759154976576381811,1761934799992248615,250728,250887,24,v3_pre_gapfill,true,NOT_COVERED,,"",NOT_COVERED,pc2_transfer/transfer/checksums.txt:L82->pc2_transfer/transfer/data/zs/zs_snapshots_2025-10.parquet; transfer/checksums.txt:L82->transfer/data/zs/zs_snapshots_2025-10.parquet,19,18,5,36213,365839,5,143072
zs,2025-10,G_transfer_data,transfer/data/zs/zs_snapshots_2025-10.parquet,C:\Users\ttbea\OneDrive\Desktop\MBO_2025\transfer\data\zs\zs_snapshots_2025-10.parquet,20652732,2026-04-07T15:26:13Z,ff0e6150973afe02266d887e300ebfebec38d04295f2f0472cf44202122ac913,4e0f4e5a44edc756a89f715b4ddcc478,14,19,1749946,508911,1759154976576381811,1761934799992248615,250728,250887,24,v3_pre_gapfill,false,transfer/checksums.txt,82,4e0f4e5a44edc756a89f715b4ddcc478,MATCH,pc2_transfer/transfer/checksums.txt:L82->pc2_transfer/transfer/data/zs/zs_snapshots_2025-10.parquet; transfer/checksums.txt:L82->transfer/data/zs/zs_snapshots_2025-10.parquet,,,,,,,
zs,2025-10,D_PC2_TRANSFER_v4,PC2_TRANSFER_v4/processed/zs/v4_gapfill/zs_snapshots_2025-10.parquet,C:\Users\ttbea\OneDrive\Desktop\MBO_2025\PC2_TRANSFER_v4\processed\zs\v4_gapfill\zs_snapshots_2025-10.parquet,23211336,2026-04-17T03:56:17Z,3b594668dbd7e1035d6c388b8e9ab193279cd62003f283cc8151419f3a3cb2b1,680feed833567b4abc21d8b43a5fec6c,14,19,1885200,402005,1759327200000000000,1761934799992248615,5,27,24,v4_gapfill,false,PC2_TRANSFER_v4/manifest.csv,233,680feed833567b4abc21d8b43a5fec6c,MATCH,PC2_TRANSFER_v4/manifest.csv:L233->PC2_TRANSFER_v4/processed/zs/v4_gapfill/zs_snapshots_2025-10.parquet; PC2_TRANSFER_v4/manifest.csv:L233->processed/zs/v4_gapfill/zs_snapshots_2025-10.parquet,,,,,,,
zs,2025-10,B_processed_v4_gapfill,processed/zs/v4_gapfill/zs_snapshots_2025-10.parquet,C:\Users\ttbea\OneDrive\Desktop\MBO_2025\processed\zs\v4_gapfill\zs_snapshots_2025-10.parquet,23211336,2026-04-17T03:56:17Z,3b594668dbd7e1035d6c388b8e9ab193279cd62003f283cc8151419f3a3cb2b1,680feed833567b4abc21d8b43a5fec6c,14,19,1885200,402005,1759327200000000000,1761934799992248615,5,27,24,v4_gapfill,false,PC2_TRANSFER_v4/manifest.csv,233,680feed833567b4abc21d8b43a5fec6c,MATCH,PC2_TRANSFER_v4/manifest.csv:L233->PC2_TRANSFER_v4/processed/zs/v4_gapfill/zs_snapshots_2025-10.parquet; PC2_TRANSFER_v4/manifest.csv:L233->processed/zs/v4_gapfill/zs_snapshots_2025-10.parquet,1,0,1,0,402000,2,5
zs,2025-11,E_pc2_transfer_processed,pc2_transfer/processed/zs/zs_snapshots_2025-11.parquet,C:\Users\ttbea\OneDrive\Desktop\MBO_2025\pc2_transfer\processed\zs\zs_snapshots_2025-11.parquet,14362218,2026-04-02T22:57:18Z,6fa36b8d63ac402909caae4f4c019afd18f45ed4d60f2bd001f66a470843ee1f,a2a05776e8db56470ca39c65db4179df,14,19,1147470,304506,1762180200000000000,1764353100070036943,1,19,24,v3_pre_gapfill,false,NOT_COVERED,,"",NOT_COVERED,pc2_transfer/transfer/checksums.txt:L83->pc2_transfer/transfer/data/zs/zs_snapshots_2025-11.parquet; transfer/checksums.txt:L83->transfer/data/zs/zs_snapshots_2025-11.parquet,,,,,,,
zs,2025-11,F_pc2_transfer_transfer_data,pc2_transfer/transfer/data/zs/zs_snapshots_2025-11.parquet,C:\Users\ttbea\OneDrive\Desktop\MBO_2025\pc2_transfer\transfer\data\zs\zs_snapshots_2025-11.parquet,14362218,2026-04-07T15:26:13Z,6fa36b8d63ac402909caae4f4c019afd18f45ed4d60f2bd001f66a470843ee1f,a2a05776e8db56470ca39c65db4179df,14,19,1147470,304506,1762180200000000000,1764353100070036943,1,19,24,v3_pre_gapfill,false,pc2_transfer/transfer/checksums.txt,83,a2a05776e8db56470ca39c65db4179df,MATCH,pc2_transfer/transfer/checksums.txt:L83->pc2_transfer/transfer/data/zs/zs_snapshots_2025-11.parquet; transfer/checksums.txt:L83->transfer/data/zs/zs_snapshots_2025-11.parquet,,,,,,,
zs,2025-11,A_processed_FIXTURE_PATH,processed/zs/zs_snapshots_2025-11.parquet,C:\Users\ttbea\OneDrive\Desktop\MBO_2025\processed\zs\zs_snapshots_2025-11.parquet,14362218,2026-04-02T22:57:18Z,6fa36b8d63ac402909caae4f4c019afd18f45ed4d60f2bd001f66a470843ee1f,a2a05776e8db56470ca39c65db4179df,14,19,1147470,304506,1762180200000000000,1764353100070036943,1,19,24,v3_pre_gapfill,true,NOT_COVERED,,"",NOT_COVERED,pc2_transfer/transfer/checksums.txt:L83->pc2_transfer/transfer/data/zs/zs_snapshots_2025-11.parquet; transfer/checksums.txt:L83->transfer/data/zs/zs_snapshots_2025-11.parquet,1,0,1,0,304506,1,0
zs,2025-11,G_transfer_data,transfer/data/zs/zs_snapshots_2025-11.parquet,C:\Users\ttbea\OneDrive\Desktop\MBO_2025\transfer\data\zs\zs_snapshots_2025-11.parquet,14362218,2026-04-07T15:26:13Z,6fa36b8d63ac402909caae4f4c019afd18f45ed4d60f2bd001f66a470843ee1f,a2a05776e8db56470ca39c65db4179df,14,19,1147470,304506,1762180200000000000,1764353100070036943,1,19,24,v3_pre_gapfill,false,transfer/checksums.txt,83,a2a05776e8db56470ca39c65db4179df,MATCH,pc2_transfer/transfer/checksums.txt:L83->pc2_transfer/transfer/data/zs/zs_snapshots_2025-11.parquet; transfer/checksums.txt:L83->transfer/data/zs/zs_snapshots_2025-11.parquet,,,,,,,
zs,2025-11,D_PC2_TRANSFER_v4,PC2_TRANSFER_v4/processed/zs/v4_gapfill/zs_snapshots_2025-11.parquet,C:\Users\ttbea\OneDrive\Desktop\MBO_2025\PC2_TRANSFER_v4\processed\zs\v4_gapfill\zs_snapshots_2025-11.parquet,16703606,2026-04-17T03:57:05Z,27db3c8a404331ce2a744c19787e41e80a201decccfd159da396ec067fa290a9,7d24672f494dd9a245bad934f4d8be17,14,19,1188000,324000,1762178400000000000,1764183599000000000,0,17,24,v4_gapfill,false,PC2_TRANSFER_v4/manifest.csv,234,7d24672f494dd9a245bad934f4d8be17,MATCH,PC2_TRANSFER_v4/manifest.csv:L234->PC2_TRANSFER_v4/processed/zs/v4_gapfill/zs_snapshots_2025-11.parquet; PC2_TRANSFER_v4/manifest.csv:L234->processed/zs/v4_gapfill/zs_snapshots_2025-11.parquet,,,,,,,
zs,2025-11,B_processed_v4_gapfill,processed/zs/v4_gapfill/zs_snapshots_2025-11.parquet,C:\Users\ttbea\OneDrive\Desktop\MBO_2025\processed\zs\v4_gapfill\zs_snapshots_2025-11.parquet,16703606,2026-04-17T03:57:05Z,27db3c8a404331ce2a744c19787e41e80a201decccfd159da396ec067fa290a9,7d24672f494dd9a245bad934f4d8be17,14,19,1188000,324000,1762178400000000000,1764183599000000000,0,17,24,v4_gapfill,false,PC2_TRANSFER_v4/manifest.csv,234,7d24672f494dd9a245bad934f4d8be17,MATCH,PC2_TRANSFER_v4/manifest.csv:L234->PC2_TRANSFER_v4/processed/zs/v4_gapfill/zs_snapshots_2025-11.parquet; PC2_TRANSFER_v4/manifest.csv:L234->processed/zs/v4_gapfill/zs_snapshots_2025-11.parquet,1,0,1,0,324000,1,0
zs,2025-12,E_pc2_transfer_processed,pc2_transfer/processed/zs/zs_snapshots_2025-12.parquet,C:\Users\ttbea\OneDrive\Desktop\MBO_2025\pc2_transfer\processed\zs\zs_snapshots_2025-12.parquet,14833376,2026-04-02T22:56:54Z,53ef73debe3f020667f2271cd4009df1c93015f1b54ef7faea7f3408661b8947,6a28789a4f1c056bff413bda338ea80f,14,19,1310670,353104,1764599400000000000,1767207599000000000,1,22,24,v3_pre_gapfill,false,NOT_COVERED,,"",NOT_COVERED,pc2_transfer/transfer/checksums.txt:L84->pc2_transfer/transfer/data/zs/zs_snapshots_2025-12.parquet; transfer/checksums.txt:L84->transfer/data/zs/zs_snapshots_2025-12.parquet,,,,,,,
zs,2025-12,F_pc2_transfer_transfer_data,pc2_transfer/transfer/data/zs/zs_snapshots_2025-12.parquet,C:\Users\ttbea\OneDrive\Desktop\MBO_2025\pc2_transfer\transfer\data\zs\zs_snapshots_2025-12.parquet,14833376,2026-04-07T15:26:13Z,53ef73debe3f020667f2271cd4009df1c93015f1b54ef7faea7f3408661b8947,6a28789a4f1c056bff413bda338ea80f,14,19,1310670,353104,1764599400000000000,1767207599000000000,1,22,24,v3_pre_gapfill,false,pc2_transfer/transfer/checksums.txt,84,6a28789a4f1c056bff413bda338ea80f,MATCH,pc2_transfer/transfer/checksums.txt:L84->pc2_transfer/transfer/data/zs/zs_snapshots_2025-12.parquet; transfer/checksums.txt:L84->transfer/data/zs/zs_snapshots_2025-12.parquet,,,,,,,
zs,2025-12,A_processed_FIXTURE_PATH,processed/zs/zs_snapshots_2025-12.parquet,C:\Users\ttbea\OneDrive\Desktop\MBO_2025\processed\zs\zs_snapshots_2025-12.parquet,14833376,2026-04-02T22:56:54Z,53ef73debe3f020667f2271cd4009df1c93015f1b54ef7faea7f3408661b8947,6a28789a4f1c056bff413bda338ea80f,14,19,1310670,353104,1764599400000000000,1767207599000000000,1,22,24,v3_pre_gapfill,true,NOT_COVERED,,"",NOT_COVERED,pc2_transfer/transfer/checksums.txt:L84->pc2_transfer/transfer/data/zs/zs_snapshots_2025-12.parquet; transfer/checksums.txt:L84->transfer/data/zs/zs_snapshots_2025-12.parquet,1,0,1,0,353104,1,0
zs,2025-12,G_transfer_data,transfer/data/zs/zs_snapshots_2025-12.parquet,C:\Users\ttbea\OneDrive\Desktop\MBO_2025\transfer\data\zs\zs_snapshots_2025-12.parquet,14833376,2026-04-07T15:26:13Z,53ef73debe3f020667f2271cd4009df1c93015f1b54ef7faea7f3408661b8947,6a28789a4f1c056bff413bda338ea80f,14,19,1310670,353104,1764599400000000000,1767207599000000000,1,22,24,v3_pre_gapfill,false,transfer/checksums.txt,84,6a28789a4f1c056bff413bda338ea80f,MATCH,pc2_transfer/transfer/checksums.txt:L84->pc2_transfer/transfer/data/zs/zs_snapshots_2025-12.parquet; transfer/checksums.txt:L84->transfer/data/zs/zs_snapshots_2025-12.parquet,,,,,,,
zs,2025-12,D_PC2_TRANSFER_v4,PC2_TRANSFER_v4/processed/zs/v4_gapfill/zs_snapshots_2025-12.parquet,C:\Users\ttbea\OneDrive\Desktop\MBO_2025\PC2_TRANSFER_v4\processed\zs\v4_gapfill\zs_snapshots_2025-12.parquet,17445727,2026-04-17T03:57:47Z,451df07844659d44ae379ed06ea82bf2efc36e45f4c3b7746b5f5181f2ee4a46,60363dd46f0624cdaadcbb0a9e94acad,14,19,1407900,392702,1764597600000000000,1767207599000000000,1,22,24,v4_gapfill,false,PC2_TRANSFER_v4/manifest.csv,235,60363dd46f0624cdaadcbb0a9e94acad,MATCH,PC2_TRANSFER_v4/manifest.csv:L235->PC2_TRANSFER_v4/processed/zs/v4_gapfill/zs_snapshots_2025-12.parquet; PC2_TRANSFER_v4/manifest.csv:L235->processed/zs/v4_gapfill/zs_snapshots_2025-12.parquet,,,,,,,
zs,2025-12,B_processed_v4_gapfill,processed/zs/v4_gapfill/zs_snapshots_2025-12.parquet,C:\Users\ttbea\OneDrive\Desktop\MBO_2025\processed\zs\v4_gapfill\zs_snapshots_2025-12.parquet,17445727,2026-04-17T03:57:47Z,451df07844659d44ae379ed06ea82bf2efc36e45f4c3b7746b5f5181f2ee4a46,60363dd46f0624cdaadcbb0a9e94acad,14,19,1407900,392702,1764597600000000000,1767207599000000000,1,22,24,v4_gapfill,false,PC2_TRANSFER_v4/manifest.csv,235,60363dd46f0624cdaadcbb0a9e94acad,MATCH,PC2_TRANSFER_v4/manifest.csv:L235->PC2_TRANSFER_v4/processed/zs/v4_gapfill/zs_snapshots_2025-12.parquet; PC2_TRANSFER_v4/manifest.csv:L235->processed/zs/v4_gapfill/zs_snapshots_2025-12.parquet,1,0,1,0,392701,2,1
